Name,Email,Address,Phone Number
Michael Morse,russellemily@hotmail.com,"6743 Eaton Spur Suite 421 Port Daniel, GA 74600",7276186794
Hunter Cooper,scottphilip@gmail.com,"65940 Ward Mountain Suite 941 Anitachester, NM 87233",7598563085
Richard Tate,troymckee@vaughn-smith.info,"2601 Melanie Harbor Suite 261 North Jamesfort, MI 51952",6749734326
Nathaniel Brown,milleralexander@johnson.net,"53490 Bender Pass Port Johnborough, MT 51933",3639715011
Ashley Kirk,dana28@powell.com,"819 Susan Road Elizabethbury, UT 40634",3436887849
Patrick Mitchell,fgeorge@hotmail.com,"057 Ortiz Pine Aguilarstad, ID 86364",0976088652
Emma Taylor,nicole08@hotmail.com,"6075 Sanders Pike Suite 077 New Johnville, NE 04665",6746116570
Marcia Moore,murraymelissa@hotmail.com,"89029 Mckenzie Manor Nicoleton, ME 21240",3040149458
Ryan Goodwin,aimee02@hotmail.com,"0908 Michele Overpass Suite 884 Port Robertbury, OH 87620",7147738597
Patricia Barnes,tiffanyhess@mckinney-young.com,"USS Scott FPO AP 61171",8729547766
James Carlson,parkerkaren@hughes.com,"293 Flowers Islands Apt. 224 Lake Robertbury, TX 16743",5855711565
Sandra Wilson,collierstacy@lamb-gonzalez.biz,"079 Bush Oval West Vickieberg, WV 57187",1941169346
Sydney Allen,ibrown@gmail.com,"98415 Gabriella Port Apt. 408 Caseymouth, IN 89807",7338665944
Christopher Nolan,cbishop@garza-perry.info,"9511 Robert Spurs Apt. 462 North Kelly, NE 67987",3268552727
Katherine Williams,tyler99@gmail.com,"785 Bradley Parkway Apt. 262 Anthonyborough, NE 36714",7962467443
Matthew Hamilton,caitlinmcdaniel@murphy-jenkins.info,"69017 Chang Course Apt. 336 Kennethstad, WI 81770",5858543773
Gregory Gardner,meyerkimberly@gmail.com,"419 Devon Villages New Donna, PA 87518",9939397687
Darin Thomas,gilesanna@terry.com,"93136 Jamie Mission Apt. 693 North Ryanstad, NM 40946",3322496827
Amanda Spencer,ylong@wise.org,"071 Atkins Viaduct East Stephen, ND 39401",9932298537
Christopher Henry,denisegonzales@yahoo.com,"984 Mason Dam Apt. 752 Warrentown, NC 14200",6241175612
Karen Martinez,areeves@mills-lyons.com,"99261 Joshua Underpass New Alan, TN 43137",6105549167
Frederick George,romerodanielle@woods.com,"PSC 3408, Box 2441 APO AA 77274",2305641796
Ricardo Butler,littlethomas@gmail.com,"74658 White Light Apt. 232 Nunezside, CA 45370",5941156845
Nathan Clark,longnichole@thomas.biz,"69860 Kathleen Stream Taylorview, UT 62212",3219530424
Robert Long,fclark@dominguez.info,"632 Jennifer Radial Apt. 772 Stephanieshire, KS 39320",3311375622
Theresa Ritter,bauerhayley@cordova.com,"56087 Brooks Village Lake Williamshire, OH 62851",2969526691
Matthew Scott,john36@hall.com,"199 Mason View Suite 539 Brandonbury, OH 37209",7760581145
Jennifer Wagner,nicholas32@yahoo.com,"074 Conley Trace Apt. 903 North Troy, KY 62919",3419114826
Jocelyn Armstrong,fjames@gmail.com,"5707 Raymond Terrace Suite 578 New Bridget, AK 50737",0089834675
Beth Bailey,kenttanya@yahoo.com,"911 Vance Fall Christophermouth, MO 91937",1569061531
Gloria Peterson,hcarlson@gmail.com,"065 Robert Junctions South Gabriellachester, SD 04589",4287817578
Edward Barker,alyssaaustin@yahoo.com,"90919 James Crescent Suite 932 Lake Ronaldfurt, NH 29214",7479703705
Erika Martinez,shanebray@hotmail.com,"Unit 4330 Box 3469 DPO AA 82230",2697657667
Thomas Cameron,fwilliams@yahoo.com,"012 Santiago Meadow Bradshawfurt, UT 35833",5764350379
Stephanie Williams,sellerscarol@gmail.com,"9361 Cook Lane Suite 928 New Pamelaport, AK 36769",4681004410
Cheryl White,williamperez@gmail.com,"99908 George Squares Michaelview, MA 11627",0909609509
Shelby Stone,michaelyang@hotmail.com,"4538 Thomas Forge North Franciscoville, SC 79520",0615013603
Robert Bush,matthewdorsey@gmail.com,"PSC 0089, Box 4172 APO AA 54372",9847941064
Austin Gonzalez,eric08@yahoo.com,"2858 Jamie Ford Suite 225 West Victoria, TX 57326",6442014523
Cynthia Butler,matthewbauer@robinson.org,"3217 Calvin Shoal Brendanshire, MO 32888",8541802095
Kimberly Moore,odonnellamanda@conway-kennedy.info,"USCGC Fields FPO AE 05601",9084810814
Luke Fields,pmeyer@park.com,"2974 Gibson Court New Johntown, WI 25189",5029642960
Mary Fitzgerald,watersmichael@summers.com,"663 Autumn Fork Suite 529 East Nataliehaven, CO 07609",5958879834
Timothy Watson,michellewilson@yahoo.com,"4595 Sanchez Overpass East Frederick, AK 98097",2406940389
Kimberly Jones,ericsalazar@cole.com,"556 Jackson Squares Markside, ND 93989",8755362664
Kelly Jordan,maria02@hotmail.com,"484 Kenneth Cape Davismouth, DC 73252",3169540579
Erica Conrad,tonya35@russell.com,"00006 Stephanie Hill North Carol, ID 90483",9666477757
Jason Bowman,gregoryleslie@smith.biz,"753 Nguyen Valley Garciachester, WA 45342",4770336169
Austin Smith,rachel18@gamble.org,"593 Andrea Courts Suite 859 Ryanview, NH 95232",8453411119
Anna Martinez,jenna73@gmail.com,"972 Edwards Heights Catherineport, MN 64875",6380177745
Rachel Case,arthur23@green.com,"66555 Russell Throughway Larrystad, WA 89297",7520157291
Julie Johnson,selenadavis@silva.biz,"14454 Jimmy Vista Rebeccaberg, LA 43956",0120719708
Jamie Oliver,tonyarodriguez@yahoo.com,"5572 Ricardo Rest Apt. 148 New Katrina, NM 87014",5000343989
Juan Hart,esmith@yahoo.com,"07386 Moore Run Perkinsmouth, NC 05121",5729682571
Dr. Erin Vaughn,torresjames@johnson.com,"USS Keller FPO AP 35616",0811278773
Katie Le,knewman@yahoo.com,"7030 Darryl Gardens Smithland, MO 21489",7333571641
Elizabeth Jones,vgriffin@walton.net,"6502 Robinson Lakes Suite 750 Taylorburgh, AK 36808",0027604792
Jonathan Everett,ricardo47@velazquez.com,"0077 Erin Summit Suite 702 Shanetown, MI 60072",5211981687
Joseph Glenn,brownjames@yahoo.com,"47919 Derrick Estates Suite 081 Kramerborough, AZ 06103",6384581023
Alexa Rivera,michelegonzales@osborne-jackson.com,"55232 Alex Curve South Heather, DC 98356",1549822263
Wendy Hernandez,chamberserik@hotmail.com,"3790 Melissa Hollow Rayton, WI 52224",5366350044
Michael Ferrell,preynolds@zhang.org,"46568 Williams Plains Suite 799 Lake Sarahshire, UT 75652",1123627601
Emily Wolfe,andersonnancy@miller.org,"7195 Tran Crossroad Port Justinmouth, ND 31059",4698990057
Angela Hicks,twatson@peterson.com,"0736 Williams Loaf Mcgeetown, KS 84124",6596997593
Gregory Walker,morenokimberly@hotmail.com,"682 Fletcher Parkway Apt. 648 Michelleton, NV 27828",7373156282
Michael Wiggins,zgraham@lopez.com,"37859 Nielsen Extensions New Elizabeth, AL 46898",1584431961
Natalie Cruz,rodneyking@king.org,"5611 Joanne Green Apt. 641 New Christopher, MA 02184",8715958409
Casey Robinson,lindsey49@gmail.com,"44350 Mclaughlin Stream Apt. 146 Ericahaven, DC 21715",1544555243
Shelley Morrison,sandra66@harvey-lewis.com,"01248 Lopez Lodge Kingland, MI 61110",6560008949
Luke Arnold,cbryant@hotmail.com,"267 Katie Mall Suite 774 West Lisafurt, OK 04260",0892102271
Whitney Nguyen,amyconway@hotmail.com,"632 Bell Islands South Gordon, MT 67718",6676445641
John Smith,samantha59@hotmail.com,"6626 Padilla Court Suite 009 Lake Michaelville, GA 18266",5236451383
Casey Evans,vsimmons@yahoo.com,"26146 Justin Skyway Suite 501 Hillbury, NE 83188",1182350621
Caleb Villarreal,walkersean@yahoo.com,"59039 Whitney Junction Suite 439 Anthonyton, VA 78075",9741851201
Brian Greene,qrangel@andrews-johnson.com,"906 Eduardo Isle Port Maureen, IA 36248",1971060927
Jamie Williamson,kingdon@smith.com,"392 Richmond Lake Apt. 050 Doylehaven, KS 32400",5843805736
Adam Johnson,palmercatherine@matthews-navarro.info,"452 Lisa Village Stevenfort, KS 25533",1352201298
Mr. Joseph Sanchez,steven62@gmail.com,"97374 Mcintosh Street Lake Jennifermouth, ND 71802",9065154852
Diane Mcdaniel,meyercody@morgan.com,"035 Rebecca Skyway Suite 132 West Tanya, VA 87988",8461519993
Tiffany Levy,barbara01@blevins.org,"61159 Jason Courts Jackieside, IA 83081",4880440333
Linda Blake DVM,lorettaford@hotmail.com,"375 Meadows Grove South Krystal, CT 83962",8822331766
Stephanie Wilson,johnfischer@brown.com,"849 Lopez Oval Suite 445 Deckerstad, GA 84444",2971708051
Tara Sims,johnmartinez@gmail.com,"21420 Johnny Field Suite 641 Port Michael, OH 90011",0572496118
Michael Rangel,mforbes@yahoo.com,"563 Holly Land Apt. 799 North Crystal, MS 34567",4004079131
Maria Mason,yalexander@hotmail.com,"11201 Sandra Spur Apt. 935 New Ann, WI 93978",3840183829
Sherri Savage,jstewart@hotmail.com,"PSC 3423, Box 7237 APO AE 94378",6807655876
Corey Reilly,maysandrew@yahoo.com,"4940 Amber Flats Apt. 638 South Josephfort, TN 82551",0873115397
Daniel Lee,krichardson@rivera.com,"7814 Alexander Estates Suite 012 Hamiltonton, NV 06068",3837132256
Jessica Beasley,jamesosborne@mendez-johnson.net,"9174 Osborn Forge Lake Todd, TN 54619",7604925290
Ana Todd,xholmes@murray.com,"216 Derek Locks Suite 957 Marshallborough, CO 43506",8574706892
Brent Edwards,bethany52@yahoo.com,"34940 Foster Route Suite 218 Greenstad, IN 55003",6316764949
Chelsey Ashley,mitchellrobert@gmail.com,"0558 Angela Road Scottfort, MO 56316",4150630132
Nancy Sheppard,monica79@campbell-wilson.com,"477 Ray Glen Suite 953 New Austin, DC 83840",8605168263
Kenneth Collins,xarcher@hotmail.com,"62898 Howard Gardens East Cynthia, MS 18245",6959052034
Dominique Gilbert DDS,ataylor@gmail.com,"PSC 3787, Box 7181 APO AP 79702",7254849416
Sarah Rivera,michael74@hardy-contreras.org,"641 Alexandra Grove Apt. 734 Lake Gregory, CA 87943",5508115123
Jamie Monroe,chadgarcia@gmail.com,"5869 John Hills Ortizbury, WA 21709",0951635950
Amanda Mcguire,edwinclark@ortiz.biz,"7864 Kevin Islands Apt. 954 Belindaton, AZ 75155",4749995277
Katelyn Valdez,kpeck@hotmail.com,"PSC 0247, Box 8913 APO AA 66113",7889879593
Amanda Mitchell,andersonmelissa@cardenas.com,"710 Riley Stream East Jamesfurt, MS 44198",1720017270
Ashley Terry,wbennett@hotmail.com,"Unit 6187 Box 9173 DPO AE 29011",0244424727
Phillip Lee,annaflores@holt.org,"USCGC Jackson FPO AE 27916",5547411699
William Clarke,crystal98@wagner-crawford.com,"022 Ballard View Baileymouth, AZ 39521",3959883198
Cheryl Mack,phillip77@walters-perez.com,"22817 Sullivan Drives Apt. 181 East Sarah, DE 11270",1964215187
Christina Keith,carlacarter@hotmail.com,"7664 Timothy Stream Lake Nancyborough, OH 59954",6855765182
Miguel Contreras,harrisvictor@gmail.com,"569 Mathews Creek Suite 836 East Karen, SC 75437",5274421075
Paul Johnson,lynchrobert@chang.com,"03587 Benjamin Streets Suite 827 East Christopherborough, LA 28700",0389256692
Jessica Williams,katrina29@yahoo.com,"43044 Michelle Parks New Bethanytown, NJ 99313",4998965202
Kyle Foley,williamsdonald@doyle.com,"39948 Scott Stream Apt. 886 West Lori, RI 33634",9495593651
David Banks,lorettahall@garcia.com,"686 Trevino Mountain Apt. 242 Lake Michaelstad, AR 88044",6274407926
Rachel Clark,montgomerytracy@johnson.com,"293 Austin Spur Suite 994 Dustinview, TN 08354",2898462694
John Weaver,fmedina@harper.net,"98460 John Junctions Suite 174 Weberberg, ID 76518",1135063515
Steven Bautista,zvargas@hotmail.com,"310 Newman Stravenue Port Coltonside, SD 44309",2691430815
Dr. Caleb Todd,smithtracy@yahoo.com,"05519 Le Port Apt. 195 Davidhaven, TX 73974",7225696735
Karen Bell,stephenwilliams@mosley.com,"669 Jason Station Jamesbury, LA 75979",4204287033
Joseph Marshall,michellemays@ayers.net,"78655 Williams Dam Apt. 830 New Justinhaven, RI 33595",7910911784
Terri Arroyo,brandon69@simon-young.biz,"110 Summers Court Apt. 900 Oliverchester, NV 89784",8195325780
Daniel Smith,jason22@strong.com,"399 Rebecca Squares Apt. 917 Normaville, WV 06241",4283383608
Amy Morgan,gabrielle16@hotmail.com,"07534 Christopher Roads Amandaview, MS 07047",4677191083
Joseph Johnson,scott81@taylor.info,"14930 Austin Springs New Graceburgh, RI 69845",3008110463
Jose Harris,markolson@hotmail.com,"504 Monroe Run Suite 370 Denisemouth, WV 60558",7427962511
Scott Griffin,christopherlewis@mercer.biz,"0491 Sharp Knolls East Timothyland, KY 13500",0209253780
Caleb Smith,daniel61@hotmail.com,"290 Christine Forks Suite 428 Norrisburgh, MD 00734",3454933185
David Combs,eramirez@hubbard-duncan.info,"923 Gonzalez Burgs North Corey, WV 14298",3859473675
Stephanie Brown,bhernandez@watson-floyd.biz,"PSC 6572, Box 7042 APO AP 39385",5431883442
Robert Hansen,wardderek@duncan-evans.biz,"37775 Jacobson Radial Erikhaven, AZ 23183",6663820206
Kim Kent,nguyenrobert@gmail.com,"01335 Bethany Mount Apt. 689 Port Joshua, NM 25277",5392962718
James Sharp,dmedina@russo.com,"01467 Smith Glen Apt. 840 Port Brandonchester, IL 30535",2335109310
Christian Schroeder,hannahbennett@hotmail.com,"392 Ferguson Island Apt. 834 Port Linda, MO 75052",4009552315
Sarah Simmons,gonzalezandrea@yahoo.com,"Unit 4094 Box 3241 DPO AA 43026",0484753781
Cindy Walker,marissa04@gmail.com,"4625 Michelle Summit Scottland, MD 67051",2640920051
Cynthia Phillips,elizabethwalker@short.com,"5069 Aaron Parkways Suite 498 East Danielport, AL 21608",2411450627
Alyssa Flynn,paul36@martinez.net,"610 Richard Tunnel Apt. 412 North Tanyaton, IL 06850",8742251912
Paige Meyer,jill82@gmail.com,"26889 Miller Parkway Suite 425 Brentchester, NE 51696",2028707701
Michael Cox,hannah67@weaver.com,"8071 Jeremy Skyway Suite 019 South Troy, UT 57810",9863579896
Kayla Martin,matthew61@kim-hunt.biz,"15969 Barber Highway Suite 671 North Leonardton, WA 20483",8360538467
John Bowen,rtaylor@hotmail.com,"082 Harris Ridges Morrisburgh, HI 31634",6891600517
Christopher Wood,stacyjones@hutchinson-mccarthy.com,"72512 Garcia Lodge Suite 069 Alexside, NE 10325",1131451781
Chad Frey,sierra43@ramos.net,"7301 William Ferry Suite 609 Stevenport, MA 24231",0842201625
Rodney Murphy,teresa01@yahoo.com,"3871 Kimberly Curve Brownbury, SD 87780",5688507549
Nancy Smith,theresabrown@yahoo.com,"PSC 3902, Box 3515 APO AA 44539",5267509967
Jasmin Conner,herrerajames@sanders-long.org,"59703 Yates Forge Port Anthony, TX 28923",5219429702
Rachel Rice,lisa27@yahoo.com,"2942 Jeffrey Summit Jeffersonton, NH 63347",3597241780
Cheryl Acosta,schmidtnicole@morse.com,"55986 Wright Oval Suite 025 Johnsonshire, RI 84607",9771748264
Heidi Sparks,rojaseric@wilson.com,"4677 Hernandez Extensions Lopezview, WI 94443",6565891325
Paul Brown,christopher80@gonzalez-wallace.org,"36223 French Estate Port John, MS 92410",1336594251
Darren Cook,lisa37@hotmail.com,"08520 Nguyen Inlet New Jasonland, DE 17110",0623168584
Jasmine Miller,snydermatthew@elliott.org,"Unit 3087 Box 8835 DPO AP 29258",6021677296
Tamara Garcia,mirandakaufman@gmail.com,"32745 Jones Valleys West Christopher, TX 01496",9303980837
Jennifer Watson,patricia39@ramsey-petersen.com,"60795 Deborah Turnpike Suite 740 New Anthonyfort, HI 13362",8325532846
Kathryn Saunders,sonyamccarthy@palmer.com,"8285 Curtis Road Suite 150 North Thomas, WI 26715",5578927182
Mark Perez,rwest@yahoo.com,"50983 Cruz Alley Apt. 398 Hunterfurt, KS 67098",3552322659
Todd Walker,anthonybrown@baker-stone.com,"USNV Taylor FPO AA 52366",0377967297
Lori Ortiz,robertjennings@ross-brooks.net,"425 Cynthia Port Antoniostad, PA 52976",0006917917
Regina Clark,mcbrideshannon@yahoo.com,"9914 Erica Square Johnsonshire, UT 45235",9721555578
Jenna Kelly,larrycohen@williams.com,"56024 Hudson Station Lake Katherine, OR 60049",1436704258
Catherine Brown,christopherthompson@yahoo.com,"USS Buck FPO AE 61355",2221672470
Betty Scott,christophermcdonald@gmail.com,"1957 Moon Mews Apt. 969 Amandamouth, FL 81176",8476218557
Tony Shah,garrisonjanet@gmail.com,"6658 Jesus Gateway Suite 337 Johnsonmouth, DE 82915",0374996056
Laura Arnold,jamesbass@gmail.com,"468 Walton Lane Suite 098 East Michael, MA 33950",4841034705
Christopher Hodge,dennisgarcia@wagner.com,"80270 Weeks Crescent South Jason, NY 58801",8710625298
Scott Silva,suzannefrank@hotmail.com,"6581 Vang Stream West Sergio, AL 66839",2276939909
Jose Roberts,shannon57@gmail.com,"954 Valenzuela Ranch Suite 571 Rodriguezland, CA 98741",7314391269
Sarah Gomez,fordjesse@yahoo.com,"7048 Harris Avenue Port Alexandermouth, AZ 20553",9663171059
Jessica Oconnor,melissa86@hotmail.com,"051 Brianna Roads Suite 689 South Hannah, WV 48438",5156139741
Todd Mason Jr.,pughkatherine@duran.com,"693 Davis Pines Suite 390 West Audrey, MO 39032",1116507070
Albert Palmer,derrick21@holmes.info,"483 Sullivan Summit Myersburgh, WI 46578",3911541653
John Arnold,jacksongabriel@gmail.com,"147 Travis Lights Apt. 526 Smithmouth, VT 77454",1797859453
Laura Munoz,xmoore@hotmail.com,"30617 Cynthia Common North Anthony, OK 51503",3660246858
Cynthia Nichols,markporter@gmail.com,"654 Jose Tunnel Lake Carlton, TN 66673",7321194208
Laura Lewis,gabriellaelliott@alexander-wood.com,"USCGC Ortiz FPO AP 37483",3791546000
Adam Williams,kristanguyen@scott-lawson.com,"6189 Shannon Forest West James, WV 74970",2241556159
Cassandra Bailey,steven81@orozco.com,"66533 Laura Cape Marshallshire, NY 09763",8803336745
Bob Benson,marcusfowler@clark-evans.com,"99075 Fox Hollow Suite 115 Dawnstad, NH 53299",7682465507
Sarah Johnson,allisonbyrd@page-kidd.com,"9656 Campbell Forks Apt. 395 East Brianland, NY 96259",4848643177
Pamela Robles MD,andersontina@ritter.info,"USNS Bowman FPO AP 72606",8099434744
Patricia Henry,tammy57@calderon.net,"245 Allison Stravenue Suite 467 Nicholsview, GA 84484",8636170292
Joe Wright,ellisolivia@hamilton-chambers.org,"358 Lewis Island Apt. 716 Roblesshire, NC 27638",4598460979
Courtney Gutierrez,jsanders@jones.com,"034 Romero Lodge Jeffreymouth, SD 88936",7598229776
Ashley Gill,csanchez@wheeler-ramirez.org,"65289 Vaughan Points East William, UT 37274",4985937850
Jordan Clark,iingram@hotmail.com,"591 Rodriguez Mountains Apt. 039 Christinebury, FL 62696",2588107007
Kelly Elliott,fgreer@thomas-fisher.com,"651 Roberto Field New Luis, WY 47843",6609785040
Bruce Mitchell,dgarcia@gmail.com,"45868 Melissa Shoal Suite 009 Thomasfort, RI 95176",9629868657
Autumn Walker,debbiedavidson@yahoo.com,"31365 Vanessa Brook Annastad, SD 39700",8701276876
Rick Richardson,rwest@hotmail.com,"3356 John Gateway Apt. 407 Lake Dylan, MI 68662",7424344918
Christine Oconnor,grahamvalerie@gmail.com,"81612 Samantha Springs Thorntonport, MI 79102",9498032963
Derek Davenport,jdaugherty@gmail.com,"8136 Leblanc Place East Dawnstad, WA 88747",0400460992
Adrian Harmon,george42@williams.com,"16548 Williams Heights Apt. 804 Tammyfurt, NM 63315",3157173662
John Johnson,carlosedwards@hotmail.com,"77820 Maria Highway Lake Stephanieport, HI 69303",5990156489
Terry Brown,torresbradley@yahoo.com,"1589 Howard Landing South Rubenfurt, MT 99012",5062981297
Krista Smith,davidcardenas@hotmail.com,"35483 Martinez Camp Suite 227 Carpenterfurt, WA 41380",6170418298
Lance Marshall,osmith@morgan-johnston.net,"1646 Judy Drive Apt. 417 Lake Aprilville, RI 79028",2743474904
Amy Wyatt,mmaxwell@murray-lane.biz,"4356 Brown Locks Port Amandaville, IN 22168",1994546793
Nicholas Burke,tanderson@gmail.com,"361 Williamson Tunnel West James, AZ 77343",6689600991
David Schultz,rherrera@gomez.org,"6420 Chang Square Suite 122 Petersberg, NC 23800",4189407083
Sean Fuentes,vdavis@hotmail.com,"09262 Clark Road Port Jacob, NE 85482",5293656325
Jonathan Fisher,mbrown@smith-murphy.net,"5401 Nguyen Causeway Apt. 967 Villanuevaport, IA 97358",7362661662
Samantha Sanchez,daniel71@macias.net,"93004 Garcia Ridge Apt. 279 East Lisa, SC 91278",7565724750
John Willis,nicoledennis@kelly.com,"672 Brian Path Perrymouth, SD 89348",5523588046
David Simpson MD,courtneymclaughlin@yahoo.com,"723 Timothy Lights Susanshire, HI 41731",0188005183
Stacy Villegas,underwoodantonio@hotmail.com,"7387 Miller Springs Suite 098 North Barbarashire, AL 89540",5641308513
Gina Odonnell,kirktara@hotmail.com,"106 Natalie Mountains Suite 278 Mcphersonville, NC 28351",1094708985
Terri Fowler,meganwright@jarvis-smith.com,"0341 Meyer Viaduct Apt. 474 Williamton, ID 64558",9928650815
Michael Wise,annacochran@bell.com,"7087 Clark Square South Catherinetown, TN 20210",0322674254
Kenneth Delgado,marthapugh@elliott.com,"479 Kelly Brooks Apt. 427 New Kimberly, MD 26083",1252620135
Rebecca Wood,stacy62@gmail.com,"353 Mills Neck Apt. 452 Sotoshire, WY 85472",9531741541
Marcus Foster,hgibbs@gmail.com,"5575 Diana Field Apt. 093 East Lisa, WV 97831",2374215881
Monica Walker,ashleenoble@williams.com,"6623 Joseph Brooks Suite 492 Harveybury, KS 26015",2495727550
Michael Pena,edwardhansen@hotmail.com,"6928 Karla Parkways Thomasshire, IL 11828",1132804651
Deborah Hill,qcohen@yahoo.com,"2791 Edwards Island Timchester, OR 75702",2462191110
Mark Campbell,kennethlewis@stephens-coleman.com,"972 Kimberly Crescent Port Roberto, CO 34640",0499901546
William Hoffman,kaitlin79@hotmail.com,"1145 Bush Forks Apt. 954 Laceyborough, NE 69673",9069010294
Mary Owen,zmorales@hotmail.com,"7322 Kennedy Light Morrisville, NV 70526",9653944569
Margaret Shelton,jessicajuarez@yahoo.com,"819 Alexander Oval Suite 898 Josephmouth, IN 31631",8458161473
Elizabeth Stone,owensbrian@anderson-torres.com,"4573 Hamilton Manor Markbury, OH 15917",4916270331
Kristine Blake,rbanks@yahoo.com,"2855 Wood Island West Christineton, MT 34794",7630299124
Jennifer Valdez,vjohnson@paul.com,"6315 Alexis Crossing Apt. 297 New Mary, AK 30529",1673599928
Erica Wilson,rbeard@gray.com,"122 Michele Light Lake Steven, NV 57490",6849880518
Steven Perez,randy85@rodriguez.org,"Unit 5207 Box 3925 DPO AA 73469",5452948792
Elizabeth Robinson,hannah66@merritt.com,"9514 Edward Ways Rodneyside, CO 59261",5732751544
Melissa Taylor,lowerypaul@yahoo.com,"73512 Richards Orchard New Seth, VA 25814",0124158052
Stephanie Lam,jheath@arnold-koch.com,"2724 Gabrielle Stream Apt. 812 Port Alexanderland, IA 75952",8907120545
Linda Kennedy,montoyakelly@smith-wilson.com,"7516 Carrie Fork Fosterport, MD 12943",3773211665
Anne Hudson,oedwards@gmail.com,"30988 Ewing Alley North Paul, NH 43859",4094370354
Christina Salinas,meredithterrell@juarez.org,"1555 Jessica Villages Apt. 500 Hornemouth, CO 74337",3792621920
Alyssa Luna,smitheric@gmail.com,"9615 Arellano Glen Apt. 004 Vazquezmouth, AK 65521",9990272138
Jennifer Kelly,tamara23@valenzuela.org,"9890 Morris Lights Suite 957 Cunninghamton, FL 14564",2631126172
Michael Davidson,hernandezmichael@patterson.com,"15202 Johnson Street Suite 552 Toddtown, DC 60589",1102218078
Mr. Andrew Guzman,qsmith@hotmail.com,"0341 Hopkins Turnpike Suite 706 Ericfurt, MI 24725",8384882671
Christopher Gillespie,hannabrittany@yahoo.com,"915 Zimmerman Burgs Patriciaport, IL 35001",2090993660
Ruben Lawrence,ochoabrian@yahoo.com,"505 Dean Skyway North Anthony, CA 82143",5346279040
Kimberly Davis,ubush@hotmail.com,"205 Madison Square Laurabury, WV 66040",0004718365
Matthew Johnson,jeffreyphillips@hotmail.com,"33543 Jennifer Ports Apt. 486 Santoston, IA 31229",6853682228
Walter Wang,kimberlygomez@davidson.com,"7315 Rodriguez Bypass Suite 055 Danielchester, ND 12313",6940277349
Michael Gregory,akline@yahoo.com,"USNS Nicholson FPO AA 26639",5177963421
Stacie Keller,kellyrobertson@gmail.com,"USS Parker FPO AP 88165",9712995859
Elizabeth Wong,morganrobert@little.com,"32173 Daniel Walk Apt. 500 Warrenmouth, NH 23195",8268878844
Kevin Shaw,travishernandez@yahoo.com,"0842 Massey Track Suite 605 South Carol, OK 40211",8829974983
Brandon Murphy,melissaodom@johnson.info,"Unit 7605 Box 3721 DPO AE 31342",9956880725
Ariel Daniels,brownshannon@hotmail.com,"8231 Shaw Drive West Deannaside, DC 44556",9022422245
Jordan Murphy,frank48@gmail.com,"2465 Jenny Islands Suite 857 New Georgeview, WA 71789",3834462423
Joseph Sanchez,sheryl41@yahoo.com,"4214 Best Well Benjaminmouth, MO 26924",7464091699
Susan Roy,kathylynn@yahoo.com,"47236 Moss Shoals North Christopher, IN 10811",4714292389
Theresa Martinez,schultzpamela@rodriguez-taylor.com,"88048 Edward Mission Apt. 910 Lake Paul, AL 08981",9832339293
Tamara Conrad,ashleyclark@gmail.com,"6635 Poole Station Carpenterfort, NV 31871",3419404648
Luis Roberts,veronica97@gmail.com,"371 Kevin Villages Mooremouth, VA 25995",2929603959
Jasmine Frank,jaimedavis@hotmail.com,"80626 Graham Spur Suite 206 Port Robertberg, SD 55277",6273532048
Kyle Aguirre,woodjuan@johnson-campos.info,"9888 Woods Plaza Suite 551 Steintown, AL 28965",9353012709
Thomas Strickland,scott15@gmail.com,"932 Jennifer Junctions Jodiport, IN 25699",9680664970
Austin Washington,craig15@yahoo.com,"38192 Johnson Island Johnsonmouth, NV 33138",6163835564
Melvin Johnson,iholland@walsh.biz,"346 Lucas Extensions Suite 423 Wilcoxchester, MN 23092",1908062512
Marisa Haynes,kcantu@hotmail.com,"72099 Herrera Tunnel Suite 368 Mistyfurt, OK 60193",8204188089
Rachel Rosario,emily74@powers.com,"206 Burke Drive West Thomas, KY 31344",7991888473
Travis Hernandez,ohall@yahoo.com,"240 Scott Camp Crawfordborough, ND 19162",7962291704
Joe Payne,cindy95@gmail.com,"054 Matthew Meadow Suite 658 Matthewfort, NM 36822",0588515283
Brandon Holder,tonihoward@cooper.info,"Unit 5200 Box 4960 DPO AP 86003",9667190120
Joshua Smith,brian54@yahoo.com,"0657 James Road Suite 521 Mccoyton, DE 22447",9392917616
Brandon Wilson,christopherspencer@hotmail.com,"333 Brian Camp Apt. 582 Cynthiaton, SC 68062",1839220808
Mackenzie Cooper,ltran@collins.com,"0866 Carlson Mountain South Emilyton, RI 25846",7571937794
David Webster,ericlewis@nelson-newton.com,"381 Tim Pine Suite 142 North Sonia, KY 09564",1667405992
Tara Harper,tanya51@hotmail.com,"032 Brown Corners Suite 500 North Timothyton, ID 51760",7674463748
Jose Jimenez MD,michelle20@gmail.com,"4740 Courtney Motorway Brianburgh, LA 12991",9609569570
Jonathan Morgan,james16@hotmail.com,"585 Hall Courts Apt. 201 Sweeneytown, VT 37421",7350657287
Eric Bell,lisa01@taylor.com,"027 David Land Suite 245 Lake Peter, MO 68939",8027671028
Gregory Patel Jr.,mjenkins@yahoo.com,"457 Anthony Shoal Suite 178 Lake Valerie, WA 81085",9797520320
Kaitlyn Bonilla,davidharris@hotmail.com,"492 Ian Wells Apt. 903 Grosshaven, TN 63670",0458515992
Michael Myers,smithcynthia@hotmail.com,"817 Jennifer Stravenue East Timothy, MD 22465",0475244621
Eric Sanchez,floresamanda@gmail.com,"766 Patty Pike Apt. 183 East Melissa, NJ 92045",7279222581
Alexander Melendez,eandrews@gmail.com,"90849 Robert Forest Apt. 679 North Nicholasburgh, NM 76441",8832112144
Fred Austin,tinajohnson@mitchell-craig.org,"282 Erin Skyway South Jeanetteport, MT 32663",4115726807
Jennifer Johnson,franklinkyle@gmail.com,"2353 Harris Roads Suite 196 Lake Derrickview, CO 74571",0781344027
Amanda Rodriguez,samantha25@yahoo.com,"3855 Shannon Rest North Victorland, DE 72436",5710875085
Shane Briggs,nguyensamantha@hall.com,"5186 Kemp Streets Apt. 987 Johnton, SC 70122",8712469958
Dawn Robertson,bfry@singh-peterson.biz,"332 Morrow Crossing Erikabury, TX 68991",2675564121
Ashley Burton,patricia42@gmail.com,"Unit 9522 Box 8678 DPO AA 81287",2675790367
Michelle Young,claytonmorales@hotmail.com,"229 Stanley Park Apt. 691 Andrewberg, OR 78211",4817221016
Stephen Robinson,brittany63@davis.com,"433 Justin Trace Ericland, VT 56304",4538642749
Karen Morris,karen78@simmons.net,"212 Jeremy Bypass Jessicaside, WA 23550",4641844224
Charles Smith,angela68@gmail.com,"PSC 7262, Box 4547 APO AA 23112",1008442110
Shannon Murphy,jimmorris@hotmail.com,"8948 Wright Alley North Philip, AK 38212",8168812602
Steven Lawrence,umosley@frederick-jones.com,"570 Mary Loop Suite 341 New Dillon, HI 37798",0046970890
Stefanie Smith,huertadaniel@hotmail.com,"25826 Alan Views Suite 273 New Paulmouth, NJ 97030",0857875489
Kevin Sanders,wendyjones@harris.biz,"793 Madison Lake Port Tylerbury, OK 08672",3802943758
Katherine Hill MD,benjaminmatthews@martin.biz,"185 Adams Falls Suite 208 Walkerside, UT 04465",1450176043
Sydney Holmes,pennymoore@sanchez-herrera.com,"146 Jeffrey Stream Suite 997 South Carla, MS 05137",7358597957
Christopher Jones,jennifer43@yahoo.com,"5540 Branch Heights Catherinehaven, GA 01924",2364250498
Brandy Buchanan,jeffrey95@banks.net,"280 Daniel River Apt. 087 Trevorfurt, SD 65510",6195483832
Lori Adams,mitchelljennifer@barnes.com,"34859 Oliver Brooks Suite 849 Michellechester, MA 08695",8399672640
Jamie Kim,kyle99@stone-colon.com,"76423 Paige Square Suite 165 Chadstad, SD 05161",4139756968
Peter Smith,brandy57@hotmail.com,"0388 Allen Rapids Matthewside, KS 04292",3076018781
Robert Stuart,mezakathleen@stephens-ayala.com,"545 Williams Mills Suite 636 Davenportfort, DC 37051",3269283561
Laurie Brown,riverahaley@lucas.com,"297 Cole Loaf Suite 519 Andrewport, SC 26954",8767861180
Michael Nelson,david01@yahoo.com,"02911 Perkins Haven Apt. 454 Morganside, MS 58966",0475829686
David Skinner,rwallace@yahoo.com,"36890 English Harbor East Christopher, MD 07349",9615110657
Anthony Lewis,lbennett@mcguire-adams.com,"135 Baker Turnpike Port Tiffanyville, OR 53565",3802484799
Michael Carey,kingnicole@gmail.com,"52369 Merritt Highway Suite 188 Millerborough, IA 73254",9150199522
Randy Smith,wmckinney@moore.com,"3000 Mendoza Lodge Lake Maryville, HI 26474",7801411586
Erica Munoz,kathleentucker@landry.com,"16801 Seth Hills Suite 083 East Michael, VT 73873",5668677640
William Murphy,bennettdavid@hotmail.com,"66099 Robert Mountains Thomastown, MI 56311",5973874236
Emily Lewis,amypowell@gmail.com,"6230 Burns Heights Suite 774 West Larryshire, MS 93186",9378146016
Maria Jackson,bwilliams@taylor.com,"463 Patel Springs Carlosfurt, VA 84644",5790711254
Ernest Bates,simmonslogan@davis.com,"70252 Moyer Keys Joshuachester, VT 85468",1783089589
Susan Mann,brownkaren@hotmail.com,"19529 Marshall Green Port Melissa, SC 71521",9645702397
Ashley Villa,medinabrittany@gmail.com,"4254 Travis Fords Suite 631 Charlestown, MS 12550",7490347399
Rachel Santana,chelsea71@edwards.info,"383 Hansen Rapid Stephanieside, WA 76637",2432739256
Brandon Nelson,rachelwalsh@hansen-riley.com,"736 Matthew Islands Suite 099 Haydenburgh, WY 63262",7158460605
Melissa Camacho,jessica69@garrett.org,"7125 William Plaza Apt. 712 South Amanda, FL 11073",4618754410
Marisa Perez,cwilliams@mitchell.org,"0016 Ellison Spur Suite 175 Josephville, CT 56556",6861484914
Anthony Taylor,candace50@hotmail.com,"1551 Beard Inlet Josephville, KY 63834",1781205256
Holly Campbell,lauracoffey@hotmail.com,"6345 Smith Crossing Port Alexander, CO 10294",7542696642
Stephanie Stein,ericaferrell@collier-ray.com,"9255 Smith Points Elizabethshire, UT 86875",3189572381
Adam Brown,dmiller@lawson.com,"7775 Mary Pike South Nathanchester, KY 20198",5980866700
Shannon Hensley,morrisryan@smith.com,"87252 Gabriel Meadows Apt. 740 Andreabury, AR 12520",1907524644
Julie Smith,ssharp@yahoo.com,"7984 Williams Creek West Ryanfort, WY 05193",0588917690
Jeffrey Fisher,jacob60@yahoo.com,"944 David Cliff Suite 330 Bradleyhaven, CA 26865",9542718074
Carla Gaines,juanross@yahoo.com,"2627 Andrews Alley West David, GA 94198",0355044790
Charles Hall,rollinsmolly@hicks.biz,"PSC 7547, Box 2727 APO AE 37714",7286290786
Christopher Owens,emilyfoster@hotmail.com,"287 Francisco Club Normanshire, NV 57438",0940819403
Arthur Jones,dustinrichardson@hotmail.com,"3361 Scott Orchard Apt. 766 Mccormickchester, WV 05363",7515953849
Stephanie Rodriguez,john00@yahoo.com,"8384 Bonnie Brooks Tylerborough, WA 01187",4708220376
Tina Shepard,gabriellemunoz@hotmail.com,"254 James Junctions Apt. 724 Port Brian, NY 49943",3230920333
Elizabeth Bruce,danielwebb@gmail.com,"2795 Angela Branch Wrightmouth, MN 50715",7827633132
Philip Gomez,kenneth35@yahoo.com,"465 Tyler Throughway Apt. 567 Williamschester, GA 83906",7655614467
Willie Richard,paul43@wilcox.com,"2527 Roach Roads Raymondton, TN 15452",9674970759
Thomas Young,lsmith@mcgee.com,"Unit 0136 Box 4140 DPO AA 93538",0343055995
Sandra Livingston,ramirezmichael@neal.biz,"55434 Robert Ridge Suite 612 Beckfort, NJ 36250",8241179539
Roger Anderson,tammypreston@yahoo.com,"897 Brown Shore Suite 743 Port Jasonport, NC 28911",5956408441
Jennifer Edwards,sking@hotmail.com,"9519 Kayla Spurs Apt. 190 New Benjamin, TX 76128",4046437920
Daniel Young MD,lorismith@welch.com,"877 Holmes Plain Suite 835 New Kathryn, NM 82795",2460054924
Jessica Jackson,atorres@mills.com,"51341 Perry Place Suite 019 Martinbury, TX 36628",8724379170
William Rivas,zmoyer@gmail.com,"4416 Barbara River Port Shannonfort, KS 96607",5224522145
Daniel Price,anneevans@hotmail.com,"785 Smith Canyon Suite 289 New Nicholasfort, RI 21001",3833770011
Randy Warren,robertlee@yahoo.com,"86299 Joseph Pike Samuelview, CT 07431",3674787666
Wayne Vasquez,jason40@jenkins.info,"46416 Lopez Trail Jenniferstad, KS 43196",6113843042
Richard Palmer,joejordan@gmail.com,"1624 Grimes Crossroad Suite 907 Lisashire, WV 35568",0882443303
Kevin Brown,kenneth59@phillips.com,"9999 Willis Burgs Apt. 680 Jeanbury, KS 53182",3978526898
Ashley Suarez,adam88@yahoo.com,"999 Marie Glen East Jennaburgh, DE 01577",7058520571
Donald Jacobson,alexander03@clark.biz,"56351 Timothy Fall Suite 001 Garrisonburgh, TX 53993",4749374984
Rachel Craig,gonzalezpaul@gmail.com,"8360 Joshua Plains Jacobbury, CA 69110",8822761233
Courtney Caldwell,ejohnson@luna.com,"71285 Johnson Path Apt. 173 South Annamouth, NE 34443",9664953794
Michael Galvan,adamsjared@carter.biz,"7599 Torres Port Taraborough, UT 72400",2672470958
Kara Mccann,robert85@hotmail.com,"166 Pamela Harbors Smithview, IN 74321",7052365803
Regina Davis,oshah@yahoo.com,"90401 Colton Islands Apt. 978 Nicholasfort, AR 82827",3496174436
Christina Lin,briggsjustin@lester.com,"800 Smith Plaza Suite 214 North Diane, NC 67687",6400981865
Brandy Jordan,iburns@gmail.com,"5354 Daniel Meadows Mauriceville, GA 39375",2982890112
Diamond Carter,tyler10@hicks.com,"6044 Robertson Streets Michaelmouth, ME 29438",0298540340
Vanessa Howe,lcole@turner-conway.org,"0871 Diane Common Humphreyhaven, WA 31928",2192939245
Raymond Lowe,rogersheidi@gmail.com,"PSC 2317, Box 2998 APO AP 94254",4533189587
Hunter Robinson,urivers@duncan-jones.org,"116 John Greens Lake Meganborough, OH 26527",0400829755
Chad Kelly,meghan19@cantrell.com,"PSC 2969, Box 0544 APO AA 81348",1371062971
Michelle Cole,gsavage@stafford.net,"300 Cole Loaf Brightport, ID 92113",6751889803
Dr. John Randolph,tiffanyperez@gmail.com,"84633 Wendy Summit Suite 529 Robbinsview, DC 29032",4228260131
Amanda Rodriguez,villanatalie@hotmail.com,"260 Frye Estates West John, TN 44417",0900215472
Shane Armstrong,beth72@hill-bennett.org,"82437 Mark Terrace Suite 164 Angelatown, WY 80761",0037519325
Mrs. Misty Caldwell,wbutler@yahoo.com,"8085 Luke Squares Apt. 124 North Candacefort, IA 24916",0366490054
Chelsea Bullock,hcampos@gmail.com,"728 Richards Route Lake Julieport, PA 91683",5478185703
Shannon Warren,ethanhale@hotmail.com,"5087 Dixon Divide Suite 180 North Stacey, MD 72765",5408784849
Douglas Romero,cortezjessica@yahoo.com,"739 Toni Pass Suite 043 Davismouth, WI 99874",3792240143
Deborah Cummings,petergonzales@gmail.com,"225 Campbell Lodge Suite 163 West Maryland, ID 70032",1556594597
Donald Brown,johnny04@boyer.com,"58910 Alexander Land Apt. 863 New Jessica, CO 92471",0039859893
Bridget Torres,rogerserica@johnson.biz,"566 White Alley Apt. 468 Port Jasonland, NY 92349",5836288449
Vanessa Young,janice40@hotmail.com,"944 Justin Oval Brittanyside, OR 07525",9091889361
Melinda Hughes,jaredmunoz@hotmail.com,"4330 Erica Radial Jameschester, NY 86492",6982726704
Nicole Walker,john20@jones.org,"PSC 5432, Box 2924 APO AE 90452",7070350405
James Farrell,simpsonstephanie@parker-kelly.com,"4977 Duncan Route Caitlynview, IA 03919",0315046544
Kristen Adams,ckaufman@hotmail.com,"306 Vasquez Forges Shawshire, KY 07165",0410301902
Richard Espinoza,ingrammichelle@melendez.com,"037 Christopher Spring Apt. 450 Floresmouth, SC 95460",0321156624
Sarah Martinez,jamescopeland@gmail.com,"517 Donald Villages Henryport, LA 67252",5263929872
Amy Parker,jschroeder@yahoo.com,"911 Brandon Orchard Williamston, OK 83965",2664522282
Tiffany Thompson,matthewlee@castaneda.com,"9792 Alexander Station Apt. 582 Lake Tommyton, IL 49349",3302519668
Helen James,michaelchapman@gmail.com,"1074 Simon Shoals Suite 252 Brookestad, FL 55091",8294996831
Nicole Ray,esaunders@larson-waller.com,"578 Paul Station Apt. 965 South Jesse, ID 42600",2582280527
Rhonda Myers,deckergregory@banks-patton.com,"9346 Phillips Rapids East Brian, AK 49431",5389420481
Anthony Gonzalez,kendrasilva@gmail.com,"364 Christopher Bypass Lake Timothymouth, AZ 48870",3987908182
Steven Kennedy,rodriguezkelly@hotmail.com,"81120 Edward Fort Robinsonton, VT 92326",8557135979
Danielle Flores,dustin18@johnson.com,"9409 Martinez Island Apt. 366 Campbellview, NM 11801",4001940379
Edwin Evans,vazquezjonathan@hotmail.com,"01604 Shane Island Nicholasshire, WA 36640",4913223154
Brandy Parker,baldwinryan@mills.org,"5680 Oneal Plains Apt. 164 East Tracey, WV 33112",3185499533
Brian Schultz,james07@strickland.net,"721 Brittany Court Apt. 661 South Christine, AR 37705",4598174061
Anthony Nash,rdavis@johnson.org,"6169 Andrew Isle Apt. 591 New Mark, UT 59086",4902364683
Thomas Morgan,jason61@hotmail.com,"39274 Cox Islands Apt. 421 New Jonathan, SD 80248",8238205002
Gary Santos,deleonmadison@hotmail.com,"3205 Smith Crescent New Edwardchester, AZ 28986",5971551273
Jasmine Olson,brownrachel@thompson.info,"USS Haney FPO AP 52781",9157904388
James Nash,james55@edwards-velez.com,"USS Villarreal FPO AE 06396",5816359984
Angela Houston,cortezlisa@yahoo.com,"7696 Lisa Track Apt. 724 Buchananberg, OK 27532",5588807585
Robyn Boyd,michaelhanna@gmail.com,"8704 Jeffrey Oval South Stacyview, CA 37806",2397450058
Larry Berry,daniellekey@yahoo.com,"USNV Johnson FPO AP 31548",4638709149
Matthew Stewart,alisha20@eaton.info,"33264 Rodgers Point Suite 403 Robertafurt, RI 56956",0159813363
Lisa Haley,tthompson@hotmail.com,"334 Courtney Trafficway Apt. 227 New Anthony, WI 48750",7167766423
Daisy Reyes,sdecker@hotmail.com,"8941 Green Falls Suite 625 Conniebury, IA 78461",3291174454
John Booth,fgibson@gmail.com,"751 Greg Underpass Apt. 824 Leeburgh, CA 54499",4304834356
Leslie Gibbs,carol07@hotmail.com,"309 Small Oval Suite 186 New Susanland, WY 16268",8578887193
Marissa Gray,craneroberto@lin-cohen.net,"9063 Moore Rapid Apt. 563 East Katherineside, HI 80818",2867088458
Tina Kelly,vazquezsamuel@williams.com,"7858 Brown Plaza West Bradley, OK 47269",5248137387
Sean Torres,bartlettstephanie@davis.com,"USNV Gray FPO AE 61116",4147768414
Lauren Carter,lopezandrea@gomez-hill.com,"10235 Valerie Ranch Apt. 115 South Debbie, NY 29105",3907528712
Mark Shaw,scottkim@hotmail.com,"0891 Meagan Keys Port William, SD 55009",4245068980
Jennifer Kelley,riverachad@hotmail.com,"34331 Mcclure Coves Suite 407 Andrewton, NV 76684",4898877494
Andrea Perez,pclarke@ward-miller.info,"7273 Duarte Burgs Brendaland, OK 34902",9815231447
Katie Ramirez,steven13@yahoo.com,"USNV Andrade FPO AA 29556",2698638569
Grant Hernandez,johnnelson@petty.net,"4819 Nancy Springs Apt. 965 West Mary, WA 21256",3385612163
Anthony Hill,stephanie57@gmail.com,"2261 Johnson Mills New Lauren, CO 77310",6981185032
Michael Gutierrez III,keithperez@lewis-brewer.com,"2933 Martin Vista Suite 127 Petersview, WV 69109",3604569544
Timothy Wheeler,john15@brown-reynolds.com,"012 Austin Ford North Kelly, AZ 92885",8522426616
Gabrielle Combs,williamsutton@yahoo.com,"USNS Shields FPO AP 79312",2911965931
Sarah Mckay,anna61@taylor.com,"PSC 9738, Box 8636 APO AP 80792",4289810096
Brianna Greene,phayes@hotmail.com,"4390 Curtis Hollow Apt. 675 West Samantha, NJ 74675",4213247009
Matthew Ryan,shester@yahoo.com,"77036 David Mountain Suite 094 New Briannaberg, TN 75777",3137263005
Monique Dyer,boltonjordan@hotmail.com,"5537 Ann Plains East Tiffany, WA 48565",5969143700
Bailey Brown,hdavis@watson.org,"714 Ashley Stravenue Apt. 177 Lake Ericville, DE 13881",7859561332
Christina Taylor,simpsonamanda@hancock.net,"USNS Greer FPO AA 45271",4627996662
Anthony Henry,christopher87@reed-frank.info,"11255 Maria Trail Suite 328 Susanshire, CA 61855",9944701338
Holly Baker,gharris@figueroa.com,"22384 Burton Turnpike Apt. 703 Port Elizabethmouth, OK 90733",3618520549
Kimberly Charles,ccardenas@gmail.com,"5130 Lisa Shores Mitchellmouth, OR 11196",5338366768
Mr. Evan Jones,ujohnson@yahoo.com,"917 Bill Port Apt. 077 Williamsview, CT 53707",3559041995
Julie Davis,williamspaul@henderson.biz,"480 Brian Village Scottside, WV 07559",1243574345
Rebecca Randolph,radams@smith.com,"PSC 7057, Box 6975 APO AA 03497",2075528693
Eric Wilson,qshah@gmail.com,"417 Sarah Courts Suite 927 Rebekahview, KS 46502",3335877136
Deborah Huffman,goodwinandrew@powell.info,"311 Andrew Burg New Jeffreyside, CT 14867",3321306926
Jennifer Garcia,madison40@rogers.com,"4772 Paige Hollow New Danielborough, DE 86151",8410468420
Jacqueline Hensley,andressimmons@hotmail.com,"710 Brian Valley Apt. 016 Allenville, MN 79015",6049340737
Mitchell Ortiz,brian45@gmail.com,"208 Holt Corners Port Christina, GA 93792",0281423627
Amy Johnston,jessica06@hotmail.com,"048 Obrien Plains Apt. 812 Stephenhaven, TN 35957",1652864033
Katrina Camacho,devon62@wright-cherry.com,"66316 Jessica Wells Apt. 188 South Claudia, ND 19103",6173557336
Rhonda Rhodes,joneswendy@davis-nichols.org,"7689 Douglas Inlet Suite 993 Anthonyport, UT 43024",8609850833
Michael Martin,ebrooks@white.com,"641 Brittany Neck North James, VA 66010",9929329447
Michael Day,alopez@yahoo.com,"113 Smith Knolls West Erica, TX 24011",2132647307
Christian Carlson,beltranchristopher@gmail.com,"Unit 4350 Box 3229 DPO AE 68501",4917152207
Steven Coleman,omarlewis@hotmail.com,"23115 Davis Coves Harrismouth, SD 84717",2370920856
Jessica Barnes,sean31@hotmail.com,"25444 Bennett Cape Gordonport, IA 64231",8468550891
Daniel Mcdonald,lindsay83@yahoo.com,"USNV Rogers FPO AE 74033",6646848587
Stephanie Reed,robertjones@cummings.com,"817 Joshua Roads Anthonymouth, ID 87563",0482127661
Arthur Foley,lawrencemcmahon@yahoo.com,"5264 Pierce Circles Apt. 236 Jacksontown, AK 48644",1943082991
Charles Davis,pricekristin@yahoo.com,"Unit 8785 Box 3068 DPO AA 25549",9456487329
Michael Singh,eric72@valdez.com,"09461 Madison Crest Suite 795 New Terrymouth, MI 21680",2235529857
Richard Hughes,jacqueline14@hotmail.com,"8751 Ramirez Glens Sheltonshire, MA 69044",3764355578
Alex Hayes,ascott@warren-johnson.com,"PSC 9609, Box 9612 APO AE 87157",3191277522
Carmen Vazquez,brookemiller@hotmail.com,"Unit 2003 Box 6956 DPO AP 00861",1347941329
Randall Perkins,staceyswanson@reid.com,"PSC 2475, Box 9361 APO AA 81829",8779001611
Tiffany Jacobs,tony09@walker.com,"02166 Mason Walks Suite 980 West Brandonhaven, RI 97993",0960965390
Tara Walters,brian04@hotmail.com,"308 Farmer Cape East Leviview, VT 65753",6666227052
Alicia Lopez,thomasbrian@stewart-bennett.com,"43702 Martinez Divide Suite 397 Lake Karentown, ND 62391",8392784184
Carlos Young,kathleen86@kennedy.com,"5261 David Cape South James, UT 50267",0063973773
Paula Peterson,maria36@gmail.com,"5198 Joe Court New Brooke, NC 47016",7437931866
Jillian Alvarez,otaylor@finley.com,"872 Atkins Spurs Apt. 571 Lake Carrie, ND 05625",6951748119
Ronnie Heath,evelynmahoney@hotmail.com,"4035 Thompson Passage Port Alexis, KS 78260",6736355193
Matthew Henderson,codywebb@keith.com,"866 Karen Inlet West Sherry, CO 45603",7000711271
Valerie Henderson,jamesbennett@stevenson-braun.com,"396 Brandt Mill Apt. 481 Millerview, RI 25329",8732125437
Noah Booker,hpatel@wilkins-kemp.com,"01594 Schroeder Skyway Suite 766 Josephshire, VT 69046",7383083144
Jamie Miller,kristinmiles@yahoo.com,"3086 Gomez Plains Apt. 226 Hoffmanhaven, WI 98196",2765752106
Laura Reyes MD,jason28@hotmail.com,"1645 Harvey Mountains Apt. 091 North Wendyport, WA 37298",3198810436
Michelle Hernandez,kylebailey@yahoo.com,"7622 Miller Falls Greenside, NM 29967",3094207906
Sharon Hendricks,georgemoreno@hotmail.com,"584 Parsons Freeway Suite 044 Brianborough, AZ 19548",0906270899
Melissa Edwards,mckayjoshua@hotmail.com,"1972 Christopher Centers Suite 405 Marcfort, IN 15858",4770486300
Paul Cross,qcharles@hotmail.com,"592 Brandon Loop Scotthaven, CO 37602",5106162863
Julie Huang,mgreen@lewis.com,"6756 Joshua Island Apt. 247 West Christopherview, IN 86402",0943842848
Courtney Deleon,meagan28@hotmail.com,"939 Kara Ville Apt. 590 Bowersbury, KY 35853",2319691413
Jennifer Huber,tbanks@webb-gonzalez.biz,"5010 Jackson Meadow Suite 867 Watsonland, LA 41085",4692929918
Gail Flores,christinajuarez@yahoo.com,"888 Cantu Vista Charleston, MT 62341",6034121178
Lori Gamble,bparsons@lane.info,"703 Kevin Underpass East Wendyshire, SC 64259",2207527243
Susan Cook,ccurtis@foley.org,"76099 Rivers Mills Apt. 829 Jenniferville, TN 71948",2230986261
Karina Campbell,taylorgray@reynolds.biz,"6559 Gregory View Apt. 539 Lake Kaitlinbury, AR 76550",2417014331
Judy Curry,owenmary@grant.com,"254 Gary Extensions Allenport, MD 90109",4456583411
Lisa Pennington,hermansarah@carter-gill.com,"62509 Dean Viaduct Crawfordberg, WI 17434",1622376189
Henry Stone,kcarson@carr.com,"06730 Stevens Flats Brandonbury, GA 57982",3750311149
Brian Graham,jackrocha@hotmail.com,"068 Johnston Burg Suite 787 South Williamville, AZ 28994",6721202165
Thomas Obrien,pamelabarrera@hotmail.com,"30568 Kristina Lodge Suite 650 Williamsmouth, MS 05251",9998068489
David Kidd,ecopeland@hotmail.com,"693 Joe Forks Apt. 941 East Kristenburgh, DC 32468",3594789332
Tiffany Gonzales,kevin27@young.com,"9065 Patton Parkways Apt. 196 Sarahhaven, NV 33663",7737374216
Thomas Potter,bellchristopher@yahoo.com,"9763 Hendricks Mill Apt. 080 South Alisonmouth, KY 98455",0485924290
Marcus Johnson,griffinmichelle@gmail.com,"42878 Jesus Parks Suite 184 Dustinshire, AL 76355",1364174607
Kenneth Baker,alexander40@yahoo.com,"653 Felicia Shores West Roberta, AK 70311",7432986465
Karen Gibbs,howardkatherine@jordan.biz,"684 Park Lane Woodberg, MT 94892",7452961327
Jacob Mills,idillon@downs.com,"USNV Bell FPO AP 70105",7755343219
Julie Phillips,ronald05@gmail.com,"USCGC Fernandez FPO AE 56978",5474746420
Alicia Long,hstrong@hotmail.com,"3839 Arellano Flats Apt. 376 Stevenborough, CA 56147",3678604014
Lisa Fleming,brandonmoore@hotmail.com,"19385 Crystal Ville South Dan, CO 30892",3707161372
Jeffrey Hernandez,jessicameyer@gilbert.com,"21934 Christina Ford Vanessaport, WI 25628",1923957742
Rhonda Glenn,mendezheather@gilbert.org,"30482 Stephen Plain Apt. 111 New Matthew, VT 78439",8899741132
Christopher Cameron,hgreene@brown.biz,"478 Henry Shores Lake Donnaborough, DC 90011",3879348682
John Johnson,garcialisa@brown.com,"32911 Eric Keys Jesusfurt, IL 03221",8118411684
Chad Morris,michaelbrown@yahoo.com,"70383 Heather Mills Suite 441 Morenochester, NV 12346",1716012668
Michael Snyder,rnolan@johnson.com,"994 Medina Pine Suite 106 Lake Christineview, TN 35417",9700544130
Francisco Phelps,rojassandra@reyes-hernandez.com,"480 Chan Groves Kirkview, PA 87323",6621803334
Anthony Church,jenniferthomas@hernandez.com,"250 Veronica Cliffs Apt. 029 East Jenniferhaven, KY 31662",5996638613
Rebecca Baker,rachelwilliams@hotmail.com,"0084 Jennifer Mission North Ethan, AL 81815",8662221243
William Oneill,garciaerica@hotmail.com,"USS Brown FPO AA 01970",5422468861
Jennifer Dunn,thomasnina@gomez-flowers.com,"87882 Matthew Forge Lake Jenniferton, TN 61897",7995797777
Brandon Turner,bonnie77@pitts.biz,"303 Cherry Islands Barrville, UT 42796",4610753536
Phillip Harrison,evansbryan@hotmail.com,"13212 Greer Curve Webbside, SC 18346",9863488496
William Phelps,virginia52@browning-cummings.com,"49191 Ronald Cliffs Suite 978 North Melissafort, PA 24100",4730640628
Sarah Ruiz,nkey@scott.com,"9602 Chen Flat West Ianland, WY 10324",5715481349
Lindsey King,arobinson@martin.com,"271 Patricia Skyway Lake Eric, WA 54367",1078214855
Robert Munoz,veronica16@ross-chen.com,"73161 Andrew Point Tuckermouth, MO 43674",6042347137
Samantha Jones,eric21@gmail.com,"55286 Thompson Run Port Monicashire, ME 83489",4460247797
Michael Ramirez,andrea65@gibson.biz,"15996 Smith Rapids Apt. 302 Mollyshire, MT 55664",8527697586
John Joyce,scott97@arellano.com,"47328 Hansen Crest Suite 427 Port Stacymouth, TN 45598",3987105479
Kendra James,eddiesmith@pena.org,"8550 Frazier Manors Lake Lisa, MS 17754",5466100863
Justin Harris,michaelgordon@ramsey.net,"120 Mcdaniel Forest Tammyview, DE 72045",6324046153
Patrick Ellis,hjenkins@preston.com,"585 Debra Parkway West Michael, NC 33557",4143397469
Christina Robinson,vrose@howard.net,"Unit 1240 Box 9785 DPO AP 62669",8622608721
Walter Henderson,dunnanthony@rodriguez.com,"1360 Velasquez Views North Cheyenneborough, KY 62143",9751946140
Nicole Nguyen,rebecca44@hawkins-rogers.info,"19165 Hayley Landing Suite 395 Markberg, NY 38243",3459559923
Christopher Barrera,whiteheadcollin@griffith.com,"58248 Sarah Centers Apt. 799 North Danielview, NY 80944",2156611402
Jennifer Johnston,donald44@morris-brown.com,"2467 Danielle Lock Apt. 405 Dianeborough, ME 22378",8842243016
Felicia Williams,maguilar@gmail.com,"249 Lisa Parkway Jenniferstad, DE 26089",3579121734
Ryan Miranda,jcampbell@becker.org,"00739 Steele Row Apt. 763 Powellmouth, SD 34766",3344748662
Haley Mcdaniel,stephenknapp@hotmail.com,"3057 Grace Ramp Suite 960 New Alisontown, ND 22020",6981696465
Cindy Alexander,amandahill@mcdaniel-herrera.com,"731 Yvonne Station Apt. 277 Kimberlyberg, NM 85448",0001842211
Richard Olson,iscott@lee.com,"USNV Owen FPO AP 47327",1793411023
Thomas Rodriguez,lovelinda@gmail.com,"003 Murray Vista Apt. 677 Elizabethside, WV 16596",7182664687
Catherine Wade,starkhannah@yahoo.com,"07044 Patrick Mall Victoriahaven, NM 42151",7402827271
Scott Brown,nparks@hotmail.com,"975 Mitchell Throughway Apt. 835 South Erica, HI 07746",3176918140
Theodore Parker,zmiller@smith.com,"1576 Rebecca Divide Collinston, MS 02225",3664825659
Richard Rodriguez,hpeterson@joseph.com,"32557 Perkins Square Port Joseph, AZ 33006",5452304420
Joshua Ruiz,latoyayoung@yahoo.com,"PSC 9722, Box 0082 APO AA 36437",2044904461
Mary Williams,luis19@martin.com,"69564 Denise Villages Apt. 574 Parkerbury, AZ 42798",6227911323
Karen Fletcher,smithmisty@yahoo.com,"086 Aaron Islands Apt. 873 Brownfurt, OK 67856",4134805130
Amanda Perez,brownmckenzie@hess.com,"106 Jennifer Alley Apt. 693 Johnsonburgh, MI 98626",8012028782
Sarah Gonzales,johnjohnson@smith.com,"USNS Garcia FPO AE 19304",9040362779
Kimberly Reynolds,davisstacy@castillo.com,"USS Tran FPO AP 16017",7467946505
Edward Clements,kharmon@hotmail.com,"30984 Matthew Neck Michaelville, GA 43520",6191264663
Lisa Giles,robertosborne@crosby-wolf.com,"8238 David Radial Suite 618 Maynardland, NC 31507",1066145703
Christy Fry,jenniferwest@anderson-lewis.net,"8049 Kimberly Plains Suite 814 North Victoria, NJ 49250",9085373645
Bryan Harris,betty04@hotmail.com,"90014 Lee River Ortegaville, UT 94536",0733287244
Ashley Olsen,brownjennifer@davis-mcknight.info,"098 Owens Ramp Apt. 483 South Dawn, MO 90789",1303832380
Peggy White,bradley58@hotmail.com,"851 Anne Fall Apt. 029 Port Benjamin, OH 42542",0515851118
Brenda Smith,rosesusan@fox.org,"14513 William Meadow Kathyborough, GA 03469",5036971294
Michael Zuniga,montgomerykathryn@hotmail.com,"4113 Melissa Loop New Dustinport, OK 70515",2332387315
William Lopez,nrivera@gmail.com,"846 Edward Divide Suite 251 Patrickhaven, ND 18672",0561367636
Richard Myers,fgreen@brown-wright.net,"28721 Mendez Key Suite 897 North Wayneview, OR 02681",8009570416
Karen Boyer,robinsonamanda@smith-quinn.com,"Unit 7554 Box 2915 DPO AA 49965",5150749869
Omar Anderson MD,linda97@miller.net,"962 Joshua Center South Rebecca, MO 70722",4895559069
Andrea Aguirre,jacob97@anderson.com,"49855 Hale Park Carrside, CO 18332",4861617739
Ronald Reynolds,raventran@hotmail.com,"USNV Morris FPO AP 45975",6163397848
Troy Schmidt,hallnicole@hotmail.com,"458 Dunn Land Suite 397 New Christinaville, AL 77511",2508547247
Bryan Young,gonzalezteresa@gmail.com,"300 Rivera Roads Apt. 007 Vincentville, NC 19516",6789456578
Elizabeth Johnson MD,smithfrancisco@west.net,"40220 Paul Burg Apt. 352 East Sheriton, VA 99423",1347660482
Walter Anthony,alanking@anderson.biz,"54206 Mayer Green New Vanessafort, LA 44892",8011592588
Andrew Daniels,mendeztony@carter.com,"77917 Sheri Lock Suite 873 North Deborahmouth, ME 27724",3638182902
Amanda Kaiser,rsantiago@hernandez.org,"113 Chelsey Lodge East Valerieburgh, OH 68619",1416948908
Victoria Shelton,christopherhubbard@yahoo.com,"433 Maria Streets Apt. 772 Danielside, OK 67123",1443627946
Samantha Crawford,brandon90@sullivan.com,"627 Thomas Green West Victoriamouth, ND 69529",9362579774
Mary Craig,austinalexandria@gmail.com,"09913 Hansen Islands Suite 909 South James, WY 32221",4686807116
Becky Price,jacoborr@gmail.com,"74415 Taylor Plaza Suite 749 New Williambury, NM 61000",7157087294
Vincent Sharp,perryann@hotmail.com,"3999 Martin Circle Fernandezburgh, TN 63280",2389378664
Sabrina Green,santosmelissa@hotmail.com,"2630 Cooper Orchard Timothyshire, DC 05186",4870612113
Benjamin Bradford,apeterson@heath.com,"8709 Snyder Crossroad Apt. 775 Lisaview, IN 72056",8303196237
Stephen Hudson,reynoldshenry@juarez.com,"69189 Raymond Views Shannonburgh, CA 03674",4540724106
Brooke Allen,stevenmartinez@gmail.com,"USCGC Mccarthy FPO AP 05658",2623924989
James Young,jessicafarrell@gmail.com,"568 Joseph Meadows Apt. 936 Jenkinsborough, CT 34820",2853523357
Sara Hughes,nicholsonyolanda@gmail.com,"4469 Angela Row Apt. 602 Lake Rubenhaven, SD 19095",7371852171
Nicholas White,johnyoung@carter.com,"2231 Hoover Court East Taylorborough, WA 19551",0355863712
Kellie Little,ramoscassandra@yahoo.com,"70457 Jennifer Trail Suite 571 Robertsonland, VA 90253",4975829799
Debra Benitez,wesley84@smith.com,"05618 Kristen Meadow New Derekberg, AZ 41024",5246357847
Stephen Berry,stapia@morales-robinson.com,"PSC 7384, Box 7666 APO AP 68971",7785678048
Ricky Thompson,jennifercollins@graham.com,"325 Christopher Causeway Suite 297 Markburgh, WI 40158",0575297139
Victoria Taylor,jjones@smith-jackson.net,"84763 Rachel Mission Apt. 281 Jessicachester, VT 44256",7315681259
Taylor Long,campbelljessica@yahoo.com,"9075 Wright Haven Suite 173 Carolynburgh, TX 27799",4036813740
Steven Sullivan,nicoleclark@yahoo.com,"843 Ward Lodge Suite 873 Andersonton, NY 41742",7274226975
John Smith,twarren@cummings.net,"7732 Ryan Spring Suite 024 Villanuevaborough, IN 42394",6658442557
Nancy Hernandez,scotthernandez@gmail.com,"98067 Griffith Estates Apt. 568 Gravesstad, MO 86330",4849265632
Christina Santos,christina48@gmail.com,"930 Morgan Glen Apt. 797 Nelsonville, IA 16811",9700264933
Darlene Bailey,mbecker@yahoo.com,"53024 Hamilton Flat Suite 137 Emilyport, AZ 46859",1502999588
Michael Chambers,kimberlybryant@fowler.org,"489 Johnson Trail Apt. 903 Lake Brittanyborough, CT 44315",4566612511
Sharon Kennedy,victoriabutler@gmail.com,"621 Joseph Stravenue Dawnville, SC 37974",1582461079
Juan Garcia,qmcfarland@bell.info,"445 Duarte Village New Thomas, AL 94717",9550352607
Kimberly Romero,ssteele@jones-smith.com,"465 Connie Garden Suite 109 North Robertland, MI 37796",0059683585
Desiree Yu,vbrooks@gmail.com,"722 Moore Grove Danielberg, DC 30786",1717854946
Megan Simpson,mbaldwin@yahoo.com,"806 Robinson Wells East Paul, IN 88449",2380133583
Tracy White,lucasmichael@gmail.com,"9592 Buchanan Ranch Apt. 864 Belindamouth, DE 61504",9103658171
Daniel Davis,laurenmanning@stanley.com,"8240 Blankenship Drive Apt. 679 Cartermouth, VA 93317",7087001461
Amanda Walls,michael88@gmail.com,"1669 Monica Court Apt. 689 East Kelsey, MS 04340",8342319079
John Hernandez,paula97@tucker-le.com,"8042 Sue Light South Michellebury, VT 21454",6775322661
Emily Reed,morrisonjohn@blankenship.com,"22734 Massey Underpass Apt. 835 Port Anthony, DE 59601",1009868688
Darren Martinez,christina11@yahoo.com,"159 Diaz Field Suite 921 New Philip, PA 98298",8105513466
Lori Montoya,garciamelanie@conrad.com,"017 John Island Hickston, OH 14443",6451891370
Elizabeth Gilmore,oliviasnyder@wood.com,"8825 Hall Spurs Suite 192 New Brandon, NM 47717",7245577736
Tristan Petty,sbooker@yahoo.com,"081 Love Motorway Suite 382 New Ryanchester, CT 12287",6574015691
Thomas Bates,nicholas88@yahoo.com,"494 Melendez Manors Buchananstad, NE 26571",4132855433
Megan Webb,christian08@harris.com,"6463 Young Lakes Apt. 723 Eduardofort, CO 79814",2123921059
Bobby Vasquez,susancain@johns.com,"74311 Wilson Hill Carolynland, DE 07012",2672139161
Melissa Moreno,ricenatasha@hotmail.com,"7985 Flores Mountains Suite 296 West Melindastad, PA 57088",6932057507
Mrs. Courtney Anthony MD,matthew62@yahoo.com,"5467 Joel Courts Apt. 057 East Derek, DC 72185",0224415031
Adriana Butler,talexander@gmail.com,"03537 Bryan Prairie Apt. 958 South Taraport, ID 35576",8108980100
Melissa Smith,rickyward@mcdaniel.net,"17909 James Lock Apt. 404 Lake Yvonnefort, WI 44097",0964313583
Steven Johnson,sallyhodge@cervantes-bennett.com,"Unit 8949 Box 7679 DPO AA 37107",0668620085
Misty Brown,jaredwood@fernandez.com,"98453 Anderson Freeway Suite 647 Evansland, VA 26995",8475244948
John Johnson,victoria18@morris.com,"903 Roberts Court Apt. 032 West Raven, PA 43529",6583790604
Kristin Walker,freemanrodney@yahoo.com,"19346 Rachael Grove Apt. 209 Walkerport, WI 94574",0364578420
James Ashley,tammy31@yahoo.com,"97785 Miller Pines Suite 040 North Dean, IA 42713",4451655124
Tammy Henry,nancy45@ward.info,"662 Ramos Dam Suite 073 West Brucebury, HI 09755",0770553482
Samantha Baker,haley71@villanueva.com,"07038 Richard Dam Port Jenniferberg, VA 59709",1765128432
Erin Olson,rsanders@soto.net,"81785 Shields Common Marktown, MS 27952",4591254878
James Bryant,xstout@jones.com,"9566 Lewis Common East Ericberg, WA 91929",5181482535
Heidi Franklin,tgarcia@gmail.com,"PSC 0523, Box 4052 APO AE 03421",1387503451
Robert Gutierrez,lawrencefisher@buck.com,"143 Marisa Fords Suite 918 Timothyville, VT 96340",0042692707
Sean Miller,rivasstephanie@castro.com,"763 Higgins Ranch Apt. 730 South Raymondview, WA 36133",1466516430
Bobby Vargas,brian39@hotmail.com,"324 David Trace Port Keith, SC 23077",6222293164
Alan Cummings,donaldsanders@lewis.com,"11586 Nicole Rapid Apt. 798 Brittanyburgh, DC 81994",8436771722
Lori Riley,carriewelch@hotmail.com,"75020 Alvarez Tunnel Suite 249 West Heather, NC 46782",4059290514
Maria Fisher,emilylee@gmail.com,"529 Paige Lane Apt. 386 Wrightborough, PA 52081",6007017481
Stephanie Allen,millerpamela@hotmail.com,"827 Jonathan Mission South Shannonborough, RI 62664",7901091385
Ryan Hardy,tknight@klein-chavez.net,"9145 Erica Shores Aprilland, AR 13025",1899486146
Cindy Hughes,gberg@yahoo.com,"208 Wayne Spring East Loganton, OR 16032",9274322765
Ryan Jackson,lstephens@yahoo.com,"156 Pamela Mission Apt. 003 Stephenland, ID 13429",4520853256
Michelle Mejia,bmcguire@yahoo.com,"022 Daniel Groves South Lauren, NJ 51444",9186169579
Vickie Mckenzie,stacy55@yahoo.com,"079 Joseph Fork Suite 463 Jeffreyburgh, FL 28806",9021502292
Tina Fleming,kknight@yahoo.com,"020 Hart Walks Suite 097 Jamesview, FL 73319",8695451321
Marcus Thomas,michael12@turner.com,"994 Smith Hill South Davidview, ID 61805",8468520256
Shawn Obrien,mossdonna@bowen-waller.biz,"24975 Young Points Kevinmouth, DE 47206",2925326975
Darlene Campbell,xwelch@yahoo.com,"26375 Gross Stream North Mary, CT 14473",1573682141
Nathan Mack,drewphillips@hernandez-taylor.com,"57847 Colon Path Port Angelica, MT 42701",6511174804
Brandy Clark,hjackson@fox.com,"29302 Jacob Ports Suite 998 New Amyport, NV 48852",8534479176
Jody Peterson,haleylucero@ray.com,"0659 Frederick Cape Apt. 962 Matthewview, CA 47662",2637031597
Jeremy Padilla,susansimpson@willis-thompson.info,"569 Gina Well Suite 413 Audreyfort, WY 74931",2847905543
Raymond Russell,kristinfleming@hernandez.org,"704 Love Manors West Nicholas, DE 03988",0655418369
Meghan Mccann,nancystephens@cooper.com,"56304 Andrea Islands Suite 026 Davidfort, VT 64952",0935680523
Debbie Hill,joshuacaldwell@jackson-shaw.com,"202 Aaron Forges Suite 784 Lake Lindaside, DE 76261",1916034164
Kathleen Gonzalez,ksherman@hotmail.com,"Unit 9410 Box 1345 DPO AA 77284",6271208293
Heather Delgado,rrobinson@gmail.com,"3395 Brown Camp Jasonstad, MA 87289",9957023449
Nathaniel Thomas,mckenzie07@miller.com,"653 Bryant Forest Yvonnefort, MT 99240",7868757099
David Adams,shannonflores@hotmail.com,"556 Sanchez Groves Graybury, MN 72982",1543633302
Laura Clarke,kathleen98@gmail.com,"6123 Montgomery Mall Apt. 422 Johnview, DE 93664",7972545641
Eric Avila,sara35@smith-sanchez.com,"050 Christopher Villages Apt. 831 Kristinport, AZ 01141",8327863829
Tiffany Rogers,jennifer08@sanders.com,"808 Singh Meadow Suite 701 North Markfurt, VT 23464",1538663727
Tina Browning,robert60@richardson.com,"3390 Scott Fort Suite 381 Port Timothy, VA 24439",2006887872
Elizabeth Hines,mmoore@warner-leon.com,"505 Pamela Ports Apt. 634 Williamsmouth, AK 44126",6833039454
Mr. Raymond Mitchell Jr.,joshua32@campbell.com,"58364 Burke Islands Martinezberg, UT 47551",0592740330
Joel Hart,rjohnson@hotmail.com,"6634 Shannon Turnpike Apt. 517 New Karen, NY 00676",9889869193
Alejandro Rodriguez,michaelheather@price-brown.com,"06661 William Loaf Apt. 470 Hansonchester, FL 71595",5075939055
Paige Patterson,greed@houston-livingston.biz,"41684 Cline Burgs Suite 108 Lake Brenda, NH 78167",9727844847
Richard Jordan,marcussmith@hardin.com,"493 Meagan Fords Boydburgh, LA 91663",9903237377
Scott Kim,christophercolon@dawson-beasley.com,"39743 Jeffrey Path Matthewbury, WV 78732",6524711624
Michael Rodriguez,sgilbert@hotmail.com,"87030 Edward Track West Kerryport, MT 52020",1417313713
Christine Fry,uelliott@manning.com,"5285 Marcus Route Bobbyfort, AL 61659",2189662383
Eddie Ortiz,melissa42@hotmail.com,"4527 Neal Pines Suite 686 Leetown, GA 13880",8721600095
Kyle Little,aaron64@yahoo.com,"8614 Brittany Falls Jamesmouth, RI 44387",9911364445
Daniel Alvarez,maryrobinson@gmail.com,"1932 Victoria Trail South Catherinebury, GA 78648",3158403857
Kristina Obrien,melissaclay@hunter.com,"1537 Bell Fall Apt. 091 Halemouth, NM 43934",4102649179
Joanna Flores,chadjohnson@gmail.com,"8757 Lowery Mountain Suite 581 Mooreburgh, OR 60118",2239983440
Noah Clark,kelly40@gmail.com,"8045 Phillips Plaza Suite 369 Timothyborough, FL 01671",8273687999
Christina Wilson,regina40@yahoo.com,"59297 Jennifer Crest Suite 909 North Loristad, KY 95672",6630900220
Alexandria Harris,alyons@hotmail.com,"96166 Eddie Plain Perezland, SC 91430",7113781826
Alex Gonzalez,heather05@david-rose.org,"15187 Debra Islands Suite 601 Lake Thomasmouth, MI 05170",9726975419
Nicole Hull,daniel04@yahoo.com,"6241 Chandler Freeway Apt. 963 South Erin, MS 02852",4864313762
Luis Charles,cowens@tanner.com,"83762 Dean Plaza Ellisbury, NM 40079",6465059943
Diana Meyers,ggreene@armstrong.biz,"3248 Carroll Street Mccartychester, TN 17148",1210760642
Margaret Patterson,jennifertorres@fischer.net,"388 Scott Fort New Randystad, NM 74256",9492808162
Kyle Mccall,robbinsrichard@yahoo.com,"Unit 5721 Box 1699 DPO AP 54182",4543989638
Henry Anderson,hessdavid@rivera-wheeler.com,"95538 Thomas Track Bishopbury, VA 17142",4445804654
Andrew Barron,colejames@anderson-miller.info,"USNV Sullivan FPO AP 23620",9574647274
Allen Thomas,brandongarcia@wheeler.com,"Unit 8435 Box 9577 DPO AE 29392",9147739948
Amanda Mcknight,ascott@peterson.com,"484 Dana Crest Suite 087 Stonemouth, MS 73408",5898851541
Dr. Kristen Mccall DDS,ronald26@stephens.biz,"330 Angelica Forges Suite 077 New Shawnchester, NV 68541",4440460656
Stacy Webster,joel47@miller.biz,"323 Reed Brooks Port Daniel, SD 34310",5729678500
Lorraine Anderson,osmith@yahoo.com,"USS Kidd FPO AP 45162",1930551398
Theresa Smith,zmay@salazar-wilson.com,"645 Figueroa Trace West Luke, DC 77767",7004892609
Angel Hoover,perryedwards@hall.com,"0358 Wendy Oval Apt. 433 Ramostown, WV 32304",3926383826
Jamie Cervantes,ochandler@bennett.com,"1175 Alexander Point Suite 582 Brownview, TX 92258",9050429824
William Palmer,garrettmelissa@hotmail.com,"52785 Stafford Path Apt. 493 South Stephen, MA 07350",7022626404
Adam Cole,jacob00@hotmail.com,"7484 Jackson Islands Suite 239 Johnsonchester, LA 11746",6233025588
Dr. Lawrence Allison,william07@gmail.com,"63670 Martin Track Apt. 012 Josephport, MA 13359",1984197912
Rebecca Trevino,john17@yahoo.com,"695 Trevino Forge Apt. 951 New Joshuachester, DC 15011",8057300705
Stephen Stevens,youngamanda@hotmail.com,"27784 Adams Springs Apt. 742 Rodriguezview, NV 14342",4192973037
Jason Copeland,jerome36@lee-porter.com,"6878 Edwin Groves New Nancy, DC 49122",4220927816
Shelly Collins,tanyajohnson@jones.com,"2996 Cook Light Griffinfurt, NY 69038",0721502567
Daniel Ramirez,tiffany98@hotmail.com,"996 Hector Cape Suite 854 Evelynborough, WA 69964",4847818993
James Crawford,qbarnes@hotmail.com,"Unit 9889 Box 2259 DPO AE 33272",5840428082
Marie Davies,ntucker@stewart.biz,"84500 Wheeler Mission Suite 630 Lake Timothy, OK 92488",2559988049
Terry Hill,wilsondennis@jones.biz,"PSC 3137, Box 9160 APO AA 02679",0182260830
Theresa Wise,howardherrera@lewis.com,"14091 Howard Extension Suite 862 Kevinton, MD 38969",6796237169
Joshua Hamilton,keithmills@gmail.com,"PSC 1321, Box 4679 APO AE 04536",5867988079
Craig Salinas,rdoyle@palmer.com,"2907 Larry Land Carrieberg, MI 28799",4024837702
Terry Clark,jamesaguilar@white.org,"6068 Megan Estate Danielleton, NM 36409",6199829886
Lauren Morris,christine69@hotmail.com,"658 Kyle Row Suite 256 Lawrenceshire, ID 36032",5007692859
Gilbert Smith,rfoster@gmail.com,"Unit 4455 Box 8234 DPO AA 01389",4092375810
Karen Cook,pmitchell@sanchez.org,"173 Dylan Shore Apt. 254 Lake Jamiehaven, NY 62744",0812221873
Tina Nichols,brian69@hotmail.com,"46585 Douglas Port Andrewfort, CT 02095",2174436390
Nicholas Griffith,rojascandice@gmail.com,"9947 Perry Fork Rollinsview, IN 79951",5746651378
Deanna Lewis,charlesbernard@peterson.com,"42206 Desiree Springs South Frankfort, MT 17298",7302157662
Katherine Lucas,mbates@yahoo.com,"402 Taylor Stream Suite 223 Port Michaelmouth, AL 34909",4892611309
Edward Lucas,william12@gmail.com,"2658 Cathy Forge Suite 216 Estesshire, TX 29359",7743415821
Matthew Walker,aholt@gmail.com,"92595 Jamie Lane Burketon, UT 87659",0354911358
Xavier Jones,nward@schwartz.biz,"79217 Bryan Fork East Davidport, WI 65880",3593688752
Tracie Lopez,stephanie81@gmail.com,"USNV Bates FPO AP 20267",8991246072
Elaine Bryant,lynndonald@kelley.net,"066 Jones Crescent East Jose, AK 56469",9126957252
April Newman,andrewspencer@simpson.com,"301 Suarez Forks Apt. 657 Jamesmouth, SD 75561",2985082988
John Smith,mariahryan@gmail.com,"40624 Gary Place Suite 414 East Michaelside, HI 02884",1727019844
Kevin Campbell,martinezanthony@hotmail.com,"881 Cameron Mall Suite 705 New Hannahton, WA 98433",8452830637
Lindsay Alexander,santanavictoria@gmail.com,"4334 Dale Key Barrettshire, WV 80897",0003667063
Kristin Hernandez,martinkristy@davis-campbell.com,"60036 Chapman Dale Suite 168 Port Rebecca, VT 65658",8468996190
Shawn Freeman,chadwilliams@yahoo.com,"581 Newton Tunnel Candaceside, ID 92924",3997484462
David Diaz,avilajessica@gmail.com,"8536 Susan Course Mariaton, LA 30379",3023478364
Victoria Olson,ufowler@hotmail.com,"2284 Miller Heights Andersonbury, UT 92016",2051441822
Jorge Barber,erinjacobs@larson-payne.com,"Unit 4030 Box 1187 DPO AE 21230",5541691536
Christine Stanton,michael78@nguyen-hughes.com,"86007 Anderson Club Sarahmouth, IL 09595",6949430599
Stephanie Adams,spearsrichard@martin.biz,"363 Linda Mission Apt. 030 Gutierrezborough, NM 99606",7552834722
Jill Wheeler,khartman@williams.com,"0550 Curry Lodge Apt. 663 East Robertview, UT 39190",0737612752
Joseph Harris,tbell@patel-torres.org,"38513 Young Ferry Suite 271 Raymondshire, RI 18897",8553725742
Kimberly Morales,smithlaura@sparks-fletcher.com,"722 Fuentes Radial New Richardland, AL 24843",1815752420
Steve Lewis,wjohnson@hill.biz,"95622 Crystal Forest Suite 020 Margaretfort, MA 98624",4377312197
Sharon Ryan,dvasquez@wood-ortiz.com,"63402 Green Highway Suite 391 Port Jesse, MT 52712",0643319216
Jane Nichols,millerbrandon@gmail.com,"812 Kaiser Prairie Suite 608 Thomasstad, PA 89184",8031866320
Melissa Johnson,cummingsashley@beasley-brown.com,"01489 Jessica Island Fosterview, KS 87083",6257544868
Danielle Hayes,phillip07@hotmail.com,"PSC 1552, Box 1847 APO AP 10748",5656804682
Matthew Tucker,wongvirginia@hotmail.com,"1696 Thomas Hollow Suite 778 Jessicaburgh, UT 28481",3204070086
Renee Brown,davidlyons@wilson.info,"Unit 2587 Box 0017 DPO AA 80150",3160805941
Matthew Zimmerman,mindyguerrero@jimenez-simmons.com,"851 Terry Station Apt. 493 South Kelly, VA 79467",0925427948
Daniel Nicholson,michellehoward@carlson.org,"054 Ashley Center New Joshua, WA 27255",6159291865
William Gomez,jamesschultz@yahoo.com,"9335 Sanders Heights Suite 348 Lindseyfurt, ME 60169",3067095628
Edward Davenport,udavis@yahoo.com,"304 Valdez Avenue Suite 265 Collinston, GA 25068",4326831796
Benjamin Wright,holly73@dominguez-williams.biz,"1374 Elijah Branch Suite 965 North Jennifer, OK 16963",4612007360
Toni Shelton,cmartinez@obrien.biz,"58137 Boyd Route Cheryltown, ID 84114",4452718076
Marcus Gomez,erin02@rivas.com,"09531 Bailey Courts Suite 359 Carrillomouth, NM 45778",6812652412
Jose Jones,mackenzie65@gmail.com,"97308 Davis Crest Apt. 557 West Alexanderstad, AR 63074",4949623172
Jeffrey Hicks,jbarker@gmail.com,"54440 Black Manor Suite 705 Jacobstad, PA 35219",2526092025
Theresa Simpson,gomezdebra@bowen.biz,"3133 Christine Mission Apt. 007 South Brandyshire, NY 27756",4636602279
James Clayton DDS,randy68@hotmail.com,"7566 Angela Glens West Elizabeth, TN 41160",8391840312
Madeline Huynh,sandersstephanie@brown.com,"8447 Tapia Motorway Lake Hollyshire, MT 10621",0192809116
Dr. Ashley Perry DDS,buchanansue@hotmail.com,"54954 Maxwell Rapids Shawnberg, AL 35788",6125249219
Jason Gallegos,millerwilliam@vazquez-norris.biz,"USNS Lynch FPO AA 04811",5487219806
Richard Hill,zjohnston@yahoo.com,"32101 Ruiz Estates Suite 803 West Marietown, MO 81058",9846624963
Jeremy Parker,ugreene@gmail.com,"4061 Smith Loop Suite 174 Klineborough, NV 16878",4887238325
April Rivera,gary27@hotmail.com,"0850 Anna Trail Jenniferfort, VT 26002",5086613202
Amber Kelly,meyerscassandra@hotmail.com,"2400 Bowman Lodge Lake Nicholas, VA 74962",9984116686
Lori Foster,dmonroe@hotmail.com,"732 Christopher Prairie Apt. 903 West Jose, IN 03166",6271630926
Steven Oconnell,grahamdavid@gmail.com,"991 Catherine Lodge Apt. 046 South Madisonbury, UT 07333",0244894176
Dwayne Jones,icabrera@gmail.com,"524 Scott Drive West Gina, DE 15212",4232753074
David Smith,cherylbaldwin@schwartz.info,"06004 Danny Fields Suite 403 Lake Amytown, HI 04095",6389542735
Jesse Miller,karenbrown@bass-rogers.org,"32343 Ramsey Cove Apt. 192 Port Tinaport, ID 94978",7801808394
Tim Bradford,kimberly60@bell.org,"780 Rogers Walks Suite 241 Amandatown, MN 88931",0208807195
Shannon House,brandonmurillo@nelson.com,"Unit 5442 Box 8484 DPO AP 68740",0515979152
Melissa Hull,mweiss@moore-richardson.com,"1623 Simmons Motorway Suite 752 Davidstad, WI 06240",3723287745
Shane Griffith,rodriguezbrittany@gmail.com,"37269 Lisa Squares Suite 488 West Jill, CO 99354",3221921653
Maria Salazar,mfreeman@gmail.com,"5285 Barnes Rue Suite 590 South Matthewborough, IA 46938",5599160048
Mr. Daniel Kemp,anneblackwell@escobar.com,"USCGC Mitchell FPO AP 06875",5679567286
Melvin Mason,oford@gmail.com,"40766 Scott Tunnel Suite 808 New Jillbury, WV 91481",6723482710
Jared Walker,morenojay@yahoo.com,"805 Wood Plaza Suite 533 Lake Jessica, MA 07226",1688779327
Diane Armstrong,rkemp@yahoo.com,"51000 Angela Glens Suite 778 Port Jorgeside, AL 19766",6547959922
Mark Booth,thomas08@weaver.com,"46552 Paula Mill Suite 294 Port William, ND 19984",1800209201
Samantha Hale,johngomez@hotmail.com,"7374 Linda Crescent Apt. 165 Markmouth, AK 83542",4222999150
Jamie Cole,christophermckee@hotmail.com,"764 Johnson Center Suite 498 Nicholasview, IA 86278",3619342627
Patricia Allen,ydavis@gmail.com,"634 Murphy Via Donaldfort, DC 06992",8834114019
Martha Dougherty,pattersonchristine@yahoo.com,"730 Brittany Lakes Apt. 706 North Michael, MD 03949",2619306844
Brandon Proctor,hhanna@gonzales.biz,"05605 William Mews Apt. 625 Francoville, OR 50179",2404518198
Raymond Simmons,hgalvan@yahoo.com,"63015 Jennifer Squares Suite 129 Ricardoville, RI 83973",5154345457
Erin Day,hallapril@sparks.com,"768 Kathryn Terrace Anthonyview, SD 23512",0225389354
Cody Leach,mlin@hotmail.com,"680 Andrew Summit Suite 039 Wilkinsonstad, WI 87382",8318112425
Bryan Walker,michael92@wise-edwards.com,"3814 Gonzalez Skyway Melissastad, UT 79848",9739868194
Shannon Johnston,emily65@evans.biz,"064 Hernandez Roads New Toddville, TN 56501",2180420005
Krystal Vasquez,knappvanessa@martinez.com,"557 Jeremy Spurs West Ginabury, UT 85156",6106527103
Brittany Foley,wmurillo@wallace-jenkins.com,"094 Michele River Apt. 633 Leonardton, WY 07200",0691343067
Alexandra Smith,dylanramos@hotmail.com,"959 Calvin Club Suite 269 New Davidborough, PA 52578",1567164946
Reginald Owens,ochaney@lopez.biz,"77371 Brian Forges Suite 113 East Caitlinview, NM 38886",4580277981
Cameron Mckee,eobrien@jones.info,"PSC 5767, Box 5687 APO AA 92019",9492577033
Kelly Vargas,nprince@gmail.com,"29667 Allen Island Brianbury, HI 00893",2378242526
James House,ipayne@gmail.com,"77678 Thomas Alley Apt. 471 Lake William, IA 27451",7869321531
Amber Jones,combsbrett@ho.com,"568 Michaela Roads East Katrina, DE 77649",3377256954
Brad Burnett,ytran@hotmail.com,"096 Charles Causeway Lake Marcus, NM 94677",4714893626
Robin Arnold,ewalker@gmail.com,"394 Garrett Ferry Williamsbury, MA 60350",0676737446
Johnny Smith,david93@yahoo.com,"USNS Fitzpatrick FPO AP 73798",0710395905
Christy Reed,kathleenanderson@higgins-watson.net,"Unit 0408 Box 7978 DPO AP 50106",0867627561
James Salazar,sarah01@gmail.com,"36713 Stone Islands Port Marc, MD 70013",8867607099
Mariah Ayala,william18@yahoo.com,"4484 Wendy Valleys Suite 186 Richardstad, DE 11804",7635406836
Justin Thompson,joepeterson@jones.net,"343 Weber Dale North Michael, ID 57458",7869377763
Colleen Obrien,murphyjulia@aguirre.com,"798 Peter Village Suite 773 Ericksonfurt, CA 99502",3466170766
Hunter Ali,williamsleslie@hotmail.com,"8492 Sellers Throughway Apt. 221 Port Theresaland, AR 76056",3511027721
Kenneth Edwards,jenniferjenkins@spencer.biz,"7650 Parsons Ranch South Frankville, KS 09836",9755801724
Shelby Smith,parkerpamela@bates.info,"2801 Chambers Dam Davisburgh, GA 14593",3286133110
Robert Gilbert,walter94@gmail.com,"50690 Timothy Curve Michealtown, NY 74411",2577232541
Shelby Johnson,andreafowler@yahoo.com,"567 Williams Islands Mckenzieville, ME 73476",6663829707
David Holland,ctucker@bauer.info,"0019 Brian Prairie Suite 672 Tranburgh, MS 81198",0871888678
Peter Buckley,usanchez@brown.org,"89381 Skinner Stream Lake Danielmouth, NE 48659",2687004665
Sharon Owens,aaron49@yahoo.com,"116 Joseph Brooks Apt. 730 West Shaun, RI 05727",7266651476
Elizabeth Lopez,garciaperry@yahoo.com,"582 Miller Lake North Juliafurt, MD 55399",3655619780
Douglas Lucas,matthew24@allen.com,"1850 Austin Heights Richardsfurt, KS 78185",3089179771
Sharon Page,zweber@holmes.com,"Unit 3685 Box 1238 DPO AP 77941",0706133201
Steven Preston,opotter@franklin-parker.biz,"523 Crystal Isle Apt. 264 South Lindamouth, SD 21910",4697392596
Timothy Potter,derrickrose@gmail.com,"4368 Jackson Street Apt. 220 Lake Jamesville, CA 69436",1831779973
Shannon Adams,brianmorgan@jackson.info,"736 Ray View North Larry, LA 61923",4285782296
Megan West,patricia80@larsen.com,"02231 Raymond Forest South Elizabeth, CA 31939",1884624591
Susan Simon,scott99@yahoo.com,"665 Brittany Run Suite 831 New Stacy, TN 30049",4914429500
Luke Clark,coxmelanie@frank-stewart.com,"51880 Hunt Glen Suite 019 South Candaceberg, TN 60866",9260911231
Sheila Berg,scott09@wallace.com,"26762 Travis Extension Suite 209 New Anna, SD 74688",9276930336
David Andrews,juliejones@rogers-gates.com,"7371 Lauren Green Lake Brianstad, WA 65163",8733051572
Dawn Garcia,charles74@gmail.com,"Unit 7146 Box 5792 DPO AA 26176",4009905888
Richard Hernandez,diazcorey@hotmail.com,"4618 Stacey Mall Suite 283 Williamside, CA 91434",7085006597
Richard Mccall,aaron60@gmail.com,"56409 Davis Freeway Port Mariah, WI 96879",7870939782
Debbie Miller,stephensontammy@gmail.com,"3405 Sanders Throughway North Johnny, WY 43700",9782752659
Charles Scott,taylorian@yahoo.com,"46474 Brown Loaf Apt. 416 New Veronica, ND 59633",8101631875
Sharon Velazquez,brett91@martin.org,"83968 Gina Squares Thomasmouth, OH 48742",2893680906
Ana Adams,hendersonsara@hotmail.com,"7231 Michael Club Tiffanyhaven, UT 99932",0948414979
Craig Mullen,bryan59@white.com,"66509 Jason Tunnel Suite 591 Payneton, NH 18424",5351131689
Michael Jones,sbrooks@hotmail.com,"8162 Sullivan Row Suite 084 Jessicastad, WI 67946",7535649870
Hayden White,weberdiamond@travis-hopkins.com,"330 Shawn Haven Apt. 015 Owensmouth, VA 25422",5686950231
Donna Mitchell,andrewjackson@campbell-gonzalez.com,"19198 Alvarez Glens Beanview, AK 01681",1412721647
Don Thompson,watsoncody@hotmail.com,"021 Monroe Plain Suite 058 Larryton, HI 48480",6120397219
Andre Green,jenkinsstephen@cunningham.info,"03818 Robert Estates North Thomasfort, NE 79071",2533581502
Francisco Sweeney,charlesgriffin@barber-jones.com,"5906 Charles Station Jamesmouth, NH 82264",6236329363
Joseph Maxwell,harrisjill@caldwell.com,"6477 John Ramp Suite 076 Lake Kimberlyport, MA 51602",4550010841
Holly Meadows,cameronbrian@jones.net,"57992 James Valleys Suite 011 Port Nicoleside, NH 94576",4337181226
Adam Smith,liualan@yahoo.com,"644 Brenda Tunnel Elizabethborough, WI 94431",6099946807
Sarah Fritz,mcmillanjeffery@white.com,"87075 Jeffery Manors Cartermouth, NJ 48010",0066184866
Sandra Hughes,hmiller@gmail.com,"859 West Lake Apt. 157 Lake Carolinemouth, WY 46307",7734610710
Michael Brown,mitchellbriana@cox.org,"00694 Brittany Shoals Suite 312 South Jacobville, NC 14857",9475045773
James Hill,stacey54@yahoo.com,"392 Michael Points New Thomas, SD 05814",4338654395
Elizabeth Lawson,sheppardcody@meyer.com,"95282 Michael Glen Suite 216 Jamesfurt, AL 61002",3663517608
Todd Morgan,medinadustin@mitchell-salazar.com,"28452 Cole Mews Apt. 152 South Sarahville, OH 34694",8796039834
Wendy Morton,xbrooks@leblanc.net,"055 Jordan Ferry South Jessica, VA 90102",9722036135
Kathleen Roach,cindysampson@hotmail.com,"2247 Andrew Rapid Suite 675 North Ashleyview, MN 19167",5323948124
Diane Daniels,erin90@young.com,"507 Katherine Lakes Apt. 725 Emilymouth, CA 34183",7068480847
Erin Ali,erica52@yahoo.com,"09276 Charles Radial Suite 751 Jerrychester, PA 19572",0366452002
Willie Brown,kimomar@yahoo.com,"645 Brittany Glens Suite 510 Brownfort, PA 67302",7951086969
Donna Warner,afreeman@hughes.com,"Unit 1851 Box 1057 DPO AP 27113",0596384103
Christopher Smith,zlynch@gmail.com,"6079 Brown Turnpike Suite 057 Markfort, DC 35935",7520229374
Diane Pace,jeffrey52@yahoo.com,"USS Johnson FPO AP 36097",4854142707
Renee Wilson,steven15@clark.com,"2631 Steele Landing Suite 274 Collinsmouth, NM 18846",9263672417
Anne Cook,patriciastevens@yahoo.com,"92986 Nash Viaduct Apt. 634 Lake Gary, WA 38540",6772185253
Ryan Burke,kathleen39@gmail.com,"278 Patty Heights South Thomas, HI 31749",7046609831
William Greene,foxkaitlin@gmail.com,"276 Wendy Road Apt. 394 Jacobside, OK 03347",4698008082
Joseph Aguilar,mosssteven@gmail.com,"938 Gallegos Knoll Gibsonborough, MD 47334",4227760573
Cathy Lozano,kennethscott@wang-garcia.com,"638 Eric Pines Suite 992 Lake Michelleport, DE 53916",8349839593
Joseph Garrett,fkim@hotmail.com,"USCGC Mills FPO AE 25323",1255171465
Don Nelson,dianephillips@russell.com,"PSC 7429, Box 2472 APO AE 60463",0050473719
Gregg Ortega,smithrachel@kline.com,"USNV Richardson FPO AE 25878",2160762927
Manuel Evans,wheelermary@yahoo.com,"01763 Lydia Views New Shelleyville, ME 86515",6204080374
Lori Torres,lbright@farrell.net,"675 Phillip Forks Ashleytown, MS 61280",6135108581
Melissa Hill,todd78@moore.biz,"33207 Jeffrey Gardens Suite 246 Abbottstad, KY 60471",1974776140
Patrick Jackson,rachel90@gmail.com,"022 Jones Rapid Suite 423 Diazstad, MT 31193",2538961714
Laura Hancock,joyjones@jacobs.com,"67791 Christopher Views Suite 151 Grimesport, MN 35467",2485379871
Nathan Taylor,pamelaarias@gmail.com,"78070 Sydney Forks Apt. 653 New Kyle, NH 38470",0798000321
Renee Lee,qperkins@yahoo.com,"665 David Springs Johnmouth, CO 74854",6536589032
David Sanchez,leonard83@hotmail.com,"USNS Lawson FPO AP 50265",1419178272
Austin Webb,nathan11@hotmail.com,"05638 Alvarado Trace Apt. 102 Andrewtown, MT 82870",5270410247
Gail Owens,marylee@gmail.com,"32801 Cameron Villages South Rachaelchester, MO 72930",6908180547
Bradley Coffey,davidfowler@yahoo.com,"72552 Francisco Forge Cookberg, UT 62711",1770308009
Samuel Baldwin,dawntorres@gmail.com,"721 Christopher View Port Frankside, VT 05723",9061070888
Brian Graham,vegalaurie@gmail.com,"830 Williams Burg Lauraview, FL 56637",7268839615
Ryan Solis,uwilliamson@bryant.com,"23934 George Groves South Theresa, IL 36208",6320764999
Brooke Riley,nealmary@reese-brown.com,"93025 Michael Roads North Nicholas, RI 07228",4835166247
Joseph Flores,ileblanc@walters-alexander.biz,"12859 Antonio Shoal Perezfort, FL 94170",9171307906
Andrew Martinez,lrodriguez@gmail.com,"7637 Jeffrey Junction Apt. 357 Marcusborough, RI 12391",5844522309
James Simmons,oreyes@henry.biz,"3071 Haley Rapids Suite 826 Lake Colleentown, NE 01914",4249312899
Scott Munoz,lisa13@gmail.com,"Unit 0915 Box 7257 DPO AP 12137",4776449911
Elizabeth Santana,vjackson@jones.com,"12839 Tracy Brook Maloneview, CT 53794",6451301139
Anthony Walker,lindahogan@brown.org,"17812 Samuel Flat Wongbury, GA 36877",1303705308
Emily Jackson,fparsons@hotmail.com,"09069 Mann Fort Reedbury, CO 89271",7176210457
Juan Hughes,allisonlong@hotmail.com,"845 Williamson Stream Apt. 361 Brewershire, OK 04402",2108284827
Lindsey Sharp,fsmith@gmail.com,"61308 Michelle Alley Suite 962 Craigborough, TX 81225",1384307779
Jessica Fritz,romerochad@gmail.com,"90278 Timothy Overpass Suite 078 Lake Rachelborough, CO 93262",8984598511
Michelle Higgins,dmartinez@lopez.com,"714 Mindy Inlet Apt. 956 Port Vernonborough, NM 85033",7690618936
Brett Smith,michael58@drake.com,"8752 May Ridges Port Kelly, RI 04833",5133831437
Nicole Jimenez,davidcox@andersen.biz,"55165 Williamson Village Lake Deannaview, LA 15259",2112189478
Cheryl Fleming,broberts@hotmail.com,"110 Boone Freeway East Juantown, RI 78544",2773083693
Chelsea Williams PhD,carla38@yahoo.com,"55122 Johnson Ford New Terrenceshire, CO 32678",8070469240
Daniel Wilson,abentley@hotmail.com,"620 Robert Valley Anthonyport, RI 43878",3657450310
Anna Jones,henrysteven@rodriguez.com,"28471 Wallace Branch Apt. 559 West Joshua, LA 62487",8428885983
Laura Hayes,michaeldyer@lee.com,"901 Todd Wall Aliciaberg, OR 12471",9949988565
Russell Orozco,carloscantu@wright.net,"PSC 7566, Box 7656 APO AP 05525",4142703893
Laura Thomas,hfuentes@gmail.com,"5422 Michael Knoll Susanborough, LA 38505",7757904075
Kylie Walker,smithbrian@wells.com,"274 Jones Forges Suite 464 New Nancy, VT 58551",1901726046
Andrea Smith,jasonedwards@gmail.com,"31943 King Squares Bowerstown, IL 06756",4788611007
Tammy Pope,pamelasmith@yahoo.com,"07619 James Manors South Susan, NC 76399",6479890348
Michael Wilkinson,timothy87@green.com,"98506 Joann Rue Jessicaton, MO 74210",5981822628
Victoria Marks,albertjones@gmail.com,"88416 Nathaniel Cliffs East Stephanie, RI 19718",9053934717
Kathleen Miller,erica08@walker-fernandez.com,"07034 Jones Corner Janetmouth, NC 75831",3037484341
Jeffrey Turner,leslie01@baker.com,"424 Wayne Court Mathisville, WY 89072",3325004816
Paige Lee,carriejensen@boyer.com,"011 Jackson Gateway West Kylie, NH 41433",7760168862
Dawn Young,adrianabarrera@yahoo.com,"018 Sanchez Squares Vincentbury, FL 92487",6295150583
Larry Figueroa,richard93@harris.com,"045 Sarah Glens Apt. 147 East Michellechester, MT 96504",2193333559
Robert Ware,johnnyibarra@yahoo.com,"288 Stephanie Land Suite 787 Simmonschester, TN 14883",0616012448
Caroline Bailey,blackwelldestiny@chang-moore.com,"89811 Kevin Locks Burnsville, MA 84678",1612275734
Ricardo Phillips,baileysarah@hoffman.info,"148 Sharp Plain Lake Kennethside, NE 84324",9208503047
Matthew Schmitt,amykaiser@gmail.com,"97568 Rebecca Vista Apt. 400 East Zacharyview, MO 96562",6552719178
Kelly Trujillo,vargasstacy@hammond-walker.org,"54534 Adam Ranch Port Robert, LA 64162",0974887632
Samuel Diaz,tylergordon@yahoo.com,"5384 Watson Turnpike Suite 110 West Ashley, NC 57636",2480091247
Michelle Lee,johnsonkatherine@yahoo.com,"617 Heather Glens Suite 860 East Angela, ND 62064",0989493710
Devin Howard,cassandra76@gmail.com,"418 Ford Landing Lake Chelsea, MT 37531",1732677859
Elizabeth Mack,rileyrobert@williams.biz,"990 Frazier Springs Gregorymouth, NH 38678",4341899731
Eric Wilkins,mejiarandy@garcia.com,"8253 Johnson Islands New Crystal, MA 71833",4013638793
Donna Austin,lwong@nelson-marshall.com,"9745 Sanchez Square Apt. 699 East Laura, NC 84944",0929606114
Deborah Davis,stevensdawn@khan-wood.com,"Unit 3395 Box 8387 DPO AA 32339",5069819241
John Dominguez,ibowers@hotmail.com,"1632 Richard Bridge North Rebecca, MS 43470",6674328084
Shawn Foster,mcclurelucas@conley.org,"30112 Brittney Hills Suite 966 Careyborough, IN 61376",4683276424
Christine Murphy,wayers@hotmail.com,"867 Fernandez Track Apt. 062 East Maryport, VT 27760",0026212319
Sheila Simpson,youngjames@richards-lee.com,"93435 Hill Inlet Scottside, CA 92585",5941636502
Nathan Hamilton,ldonovan@guzman.com,"03047 Wesley Landing South Christopher, CA 16305",0994212592
Jasmine Hubbard,andrewpowell@wade.com,"39660 Andrea Drive Apt. 929 South Travisfort, WV 35915",2840265952
David Hardy,wallacejoseph@summers.com,"043 Gibson Roads Laurieview, SC 17206",1372099067
Chelsea Peterson,gilesjoshua@yahoo.com,"8063 Ashley Street Port Kelsey, NV 45689",4180596228
Jean Castillo,karen32@norman-avery.net,"969 Holmes Groves Jeffreyfort, WY 82957",4920002015
Mr. William Garcia DDS,cheryljohnson@hotmail.com,"5844 Hayes Flats Robertborough, CT 56340",1513778273
Adam Bailey,morrisjames@morgan.net,"8187 Young Circles Travisfurt, MS 02861",8597078239
Charles Harris,natalielynch@smith.net,"9376 Mueller Village Apt. 974 Latoyamouth, MT 24995",4415136295
David Brown,holly92@gmail.com,"365 Chad Cliffs Suite 659 South Tracy, MT 35327",8194276641
Barbara White,carrienelson@baxter-estrada.com,"67439 Michael Village Apt. 443 Joelside, NV 56665",8165606044
Carmen Gibson,anelson@wilkinson.org,"65749 Vaughn Rapid Apt. 868 North Kathleen, LA 65839",5849012196
Ms. Christina Coleman DDS,rlee@yahoo.com,"7752 Anne Extension Marvinborough, NM 08103",6624705100
Susan Carlson,kimriggs@benson-thornton.net,"60923 Allen Motorway Whiteton, KS 31993",4768383365
Nicole Simpson,miguel17@thomas-perry.com,"65655 Kevin Fall Leonardport, NE 81239",6379124674
Anthony Jones,michaelpruitt@roberts-walls.net,"035 Jesse Prairie Apt. 911 Jarvisville, VA 37178",9458129654
Angela Harris MD,qholder@yahoo.com,"145 Brian Divide East Joseph, MI 57385",0533109673
Teresa Bryant,nielsenashley@burns.biz,"293 Wolf Groves Port Amber, LA 73608",5389346879
Heather Gonzalez,perezwayne@hotmail.com,"45899 Porter Glen Apt. 876 Reedview, IA 58363",0965437564
Meredith Marks,vbrown@miller.com,"26201 Salazar Grove Apt. 990 Port James, WI 22237",7134116049
Travis Rowe,kimberlyhernandez@gmail.com,"354 Hurley Shoals Apt. 105 Leahmouth, CO 11869",7692104386
Matthew Davis,hlarson@miller.biz,"634 Patterson Ferry Lake Connie, MD 78892",1787045199
Julie Haas,pellis@gmail.com,"9975 Ashley Station Suite 389 New Toni, NJ 86437",2220497207
Caroline Cross,melissa14@hotmail.com,"719 French Circle Parkerland, NH 55459",9385255824
Lori Brown,nathaniel01@yahoo.com,"390 Rodriguez Locks Smithside, NY 44186",3409688718
Victor Smith,timothyalexander@gray-becker.biz,"14855 Wilkerson Trace Apt. 691 Mariafort, GA 61260",0169693609
Misty Peters,dominguezmatthew@yahoo.com,"507 White Falls West Daniel, IL 24088",9726908608
Jeffery Wade,rellison@yahoo.com,"411 Christine Well North Jacobfort, OR 27008",1054256704
Justin Parker,bmann@gmail.com,"Unit 5646 Box 6698 DPO AA 96285",4528618782
Joe Atkinson,brooksjoshua@yahoo.com,"2295 Kathleen Mountains Jasonland, VA 84215",3161711578
Jonathan Gentry,davisjack@gmail.com,"9960 Hill Junction Rushport, SC 82463",1823971365
Maureen Graham,scott58@mullen-myers.com,"78771 Erik Glen Apt. 957 Lake Markborough, WA 10723",3159041406
Jimmy Garcia,matthew45@yahoo.com,"42574 Ball River New Donaldstad, VT 35867",9242683179
Derek Dixon,erinpreston@yahoo.com,"114 Alicia Parks Suite 545 Justinside, AK 33432",0790258728
Reginald Baxter,michael24@perkins.com,"31942 Brian Walks Apt. 778 Howellmouth, MT 14107",3932636401
Chris Franklin,julielarsen@yahoo.com,"59810 Jessica Dale Apt. 948 Spencemouth, MS 64678",3051345120
James Ayers,odavis@gmail.com,"9824 Finley Spring North Heather, NY 38510",2276303898
Mary Cross,holly33@stewart.com,"938 Evan Motorway Vasquezberg, AL 64627",6236095513
Emily Shields,crystalmassey@yahoo.com,"10216 Rios Mills West Michaelstad, AR 20639",6660749048
Amber Morris,harristaylor@yahoo.com,"298 Kenneth Lodge Wesleyfurt, DC 53179",2902032670
Katherine Nguyen,jasondaniel@hotmail.com,"972 Moreno Circles Jessicamouth, LA 19971",3402245719
Shannon Swanson,xmichael@yahoo.com,"0826 David Village West Michael, IL 86910",5751253624
Mr. Charles Gill MD,lisa03@martin.biz,"022 Donald Station Suite 300 East Ronald, MT 35192",9782415805
Amy Smith,sarahwagner@williams-nelson.com,"724 Johnny Mission West Jeffreyburgh, WY 08526",9469248435
Jonathan Lane,clarkdylan@hotmail.com,"PSC 3374, Box 8608 APO AE 51452",7939671428
Joshua Bowen,williamsvincent@yahoo.com,"26533 Paul Stravenue South Juliehaven, OR 24174",9649494300
Kimberly Morgan,amberdavila@smith.com,"070 Clark Centers Jenniferberg, KY 81923",3578585211
Pamela Carpenter,amanda83@castillo-benitez.com,"4873 Melissa Valley West Darryltown, ID 58989",0310940083
David Rodgers,cheryl17@yahoo.com,"3300 Reynolds Motorway Apt. 387 Foxmouth, MT 78301",2380054408
Allison Green,calhounmario@howard.com,"539 Laura Trail Suite 205 South Ronaldstad, KS 85802",9148727546
Anthony Mclaughlin,smithmelanie@aguilar-ramsey.com,"9486 Miranda Groves Apt. 729 Kanetown, IN 83664",3401066376
Kerry Harris,bettybennett@gmail.com,"PSC 1168, Box 7854 APO AP 68460",4552922897
Christopher Mckee,kvelazquez@gmail.com,"21525 Aaron Neck Suite 211 South Leah, DE 87095",4024310208
Eric Boyle,gcuevas@gmail.com,"92060 Berg Coves Jimmyview, NH 05895",4065874171
Katie Oneal,michellemitchell@hotmail.com,"7390 Ashley Plains Wileytown, MI 08330",1095433754
Angela Bass,robinsontaylor@gmail.com,"5618 Katrina Loop Port Michaelchester, NY 70235",5570598599
Jose Rivera,joel55@bird.org,"556 Susan Mountain Nathanielfort, ID 60427",2959752640
Nathan Carlson,paulasmith@greene.com,"70505 Brian Loaf Apt. 324 Karenland, NM 20952",1389928014
Timothy Green,erneststein@schneider.info,"500 Scott Plaza Suite 052 Jamesview, MS 92260",8977888191
Crystal Stephenson,robert24@gmail.com,"4087 Hall Lights Apt. 128 New Kelly, VT 61834",6539654467
Nathan Peterson,imorrow@gmail.com,"PSC 2657, Box 5164 APO AP 52347",6292942016
Anna Simpson,ejohnson@foster.com,"705 Lyons Manor Apt. 860 Loganport, UT 60875",5730774504
Todd Thompson,oscar99@yahoo.com,"680 David Club Apt. 420 Edwardsville, NY 10974",1192508119
Stephen Pearson,dennis70@key-stokes.org,"4412 Johnston Dale Suite 817 Caldwellmouth, KY 38581",3243993076
Marie Werner,brandi21@gmail.com,"9960 Ramirez Radial Suite 317 Danielleton, CO 02321",5127455359
Kayla Fletcher,zthompson@howell-young.net,"00340 Alexis Burg Simshaven, NC 97297",3512423408
Gregory Davis,mark67@hotmail.com,"633 Nicole Row Apt. 459 Nelsonfurt, WA 46332",3896792962
Faith Gonzalez,halllauren@roberts-mitchell.com,"8743 Denise Passage Apt. 996 Barnetttown, TN 57607",5088766738
Michael Henderson,buchananmary@webb.net,"6123 Lam Inlet Apt. 675 East Nicole, WI 75614",0132683702
Matthew Torres,michaelsimpson@paul.com,"PSC 4970, Box 1960 APO AP 94255",0276576861
Kimberly Christensen,kaylarobinson@gmail.com,"4695 Jones Summit Heatherburgh, KS 88272",2503137928
Daniel Mckee,bsanders@beard.info,"872 Richard Divide Johnsonborough, SC 73096",6380527086
Ian Powell,dawnmcdonald@kennedy.biz,"197 Newman Forge Apt. 697 Connorfort, IA 91229",7357381109
Donna Lewis,mphillips@daugherty.com,"284 Marisa Square Suite 478 Davisberg, TN 95791",3181143444
Matthew Reese,iwade@ray.com,"87792 Hernandez Pine South Christopherview, NM 93532",9398068768
Keith Bradley,usanchez@barnes.com,"12826 Hendrix Fields Suite 790 Lake Williamchester, SC 93960",3062762492
Natalie King,munozamy@miller.biz,"88515 Lori Square Suite 967 Karenland, MT 53094",1344903978
Abigail Campbell,julie26@hotmail.com,"77433 Smith Crossroad Suite 165 West Holly, OK 64923",6415172339
Francisco Hart,jwatson@thompson.org,"7682 Michael Drive Tracymouth, OK 04761",5386470243
Kevin Martin,zhensley@gmail.com,"9860 Hammond Flats Apt. 489 Mosesfurt, ID 38584",4734804931
James Conner,nichole45@hotmail.com,"4083 Julie Turnpike Apt. 550 New Lisa, SD 21600",7945579848
Maria Mckenzie,katrina60@cole-lopez.com,"36726 Kyle Vista Suite 752 Leblancborough, ND 80233",0452461381
Leah Marshall,cynthia05@martin-jones.info,"054 Thompson Lakes Parkerton, SD 04513",4208682499
Jonathan Kirk,cummingsjennifer@hotmail.com,"04306 Nathan Club Suite 894 Lake Josephland, WI 39778",2462448094
Jeremiah Richard,haleybest@taylor.com,"73026 Kimberly Lodge Lake Suzanne, AL 35454",0242581019
Mary Miller,nathangardner@bass.com,"152 Knight Radial Apt. 818 Bonnieborough, OR 54878",0466063189
Diana Hansen,lynchbrian@bradford-martin.org,"1797 Jamie Alley Lake Melissa, AL 30563",4715691734
Robin Harris,williammora@hale.com,"USNV Clark FPO AP 85861",0367734293
Megan Jacobson,qdonovan@gmail.com,"032 Turner Port Suite 679 Dominguezberg, AL 29802",7050897226
Ariel Archer,carlawalton@hotmail.com,"47294 Petersen Station Apt. 151 Stevenberg, NV 52509",2778777729
Nicole Rowland,powen@gmail.com,"848 Benjamin Drives Kevintown, VT 43773",9457962582
Douglas Taylor,juan51@hotmail.com,"9935 Norman Common Apt. 325 Melissashire, ME 97928",2024764466
Tammy Gross,lbrown@deleon-morrow.com,"8188 Amy Drives Darinburgh, MD 39814",9127956104
Zachary Wilson,ruthhall@johnson.info,"49941 Parker Burgs Suite 801 New Aprilfurt, MT 19655",7262173560
Sarah Hamilton,christinereynolds@gmail.com,"512 Jerome Run Apt. 041 Greerfort, WA 60640",6310440070
Teresa Bradford,dustinhuff@freeman.com,"599 Huang Trail Burgessbury, WA 18480",9852794330
Anthony Lane,rmartin@allen.biz,"448 Timothy Port Apt. 602 Mariatown, OK 20301",9286111823
Matthew Miller,bellderek@mccoy.biz,"24874 Michelle Burgs New Lisamouth, CO 85502",6940222487
Connie Odonnell,rhamilton@thomas.com,"958 Taylor Loaf Elizabethberg, DE 90235",7128714742
Rachel Jackson,carpenterkathleen@duncan.com,"8377 Bartlett Light Apt. 392 Bryantside, OR 80578",9860110628
Michelle Owen,millercynthia@glenn.com,"6772 Boyer Mountains Daniellefort, NE 03159",4230251407
Thomas Wilson,lisa87@white.net,"PSC 1731, Box 4991 APO AA 09686",3884759335
Debra Miller,josecruz@malone.com,"348 Rachel Station Abigailside, NY 19233",7971137307
April Sampson,hooverchase@gmail.com,"899 Mark Corner Apt. 810 Trevorside, HI 93778",6025382086
Timothy Wilson,daniel49@walker.com,"2787 Christy Plains Apt. 341 Port Stephanieburgh, WA 38902",5261569387
Becky Garcia,mhuynh@anderson.com,"0775 Anderson Port Russellfurt, VT 64021",7491679134
Danielle Cook,jonespatricia@george.com,"253 Cooper Shoal Kempview, TX 11805",0498173732
Diane Cortez,erica92@brown-green.com,"62720 Alvarez Forks North Markton, LA 88156",5735397408
Daniel Davis,joshuaperez@yahoo.com,"0186 Jonathan Rest Clintonchester, SC 91416",4953156448
Tanner Stuart,adamslaura@hotmail.com,"5961 Daniel Row North Bradleyfort, DC 37648",9432315739
Dawn Lopez,jtate@gmail.com,"77586 Hernandez Orchard Apt. 209 Laurabury, DC 93005",1332451586
Kevin Brooks,nancyoliver@fernandez.info,"740 Boone Street Lake Shanetown, KY 32189",5093137155
Melanie Lewis,fcastro@gmail.com,"086 Yang Extensions Lake Kurt, VT 21619",8325986203
Carolyn Young,jeffrey34@brewer.com,"27970 Owens Loaf Floresport, MT 25189",1458485117
