Phone Number,Amount,Address,Name,Sku#,Invoice Id,Email,Total Cost,Date
(619) 126-4663,12,"30984 Matthew Neck Michaelville, GA 43520",Edward Clements,SKU#436dde36c9fc294189932638f3789898,IID#b21020d5b54087f3949f4eb4cb4392e5,kharmon@hotmail.com,468.59999999999997,09/10/2016
(473) 480-4931,20,"9860 Hammond Flats Apt. 489 Mosesfurt, ID 38584",Kevin Martin,SKU#bec7e4f13de9f987d917998cf040754d,IID#3b5710aaf22637a4858ee3b70ea2f380,zhensley@gmail.com,2765.6,09/10/2016
(202) 870-7701,9,"26889 Miller Parkway Suite 425 Brentchester, NE 51696",Paige Meyer,SKU#ccbdf684d154d86984b984bef22fb71f,IID#342370c273014db15f86db967709b41d,jill82@gmail.com,821.43,09/15/2016
(838) 488-2671,21,"0341 Hopkins Turnpike Suite 706 Ericfurt, MI 24725",Mr. Andrew Guzman,SKU#a27770954f1e6caf5875ab6ea6c4bfb5,IID#ffe80d06ddae7e9ae7746d1edd101048,qsmith@hotmail.com,2191.56,09/15/2016
(138) 430-7779,20,"61308 Michelle Alley Suite 962 Craigborough, TX 81225",Lindsey Sharp,SKU#22577911e88af39f79409e6de8eed4d9,IID#3da86cc48da84b8f3664b25f9d6821c9,fsmith@gmail.com,1835.2,09/15/2016
(002) 760-4792,15,"6502 Robinson Lakes Suite 750 Taylorburgh, AK 36808",Elizabeth Jones,SKU#a3e4a389dc43d310923fb62d5ab16a1c,IID#f2e24bc66f79bcb79d8ef0a052a47c22,vgriffin@walton.net,2020.2,09/22/2016
(847) 524-4948,14,"98453 Anderson Freeway Suite 647 Evansland, VA 26995",Misty Brown,SKU#e9212713a55c3fce07707c9adb0809b3,IID#b5824d707823bbc25c7016ebe5eef346,jaredwood@fernandez.com,1082.3400000000001,09/25/2016
(915) 790-4388,22,"USS Haney FPO AP 52781",Jasmine Olson,SKU#468d0dd7a404f5ec971c8fd62d0c9f2c,IID#9e5aaf1c89606b6d37affd5075144995,brownrachel@thompson.info,2935.02,09/27/2016
(995) 688-0725,16,"Unit 7605 Box 3721 DPO AE 31342",Brandon Murphy,SKU#eecd109a97f2bb0ca35fd4f7bb303543,IID#8a46a4bc77a3f321996ff4079f834054,melissaodom@johnson.info,1862.4,09/28/2016
(291) 196-5931,15,"USNS Shields FPO AP 79312",Gabrielle Combs,SKU#cd5d2472a2bf9ac7eb4e15146b30bd2f,IID#fd77b8e780a04fdcca64b06f6ca61b4e,williamsutton@yahoo.com,1243.35,09/29/2016
(965) 394-4569,14,"7322 Kennedy Light Morrisville, NV 70526",Mary Owen,SKU#654285e76e3062621bb2a7abadeb9214,IID#5b0ff20c8242958bf960a2461f7a244e,zmorales@hotmail.com,1771.8400000000001,10/01/2016
(036) 645-2002,21,"09276 Charles Radial Suite 751 Jerrychester, PA 19572",Erin Ali,SKU#ca49dbf0ed653ebdd3d2ad1ed23d6047,IID#081728bd73f3390ae15a1daa1c974109,erica52@yahoo.com,1743.21,10/02/2016
(100) 844-2110,13,"PSC 7262, Box 4547 APO AA 23112",Charles Smith,SKU#a63c90cc3684ad8b0a2176a6a8fe9005,IID#900ffa4e0e814df21f04470535f44fde,angela68@gmail.com,657.15,10/03/2016
(698) 118-5032,11,"2261 Johnson Mills New Lauren, CO 77310",Anthony Hill,SKU#0efce63cf4c085888a2772125dfe7aaa,IID#e28a54b27c039bf23eef2a6b47ea61b1,stephanie57@gmail.com,1009.14,10/04/2016
(459) 817-4061,13,"721 Brittany Court Apt. 661 South Christine, AR 37705",Brian Schultz,SKU#22577911e88af39f79409e6de8eed4d9,IID#051b018ca34cb995736d9c78c0621845,james07@strickland.net,1192.88,10/05/2016
(538) 647-0243,21,"7682 Michael Drive Tracymouth, OK 04761",Francisco Hart,SKU#db10fd32bfe67918ed177579d4be9d76,IID#7b9b75d28d7a9a41807f5c1a0d454e48,jwatson@thompson.org,1223.67,10/28/2016
(909) 188-9361,16,"944 Justin Oval Brittanyside, OR 07525",Vanessa Young,SKU#443e36e2a145d6a6dfa8fb6f120f0e1b,IID#f63502a7c6c29441731abc5e31c11ebe,janice40@hotmail.com,1821.92,10/30/2016
(357) 912-1734,17,"249 Lisa Parkway Jenniferstad, DE 26089",Felicia Williams,SKU#d28c293e10139d5d8f6e4592aeaffc1b,IID#419b9e6e972d9c69d1ed46cb431a50b5,maguilar@gmail.com,1173.51,11/03/2016
(966) 317-1059,15,"7048 Harris Avenue Port Alexandermouth, AZ 20553",Sarah Gomez,SKU#2c1cf4f76fa1cecc0c4737cfd8d95118,IID#c129bf25dbce0dc9f8470e0575705ab2,fordjesse@yahoo.com,1048.6499999999999,11/08/2016
(459) 846-0979,16,"358 Lewis Island Apt. 716 Roblesshire, NC 27638",Joe Wright,SKU#36ab5bbc84127288a4bfbab259005f93,IID#81bbe46c98bb559736cf635fc5863d85,ellisolivia@hamilton-chambers.org,470.88,11/13/2016
(399) 748-4462,4,"581 Newton Tunnel Candaceside, ID 92924",Shawn Freeman,SKU#67f022b63ce6ae0602b1c26761f4f7ee,IID#04d9e92a55f62f17b7aefec866a56489,chadwilliams@yahoo.com,564.96,11/16/2016
(576) 435-0379,12,"012 Santiago Meadow Bradshawfurt, UT 35833",Thomas Cameron,SKU#05fc90d38e2468528ad10b5ce0bff46f,IID#8d7eb10dc6f30dea455b81ffd35c5ee6,fwilliams@yahoo.com,1431.72,11/17/2016
(647) 989-0348,12,"07619 James Manors South Susan, NC 76399",Tammy Pope,SKU#a4350863c6fae54f9d8ef4de7095e3f4,IID#924e577611e4f5303001b19ed4c6a82d,pamelasmith@yahoo.com,980.76,11/17/2016
(508) 876-6738,19,"8743 Denise Passage Apt. 996 Barnetttown, TN 57607",Faith Gonzalez,SKU#b2d9d5b06c044b2b0e6ecb4e66d28f1d,IID#055fea55385623ed33c6e9ed70e45628,halllauren@roberts-mitchell.com,899.65,12/01/2016
(502) 964-2960,20,"2974 Gibson Court New Johntown, WI 25189",Luke Fields,SKU#87f5d8a4e70684e420eade3a1c662bc2,IID#0996e3459df16aee649ed255d0b50e5b,pmeyer@park.com,1462.4,12/02/2016
(322) 192-1653,13,"37269 Lisa Squares Suite 488 West Jill, CO 99354",Shane Griffith,SKU#d56f9775d4421043ef8e90641d93b07f,IID#a9c2472126111346d952f04e76b83251,rodriguezbrittany@gmail.com,1532.31,12/06/2016
(005) 968-3585,22,"465 Connie Garden Suite 109 North Robertland, MI 37796",Kimberly Romero,SKU#d41d8cd98f00b204e9800998ecf8427e,IID#2a0d083daef65ea42e1259351cb144f6,ssteele@jones-smith.com,1222.3200000000002,12/07/2016
(594) 163-6502,16,"93435 Hill Inlet Scottside, CA 92585",Sheila Simpson,SKU#b1aeaa449c48f1a53724de8f21c7baf7,IID#b1c1ca19647b07d273b310d42a9423a1,youngjames@richards-lee.com,1792.48,12/14/2016
(684) 988-0518,23,"122 Michele Light Lake Steven, NV 57490",Erica Wilson,SKU#1dc439aca90bbdf4c4c9a31543252fe3,IID#7068a3de622de39ba847ea44e0532271,rbeard@gray.com,2108.87,12/16/2016
(957) 464-7274,10,"USNV Sullivan FPO AP 23620",Andrew Barron,SKU#881996a3045c5de73795fa31aa6d10ef,IID#d310240900cf323aa32d6d1442d01e3e,colejames@anderson-miller.info,1134.2,12/17/2016
(622) 791-1323,17,"69564 Denise Villages Apt. 574 Parkerbury, AZ 42798",Mary Williams,SKU#3c4d7919cbd17dcd366fa5c05fca42da,IID#c1b301b4ea33b97bac2b8f130210d2a7,luis19@martin.com,2190.96,12/20/2016
(994) 998-8565,11,"901 Todd Wall Aliciaberg, OR 12471",Laura Hayes,SKU#318840b8fbe9f8653acf4138329b0a92,IID#26c4c887066de8915bf5b2af27e60fa6,michaeldyer@lee.com,1541.87,12/21/2016
(332) 500-4816,18,"424 Wayne Court Mathisville, WY 89072",Jeffrey Turner,SKU#3e0a582d1ad7720a269e3480f0740d40,IID#c54532d55d20f59aaeb1b8de172e06a2,leslie01@baker.com,1839.06,12/21/2016
(316) 080-5941,18,"Unit 2587 Box 0017 DPO AA 80150",Renee Brown,SKU#8c3dd65e8c58f99f970296b73a6be417,IID#142200dc59b255fdeee8eb99d95edcc7,davidlyons@wilson.info,506.16,12/23/2016
(679) 623-7169,9,"14091 Howard Extension Suite 862 Kevinton, MD 38969",Theresa Wise,SKU#f76f0a335388e887c2b67433c8541115,IID#829bf2c7443e6192ac9336d514f7c8f6,howardherrera@lewis.com,558.8100000000001,12/24/2016
(267) 579-0367,20,"Unit 9522 Box 8678 DPO AA 81287",Ashley Burton,SKU#534d78034b774b6266f2189576f8c6e3,IID#ead7810f863fbeedb2d466ea7dd2483e,patricia42@gmail.com,2531.8,01/01/2017
(403) 681-3740,21,"9075 Wright Haven Suite 173 Carolynburgh, TX 27799",Taylor Long,SKU#8e19213e1156d922d41679729f7ba8ad,IID#8c1b2f8c6ebd3409eca640c79024da8f,campbelljessica@yahoo.com,887.6700000000001,01/03/2017
(705) 089-7226,20,"032 Turner Port Suite 679 Dominguezberg, AL 29802",Megan Jacobson,SKU#2f6064003b888e403627e493532fc751,IID#eeb5263360951786a28679edc54d1398,qdonovan@gmail.com,2013.0,01/05/2017
(874) 225-1912,21,"610 Richard Tunnel Apt. 412 North Tanyaton, IL 06850",Alyssa Flynn,SKU#92f1f77de0ce17e9486d53787f69618e,IID#9950fde520aa330d682b87e817da6ae6,paul36@martinez.net,2545.83,01/12/2017
(113) 145-1781,11,"72512 Garcia Lodge Suite 069 Alexside, NE 10325",Christopher Wood,SKU#f7baa0ef2a6e106253085d6c0a5c0f03,IID#17baa94c1e8e602effe1adcccaa3b63c,stacyjones@hutchinson-mccarthy.com,974.5999999999999,01/15/2017
(171) 785-4946,24,"722 Moore Grove Danielberg, DC 30786",Desiree Yu,SKU#3e586cd8128ba5d03ccbc121909e7421,IID#e6c115f759a27b90aa32be083f1980d9,vbrooks@gmail.com,630.72,01/18/2017
(191) 603-4164,14,"202 Aaron Forges Suite 784 Lake Lindaside, DE 76261",Debbie Hill,SKU#ab97b3f446a250a1a4837ef471084348,IID#0057315e65a91ff046cf69e4c6508ac3,joshuacaldwell@jackson-shaw.com,1481.48,01/23/2017
(644) 201-4523,13,"2858 Jamie Ford Suite 225 West Victoria, TX 57326",Austin Gonzalez,SKU#d7a651527e52d575474b1f923d60d904,IID#ed8ec1903f472b0232427281853348ed,eric08@yahoo.com,1310.53,01/27/2017
(048) 475-3781,12,"Unit 4094 Box 3241 DPO AA 43026",Sarah Simmons,SKU#db46e81649d6863b16bd99ab139c865b,IID#48d3844bbe4bc80b6dee8ea041581509,gonzalezandrea@yahoo.com,797.04,01/27/2017
(361) 852-0549,21,"22384 Burton Turnpike Apt. 703 Port Elizabethmouth, OK 90733",Holly Baker,SKU#ea520dfad40b4e1c1c6a749d82e4a2c1,IID#8e1291cc815cffae57547ab275271de4,gharris@figueroa.com,2267.37,02/02/2017
(053) 310-9673,13,"145 Brian Divide East Joseph, MI 57385",Angela Harris MD,SKU#0f810edc4764e31999a8dfe30b2405ec,IID#ff7954a1a244fd70ed734d9b2b8e9af1,qholder@yahoo.com,806.0,02/04/2017
(237) 421-5881,9,"5575 Diana Field Apt. 093 East Lisa, WV 97831",Marcus Foster,SKU#51a0f2ace29ef86f6f71a72f908f3add,IID#e5754cd7758fe160fefa6b3dc2b26066,hgibbs@gmail.com,934.74,02/06/2017
(547) 474-6420,20,"USCGC Fernandez FPO AE 56978",Julie Phillips,SKU#07fd4cabb70cc07c0d00efb897ac76fe,IID#49fe9feeb14b129dc1d8d93f9fcd7024,ronald05@gmail.com,2464.4,02/07/2017
(869) 545-1321,9,"020 Hart Walks Suite 097 Jamesview, FL 73319",Tina Fleming,SKU#dcf346fa83e19956e968b4d76e185ab1,IID#0df8da988b6b6e57468de97c12aa43b9,kknight@yahoo.com,524.0699999999999,02/10/2017
(423) 025-1407,13,"6772 Boyer Mountains Daniellefort, NE 03159",Michelle Owen,SKU#b259e6ea164c6e479eec45c80772e515,IID#2f460803a966b8c6d69c20067bd05e5d,millercynthia@glenn.com,1146.08,02/16/2017
(154) 455-5243,20,"44350 Mclaughlin Stream Apt. 146 Ericahaven, DC 21715",Casey Robinson,SKU#5bccd8ff10735da26d5761d10b294a6a,IID#9d8e372a6107d16362d9b410315ae332,lindsey49@gmail.com,1959.6000000000001,02/22/2017
(705) 089-7226,8,"032 Turner Port Suite 679 Dominguezberg, AL 29802",Megan Jacobson,SKU#8e9d6c6d61e72b094ff58e3d75a99a83,IID#b8e0472a8efcc3f861b50cf9bdca3373,qdonovan@gmail.com,608.56,03/06/2017
(032) 267-4254,24,"7087 Clark Square South Catherinetown, TN 20210",Michael Wise,SKU#27c28407dc17f217aeacb5e62ed9a2bf,IID#97ca4c49a33985fc7d1c70376406c2b9,annacochran@bell.com,1564.08,03/13/2017
(157) 368-2141,16,"26375 Gross Stream North Mary, CT 14473",Darlene Campbell,SKU#798b4a7c5a9f20d24f36ba8daf7b8f70,IID#6e0555aceb5c9dc87401c1fa1dd227f8,xwelch@yahoo.com,1430.88,03/16/2017
(019) 280-9116,16,"8447 Tapia Motorway Lake Hollyshire, MT 10621",Madeline Huynh,SKU#63be8c1a5f7e53d837e3a4b347d8d811,IID#b90a648714b4e25b0a989c9f49608a1a,sandersstephanie@brown.com,2398.08,03/16/2017
(041) 030-1902,17,"306 Vasquez Forges Shawshire, KY 07165",Kristen Adams,SKU#83ac9b2246002e5bdb24b7d05a436007,IID#43b031c49dc3a30f447eb12ab498a1d8,ckaufman@hotmail.com,2451.91,03/17/2017
(290) 203-2670,25,"298 Kenneth Lodge Wesleyfurt, DC 53179",Amber Morris,SKU#3db1245b1350a34c1a8aa762299dd415,IID#f9dec86eb5d1a948a7e59977eea0f5dc,harristaylor@yahoo.com,2411.75,03/19/2017
(135) 220-1298,21,"452 Lisa Village Stevenfort, KS 25533",Adam Johnson,SKU#81684c2e68ade2cd4bf9f2e8a67dd4fe,IID#ad7dd9715da33394a81773922b7afc0f,palmercatherine@matthews-navarro.info,1685.25,03/24/2017
(212) 392-1059,21,"6463 Young Lakes Apt. 723 Eduardofort, CO 79814",Megan Webb,SKU#5632090e276f96fe6f833a2e0f75cdf9,IID#248e9aa93ac32b7cfe5ffc0a31e645a0,christian08@harris.com,3243.45,03/26/2017
(742) 434-4918,12,"3356 John Gateway Apt. 407 Lake Dylan, MI 68662",Rick Richardson,SKU#6cbbe3240a203b0ff387d9bbdadd49ef,IID#9f351b77b9b7a9d06d94d1eb57eff410,rwest@hotmail.com,712.4399999999999,03/27/2017
(872) 954-7766,9,"USS Scott FPO AP 61171",Patricia Barnes,SKU#57725904ea47601ccd29935de4ab1eac,IID#ba0fb1aab596b8749683bb19342981e6,tiffanyhess@mckinney-young.com,577.8000000000001,03/29/2017
(471) 489-3626,15,"096 Charles Causeway Lake Marcus, NM 94677",Brad Burnett,SKU#8b74e140e348190ff55743dc9b0fd763,IID#f9e5a1c14432a8d42650311874fd1429,ytran@hotmail.com,1476.6,04/03/2017
(380) 294-3758,15,"793 Madison Lake Port Tylerbury, OK 08672",Kevin Sanders,SKU#47ac0716d5626deb5d6bd92f052d67e3,IID#51d643b684e8153da305874d820243aa,wendyjones@harris.biz,1253.4,04/04/2017
(415) 063-0132,20,"0558 Angela Road Scottfort, MO 56316",Chelsey Ashley,SKU#21e2e8fe686ed0003b67d698b1273481,IID#ea1af3b5de696a34450110b7e1f1d329,mitchellrobert@gmail.com,2967.2000000000003,04/08/2017
(978) 241-5805,8,"022 Donald Station Suite 300 East Ronald, MT 35192",Mr. Charles Gill MD,SKU#8b74e140e348190ff55743dc9b0fd763,IID#11bc7686c7fe91b99a64feb3744ee902,lisa03@martin.biz,787.52,04/09/2017
(035) 504-4790,19,"2627 Andrews Alley West David, GA 94198",Carla Gaines,SKU#38f4e73d8ddc59d241dcc3f503e56b22,IID#cf6e8d8fa1d26b2d98d345c7ab950f4b,juanross@yahoo.com,2261.38,04/22/2017
(742) 796-2511,14,"504 Monroe Run Suite 370 Denisemouth, WV 60558",Jose Harris,SKU#2f6064003b888e403627e493532fc751,IID#653f32deed2e86513851a6f80cfc511f,markolson@hotmail.com,1409.1000000000001,04/26/2017
(623) 609-5513,7,"938 Evan Motorway Vasquezberg, AL 64627",Mary Cross,SKU#c5b7a97bda04c48435a145f2d1f9bb42,IID#4cdffacd084b2c82b15d8f56f24979e4,holly33@stewart.com,504.90999999999997,04/28/2017
(079) 800-0321,19,"78070 Sydney Forks Apt. 653 New Kyle, NH 38470",Nathan Taylor,SKU#c31dfcf948d8fbaffb2fc39e18001ea1,IID#22ba241776382071a6c11d238223b831,pamelaarias@gmail.com,2045.54,04/29/2017
(759) 856-3085,21,"65940 Ward Mountain Suite 941 Anitachester, NM 87233",Hunter Cooper,SKU#0f810edc4764e31999a8dfe30b2405ec,IID#ba1b98acfb37600ec0098a8f7626c235,scottphilip@gmail.com,1302.0,05/09/2017
(557) 892-7182,18,"8285 Curtis Road Suite 150 North Thomas, WI 26715",Kathryn Saunders,SKU#5360b12f6a07af7be93437d215f72fca,IID#0390084853edff4eb581147e8354fb35,sonyamccarthy@palmer.com,1441.2599999999998,05/10/2017
(006) 397-3773,14,"5261 David Cape South James, UT 50267",Carlos Young,SKU#515be8ee228ed2e93b2e746b70827020,IID#8e951fe27e82ae63a58c4d21d91b5aee,kathleen86@kennedy.com,2231.74,05/19/2017
(463) 660-2279,10,"3133 Christine Mission Apt. 007 South Brandyshire, NY 27756",Theresa Simpson,SKU#e2bdd4d017ce36dec632e386e894a4e5,IID#8b3c7699a94e7d4b9c09cc03e06b4ddd,gomezdebra@bowen.biz,666.0,05/23/2017
(599) 663-8613,15,"250 Veronica Cliffs Apt. 029 East Jenniferhaven, KY 31662",Anthony Church,SKU#9639b2e7e5fe39d0f1770cad86f59b73,IID#127401740a17c4dc91275aa350b2dca4,jenniferthomas@hernandez.com,1830.9,05/26/2017
(071) 039-5905,13,"USNS Fitzpatrick FPO AP 73798",Johnny Smith,SKU#149e9d3008eb45be7b0b57c19065d57b,IID#2c06d64d61ebe2bbfc656145962cd132,david93@yahoo.com,1225.77,06/02/2017
(965) 394-4569,11,"7322 Kennedy Light Morrisville, NV 70526",Mary Owen,SKU#6e36ba0fe61f7c6334305d61299c04cf,IID#6c01f9f28c115a1ac066a9a72e8e16e3,zmorales@hotmail.com,1315.9299999999998,06/07/2017
(343) 688-7849,16,"819 Susan Road Elizabethbury, UT 40634",Ashley Kirk,SKU#e0a6fc12e9cddb11d637714157db14e8,IID#c31fa6556d203e1befadc97e796ea8ed,dana28@powell.com,1471.36,06/15/2017
(566) 867-7640,13,"16801 Seth Hills Suite 083 East Michael, VT 73873",Erica Munoz,SKU#e2b1e53f26985bc0bc2a99c7d107a1d1,IID#b8201ea81a81c5fa04f1d730785a72dd,kathleentucker@landry.com,767.65,06/25/2017
(249) 572-7550,18,"6623 Joseph Brooks Suite 492 Harveybury, KS 26015",Monica Walker,SKU#1eb29d02e82d0f5ef507ebd70d6eaa56,IID#668b6ccb4822113463c4fec64c9e7371,ashleenoble@williams.com,1648.6200000000001,06/26/2017
(572) 968-2571,18,"07386 Moore Run Perkinsmouth, NC 05121",Juan Hart,SKU#b1fec41621e338896e2d26f232a6b006,IID#553b393fdd725562933bfb06692d01dd,esmith@yahoo.com,990.54,06/27/2017
(136) 417-4607,18,"42878 Jesus Parks Suite 184 Dustinshire, AL 76355",Marcus Johnson,SKU#fe60c9172b2514a1e530e8acb67583af,IID#732a7090ceae94670974fd9b12f63ffb,griffinmichelle@gmail.com,1269.18,06/28/2017
(623) 632-9363,9,"5906 Charles Station Jamesmouth, NH 82264",Francisco Sweeney,SKU#5a2f0a76a121bc07e0e2ec806a1d7536,IID#da37e430e68954d2f72ae9b17919a132,charlesgriffin@barber-jones.com,1217.79,07/01/2017
(306) 709-5628,18,"9335 Sanders Heights Suite 348 Lindseyfurt, ME 60169",William Gomez,SKU#8ecf2f8ab63fadbfd859d52ee7f05477,IID#f01b7c85f6c4316cfad798fc5ab42eb0,jamesschultz@yahoo.com,860.76,07/02/2017
(860) 985-0833,24,"7689 Douglas Inlet Suite 993 Anthonyport, UT 43024",Rhonda Rhodes,SKU#e2a482a3896964675811dba0bfde2f0b,IID#baf2773bc1d70e04ae01e477696addb2,joneswendy@davis-nichols.org,3178.08,07/03/2017
(810) 551-3466,17,"159 Diaz Field Suite 921 New Philip, PA 98298",Darren Martinez,SKU#83a9475b33cad765c41dd3deb5be2254,IID#255ed997d8e03032a91ab4b6efb5dc21,christina11@yahoo.com,1261.74,07/03/2017
(737) 185-2171,17,"4469 Angela Row Apt. 602 Lake Rubenhaven, SD 19095",Sara Hughes,SKU#df096d542fa7fe37032f5d4828155ebc,IID#d94c18a5b50c37223b69e5b921f50188,nicholsonyolanda@gmail.com,833.68,07/04/2017
(180) 020-9201,15,"46552 Paula Mill Suite 294 Port William, ND 19984",Mark Booth,SKU#e2b1e53f26985bc0bc2a99c7d107a1d1,IID#03ae44bb5adce7cea85b415f645b8233,thomas08@weaver.com,885.75,07/11/2017
(411) 572-6807,7,"282 Erin Skyway South Jeanetteport, MT 32663",Fred Austin,SKU#f7ea476ffac36f9a1d4915a18d79dbf8,IID#ad8f4a8b64f0925c59885e355940cc5e,tinajohnson@mitchell-craig.org,576.8000000000001,07/12/2017
(949) 257-7033,22,"PSC 5767, Box 5687 APO AA 92019",Cameron Mckee,SKU#8ecf2f8ab63fadbfd859d52ee7f05477,IID#f74f7ab52a83f262d54f4f951f348d65,eobrien@jones.info,1052.04,07/18/2017
(515) 074-9869,21,"Unit 7554 Box 2915 DPO AA 49965",Karen Boyer,SKU#3db1245b1350a34c1a8aa762299dd415,IID#f79c1406ee1e208402277c48db5f25b7,robinsonamanda@smith-quinn.com,2025.87,07/30/2017
(181) 575-2420,17,"722 Fuentes Radial New Richardland, AL 24843",Kimberly Morales,SKU#2b0e63420f5cae3932461d8c74a9e788,IID#f174e68fa445dc4783c7abfe7415ed12,smithlaura@sparks-fletcher.com,724.0300000000001,07/30/2017
(333) 587-7136,23,"417 Sarah Courts Suite 927 Rebekahview, KS 46502",Eric Wilson,SKU#a9235453f1fb672db828a673ed597d2e,IID#291f65ccbde4abf7d413ee6cd8cd9af7,qshah@gmail.com,2982.6400000000003,07/31/2017
(048) 212-7661,11,"817 Joshua Roads Anthonymouth, ID 87563",Stephanie Reed,SKU#0d7db7ff842f89a36b58fa2541de2a6c,IID#d4a5e036a28f42c1084d7dcc79c4a0d8,robertjones@cummings.com,1000.45,08/04/2017
(366) 024-6858,15,"30617 Cynthia Common North Anthony, OK 51503",Laura Munoz,SKU#3e586cd8128ba5d03ccbc121909e7421,IID#ce6f07daa2df463b6538d53a9f66cd3e,xmoore@hotmail.com,394.20000000000005,08/06/2017
(882) 276-1233,18,"8360 Joshua Plains Jacobbury, CA 69110",Rachel Craig,SKU#be2429905922fc27578f75842b95af6f,IID#9716a1fa0b2cda1f09faef297d0fc5d3,gonzalezpaul@gmail.com,2527.38,08/19/2017
(611) 384-3042,17,"46416 Lopez Trail Jenniferstad, KS 43196",Wayne Vasquez,SKU#9e1e5883c74742a497cf5c272ccd2321,IID#ec7b4fd25b01efab6becdc3e41bc41f0,jason40@jenkins.info,1966.0500000000002,08/20/2017
(659) 699-7593,17,"0736 Williams Loaf Mcgeetown, KS 84124",Angela Hicks,SKU#fed8f1bb237b2a31d54bc6b788e99f1d,IID#fabe8809333af2e13a4e06e4e62ce3d7,twatson@peterson.com,2037.28,08/22/2017
(400) 407-9131,18,"563 Holly Land Apt. 799 North Crystal, MS 34567",Michael Rangel,SKU#f6eb0cf641dd8f910a4c26603cd30e40,IID#34aec3193c6f621eda76270a07225293,mforbes@yahoo.com,2082.2400000000002,08/23/2017
(495) 315-6448,6,"0186 Jonathan Rest Clintonchester, SC 91416",Daniel Davis,SKU#ea8105655312bbb00cd82756c73a5a63,IID#b7e494a618469a251a021ccfc555ceab,joshuaperez@yahoo.com,238.26,08/24/2017
(036) 773-4293,18,"USNV Clark FPO AP 85861",Robin Harris,SKU#e0a6fc12e9cddb11d637714157db14e8,IID#57c03b69cf6a6db37c05c5035c84dfd9,williammora@hale.com,1655.28,08/27/2017
(468) 100-4410,18,"9361 Cook Lane Suite 928 New Pamelaport, AK 36769",Stephanie Williams,SKU#3045fd5bd59c01d8e5a91f514e8e9262,IID#d4bd070f87cbc0a9926ae98467542772,sellerscarol@gmail.com,2132.46,08/27/2017
(432) 683-1796,24,"304 Valdez Avenue Suite 265 Collinston, GA 25068",Edward Davenport,SKU#90ecf1d759d1a9d28eaa034551442e94,IID#839199114598682190986dd13f9fda3a,udavis@yahoo.com,2307.12,08/29/2017
(860) 985-0833,21,"7689 Douglas Inlet Suite 993 Anthonyport, UT 43024",Rhonda Rhodes,SKU#3db1245b1350a34c1a8aa762299dd415,IID#ffcededa8dd68e4d3841de1a722e5008,joneswendy@davis-nichols.org,2025.87,08/30/2017
(660) 978-5040,15,"651 Roberto Field New Luis, WY 47843",Kelly Elliott,SKU#c8573d50fd8474a59f4bf10480c4d61f,IID#a8ea4913058a5fee25dd20b2a78f7744,fgreer@thomas-fisher.com,2005.0499999999997,09/01/2017
(975) 194-6140,10,"1360 Velasquez Views North Cheyenneborough, KY 62143",Walter Henderson,SKU#0820cd00c0563f5673ad6198c7c29a1c,IID#ce5b4814253c18d6617eef8ae8340979,dunnanthony@rodriguez.com,865.6,09/02/2017
(422) 776-0573,11,"938 Gallegos Knoll Gibsonborough, MD 47334",Joseph Aguilar,SKU#5a2f0a76a121bc07e0e2ec806a1d7536,IID#3bef43e5241ebbdeb714a731463f6ac9,mosssteven@gmail.com,1488.41,09/05/2017
(178) 308-9589,20,"70252 Moyer Keys Joshuachester, VT 85468",Ernest Bates,SKU#f00cce6ef25de2d633f344b62423863c,IID#e54be53e529494b8fbd5e5936e71532a,simmonslogan@davis.com,1330.6,09/23/2017
(827) 368-7999,14,"8045 Phillips Plaza Suite 369 Timothyborough, FL 01671",Noah Clark,SKU#e66d4ab75e9862302da5825bbf066c5e,IID#b90dbf4f9fc41704f0d46d767e1bfca4,kelly40@gmail.com,1455.58,09/26/2017
(622) 229-3164,24,"324 David Trace Port Keith, SC 23077",Bobby Vargas,SKU#0d92f9f093fe363ad97fe27675981f1d,IID#1ac4a88420bb31efeda339244be99703,brian39@hotmail.com,2612.16,09/26/2017
(413) 285-5433,18,"494 Melendez Manors Buchananstad, NE 26571",Thomas Bates,SKU#0e50034267efee4f7bcfd62dc1b5f809,IID#257d9bc226bacc14191b020f956334e3,nicholas88@yahoo.com,1450.2599999999998,09/26/2017
(988) 986-9193,20,"6634 Shannon Turnpike Apt. 517 New Karen, NY 00676",Joel Hart,SKU#03143317e6d07fb16f0f3963e8c579e0,IID#d3270b4928f137e5d7c6ef082202cb39,rjohnson@hotmail.com,2139.4,10/06/2017
(481) 722-1016,6,"229 Stanley Park Apt. 691 Andrewberg, OR 78211",Michelle Young,SKU#1a7c3b4c28eb0673aa12037a2b9739f0,IID#5d3ddcace461996c2de0417c1de16825,claytonmorales@hotmail.com,541.08,10/09/2017
(972) 697-5419,17,"15187 Debra Islands Suite 601 Lake Thomasmouth, MI 05170",Alex Gonzalez,SKU#f66bbd2e5ab92eb20b68e23e0e7e2865,IID#a6bc66175de3ac70e5b22327ea02d647,heather05@david-rose.org,2129.25,10/13/2017
(602) 167-7296,11,"Unit 3087 Box 8835 DPO AP 29258",Jasmine Miller,SKU#0fb569bd35d44c9ffa7d4728af4e734f,IID#f97c8a3c41bb9799ffbc55165457dc9a,snydermatthew@elliott.org,642.51,10/18/2017
(141) 731-3713,21,"87030 Edward Track West Kerryport, MT 52020",Michael Rodriguez,SKU#45108b72c040e03ccd2e22d15419eff3,IID#6c92fbd9812a049f24512c64ce39d5fc,sgilbert@hotmail.com,1289.19,10/21/2017
(515) 613-9741,22,"051 Brianna Roads Suite 689 South Hannah, WV 48438",Jessica Oconnor,SKU#bd38f281632881248ac7f09eef8a6319,IID#054705c5e947eac09e27e6aaf0817610,melissa86@hotmail.com,1641.64,10/25/2017
(098) 949-3710,11,"617 Heather Glens Suite 860 East Angela, ND 62064",Michelle Lee,SKU#83a9475b33cad765c41dd3deb5be2254,IID#025977ba9e6fab70f40d8124e671af74,johnsonkatherine@yahoo.com,816.42,10/27/2017
(298) 508-2988,13,"301 Suarez Forks Apt. 657 Jamesmouth, SD 75561",April Newman,SKU#965c023ba38a94183b90080b81222695,IID#fcf0d0c176dd0729252045b637afc11f,andrewspencer@simpson.com,690.9499999999999,10/28/2017
(491) 322-3154,6,"01604 Shane Island Nicholasshire, WA 36640",Edwin Evans,SKU#c0d8a756881481e5558415ec0158268f,IID#d9b190c76a9874c3ec32e9958299dee4,vazquezjonathan@hotmail.com,501.36,10/29/2017
(717) 621-0457,15,"09069 Mann Fort Reedbury, CO 89271",Emily Jackson,SKU#a7376cda974182565c2c45b5e7d18097,IID#d4aca23569a4fb0f903d2b2ca9534f57,fparsons@hotmail.com,2141.25,11/01/2017
(753) 564-9870,23,"8162 Sullivan Row Suite 084 Jessicastad, WI 67946",Michael Jones,SKU#59bcafcabdd1f16e7b9889ee10dec858,IID#4c86f30ae786745cba44ea21eab21437,sbrooks@hotmail.com,2594.63,11/13/2017
(087) 311-5397,17,"4940 Amber Flats Apt. 638 South Josephfort, TN 82551",Corey Reilly,SKU#3e5ceb07f51a70d9d431714f04c0272f,IID#9c00534d7bdba86d9c1844ca53010869,maysandrew@yahoo.com,1151.24,11/14/2017
(313) 726-3005,16,"77036 David Mountain Suite 094 New Briannaberg, TN 75777",Matthew Ryan,SKU#f7e37e1dcd863eb173400ce074cab807,IID#bff5b93f5ce90f6ad4ae13bcc06704f1,shester@yahoo.com,1571.04,11/17/2017
(949) 257-7033,9,"PSC 5767, Box 5687 APO AA 92019",Cameron Mckee,SKU#2545788bb1d4ac5ab99547c491dff7d5,IID#9d9968247b7301e3298d481372028afa,eobrien@jones.info,507.68999999999994,11/19/2017
(949) 257-7033,24,"PSC 5767, Box 5687 APO AA 92019",Cameron Mckee,SKU#3cc6142f4b034d89493334655228d611,IID#2df7ec7262c52f1c4e223d2f324e1de2,eobrien@jones.info,973.6800000000001,11/25/2017
(326) 855-2727,12,"9511 Robert Spurs Apt. 462 North Kelly, NE 67987",Christopher Nolan,SKU#fa5df715f61c8d4fcb801b1262fc55af,IID#a9767ef10e887f748d8c4cb11f3da450,cbishop@garza-perry.info,813.96,11/29/2017
(735) 738-1109,13,"197 Newman Forge Apt. 697 Connorfort, IA 91229",Ian Powell,SKU#fc91658bb81ea407fd37a59d65f0d86e,IID#a009cecf534a695f3182a6a58b949b68,dawnmcdonald@kennedy.biz,1465.23,12/04/2017
(222) 167-2470,12,"USS Buck FPO AE 61355",Catherine Brown,SKU#b1aeaa449c48f1a53724de8f21c7baf7,IID#bdb2169c01c3e7838edb72e40b9e454c,christopherthompson@yahoo.com,1344.3600000000001,12/06/2017
(912) 695-7252,22,"066 Jones Crescent East Jose, AK 56469",Elaine Bryant,SKU#65c9f3fb24b80d8c470d518f901b9c60,IID#35a6424899685d79e1f735f49d2c021d,lynndonald@kelley.net,2742.3,12/07/2017
(461) 875-4410,14,"7125 William Plaza Apt. 712 South Amanda, FL 11073",Melissa Camacho,SKU#f6eb0cf641dd8f910a4c26603cd30e40,IID#20cb041d369c31f2fc15f4d9fc985af7,jessica69@garrett.org,1619.52,12/07/2017
(995) 688-0725,7,"Unit 7605 Box 3721 DPO AE 31342",Brandon Murphy,SKU#668fabd7829e5b8c5a58853bea0dbe1e,IID#1725a1cfb9a3c07758b6c27c26a05f03,melissaodom@johnson.info,298.55,12/24/2017
(631) 044-0070,23,"512 Jerome Run Apt. 041 Greerfort, WA 60640",Sarah Hamilton,SKU#251a7e1401487e69a415fde9d5128b27,IID#ac8d878099f628864a192eed03759d30,christinereynolds@gmail.com,651.13,12/31/2017
(291) 196-5931,7,"USNS Shields FPO AP 79312",Gabrielle Combs,SKU#6ac0a150c33a548595395c755a7ebba4,IID#5bf5bc8b29099a0ce838136d286bedb4,williamsutton@yahoo.com,426.72,01/08/2018
(675) 188-9803,16,"300 Cole Loaf Brightport, ID 92113",Michelle Cole,SKU#109071511d084d628bbf736c8bace7a2,IID#8ddca3daaebbdeeeb884eb4563cf33f4,gsavage@stafford.net,2068.32,01/10/2018
(886) 760-7099,8,"36713 Stone Islands Port Marc, MD 70013",James Salazar,SKU#6b43b583e2b662724b6fbb5189f6ab28,IID#c7b42b6d4c4ec8b1de6483b7d3c3d825,sarah01@gmail.com,280.8,01/16/2018
(045) 246-1381,10,"36726 Kyle Vista Suite 752 Leblancborough, ND 80233",Maria Mckenzie,SKU#18b77975210f1e67cdeedc23056261f5,IID#2aa4386f1133a6e7a10906f34de70db6,katrina60@cole-lopez.com,1457.8,01/19/2018
(589) 885-1541,20,"484 Dana Crest Suite 087 Stonemouth, MS 73408",Amanda Mcknight,SKU#a5b789490e210929d6f33c8547e6c457,IID#3d5263356fabf1f2b0657277309b3da5,ascott@peterson.com,1721.3999999999999,01/19/2018
(972) 697-5419,9,"15187 Debra Islands Suite 601 Lake Thomasmouth, MI 05170",Alex Gonzalez,SKU#8e19213e1156d922d41679729f7ba8ad,IID#cdd2c6102ad62dca1ab72ac9cede168a,heather05@david-rose.org,380.43,01/19/2018
(474) 999-5277,15,"7864 Kevin Islands Apt. 954 Belindaton, AZ 75155",Amanda Mcguire,SKU#8ef3a35df8c4bda3d540914558124d67,IID#d515450fde39bf95204da687fb9b2350,edwinclark@ortiz.biz,1269.8999999999999,01/20/2018
(491) 442-9500,8,"665 Brittany Run Suite 831 New Stacy, TN 30049",Susan Simon,SKU#e7dd479dbec55c2f8de230625a87e3cc,IID#bf9eed6d5665491e3d2bcb6806b99b51,scott99@yahoo.com,639.84,01/21/2018
(351) 242-3408,8,"00340 Alexis Burg Simshaven, NC 97297",Kayla Fletcher,SKU#4e457115e6bd5c9e87ee47ab909229f3,IID#c4da51115972316bf27dd80a80a39b52,zthompson@howell-young.net,516.88,01/23/2018
(906) 107-0888,25,"721 Christopher View Port Frankside, VT 05723",Samuel Baldwin,SKU#66663b7d29e1bcbcfabbf26496f44d28,IID#bb0467eabce338cf57232426f386dbf5,dawntorres@gmail.com,1716.5,01/27/2018
(655) 271-9178,15,"97568 Rebecca Vista Apt. 400 East Zacharyview, MO 96562",Matthew Schmitt,SKU#1bfac55f37835bdd353e49156690f8b3,IID#5a403379cd5ce949bd71f3c1350e91eb,amykaiser@gmail.com,1320.3,02/02/2018
(463) 870-9149,9,"USNV Johnson FPO AP 31548",Larry Berry,SKU#73b0769c7e1578ecab158382bd2ad1cc,IID#374e83bb4517712871d38dbfd9dc05a1,daniellekey@yahoo.com,1041.93,02/03/2018
(306) 276-2492,11,"12826 Hendrix Fields Suite 790 Lake Williamchester, SC 93960",Keith Bradley,SKU#34d7059bd123fd040f9011bab33c44b5,IID#92cb2358cc70f67dc387157b58fb611d,usanchez@barnes.com,1075.25,02/05/2018
(984) 794-1064,16,"PSC 0089, Box 4172 APO AA 54372",Robert Bush,SKU#95d9ec52f8dbf368500b11faea223d28,IID#45ad990d3c8fe7c0f0553516567e2c2a,matthewdorsey@gmail.com,519.2,02/10/2018
(681) 265-2412,19,"09531 Bailey Courts Suite 359 Carrillomouth, NM 45778",Marcus Gomez,SKU#2765a9cff1c343a3ffce0191c4fba71a,IID#cb36bd36ea86449142ba66311dc8789f,erin02@rivas.com,1334.18,02/11/2018
(036) 457-8420,24,"19346 Rachael Grove Apt. 209 Walkerport, WI 94574",Kristin Walker,SKU#f6eb0cf641dd8f910a4c26603cd30e40,IID#3185e544b594c1683352aa21988ded60,freemanrodney@yahoo.com,2776.32,02/13/2018
(100) 844-2110,17,"PSC 7262, Box 4547 APO AA 23112",Charles Smith,SKU#aba916524277db53210ede106ba4f0f4,IID#05acc6443f1ef765d3139ab956eba6bc,angela68@gmail.com,1823.59,02/14/2018
(708) 700-1461,17,"8240 Blankenship Drive Apt. 679 Cartermouth, VA 93317",Daniel Davis,SKU#04dd08300b02e1803ce3e9b69cea9edc,IID#66bc25af36b794f8bf1e31213637989a,laurenmanning@stanley.com,1105.0,02/14/2018
(202) 476-4466,13,"9935 Norman Common Apt. 325 Melissashire, ME 97928",Douglas Taylor,SKU#4eefd60f439096ed98b6d8a585da12ef,IID#3fbe27afa6212a46579aa6900a39c6df,juan51@hotmail.com,1654.12,02/22/2018
(845) 283-0637,8,"881 Cameron Mall Suite 705 New Hannahton, WA 98433",Kevin Campbell,SKU#9f89b49e6e4b81eb9a3ef6a5d8924461,IID#7636413df3a683956ca3b3890983a1d8,martinezanthony@hotmail.com,837.36,02/27/2018
(949) 559-3651,9,"39948 Scott Stream Apt. 886 West Lori, RI 33634",Kyle Foley,SKU#b7d01d15f7334eed7ea235515822f7d5,IID#e90379f271fa8d446ef7219e62786a24,williamsdonald@doyle.com,713.8799999999999,03/07/2018
(991) 136-4445,17,"8614 Brittany Falls Jamesmouth, RI 44387",Kyle Little,SKU#714648d2aa2d73c96e0bf598fe1947a3,IID#062904020efd86de9594e4045072b23a,aaron64@yahoo.com,577.1500000000001,03/15/2018
(428) 578-2296,18,"736 Ray View North Larry, LA 61923",Shannon Adams,SKU#f448a877f3d3f4b40a15fca17c62a2b5,IID#acbf922a692157d284ad3c78a3cab137,brianmorgan@jackson.info,1768.86,03/19/2018
(540) 878-4849,21,"5087 Dixon Divide Suite 180 North Stacey, MD 72765",Shannon Warren,SKU#905a0b9a5456ee962223033473666be3,IID#aa684344168722ff68826d50bba50489,ethanhale@hotmail.com,2388.54,03/23/2018
(019) 280-9116,11,"8447 Tapia Motorway Lake Hollyshire, MT 10621",Madeline Huynh,SKU#3d35b336ebb3fbfe61ea1e1041d510b7,IID#0fd7b2fb1f8ed543b8a7ae939bdd8687,sandersstephanie@brown.com,940.5,03/28/2018
(045) 851-5992,11,"492 Ian Wells Apt. 903 Grosshaven, TN 63670",Kaitlyn Bonilla,SKU#d26937a0a615266ccd9fb199e7fb7fb9,IID#ae7ad9fcd812ec5d7c58073657a7c8ee,davidharris@hotmail.com,1018.27,03/28/2018
(571) 087-5085,16,"3855 Shannon Rest North Victorland, DE 72436",Amanda Rodriguez,SKU#5d2a33958ebe530732fd9c258850c5aa,IID#8175e5e07d442fe8ea180a02fcbda1f6,samantha25@yahoo.com,869.28,03/28/2018
(013) 268-3702,11,"6123 Lam Inlet Apt. 675 East Nicole, WI 75614",Michael Henderson,SKU#2742e1f05ea7d3e8fd65942fe06c2f7f,IID#6994306cbd6f49e30b41c69e4b535672,buchananmary@webb.net,1457.83,03/31/2018
(631) 044-0070,14,"512 Jerome Run Apt. 041 Greerfort, WA 60640",Sarah Hamilton,SKU#fed8f1bb237b2a31d54bc6b788e99f1d,IID#6360b3e3063496beb8c489a18a0fff4f,christinereynolds@gmail.com,1677.76,04/04/2018
(057) 249-6118,12,"21420 Johnny Field Suite 641 Port Michael, OH 90011",Tara Sims,SKU#9ece66c3a32bcd82ae2e442953827d65,IID#42a90e9423eb9f4d6289fe64ac8f36f6,johnmartinez@gmail.com,1769.6399999999999,04/07/2018
(461) 875-4410,12,"7125 William Plaza Apt. 712 South Amanda, FL 11073",Melissa Camacho,SKU#f66bbd2e5ab92eb20b68e23e0e7e2865,IID#9761765990388a96b810ad597c5eef98,jessica69@garrett.org,1503.0,04/10/2018
(066) 862-0085,15,"Unit 8949 Box 7679 DPO AA 37107",Steven Johnson,SKU#a3e4a389dc43d310923fb62d5ab16a1c,IID#8fbd8fab1da531b2118b959bbdb11529,sallyhodge@cervantes-bennett.com,2020.2,04/13/2018
(604) 934-0737,17,"710 Brian Valley Apt. 016 Allenville, MN 79015",Jacqueline Hensley,SKU#4034db804ab2f325a46c8c3d1a6c2d73,IID#c5f3a1c0579d3a432d432f320d462535,andressimmons@hotmail.com,848.98,04/14/2018
(774) 341-5821,15,"2658 Cathy Forge Suite 216 Estesshire, TX 29359",Edward Lucas,SKU#668765baf858733a6f53e53dd878755c,IID#264d38b0f9b5460df5ae96bc4d768ac8,william12@gmail.com,2157.4500000000003,04/24/2018
(611) 384-3042,15,"46416 Lopez Trail Jenniferstad, KS 43196",Wayne Vasquez,SKU#203768ce527e10bf6e6874d1fbf25dc6,IID#dacfd07bfd94d2bc62ee9f1c8fcd8171,jason40@jenkins.info,2182.05,04/25/2018
(200) 688-7872,12,"3390 Scott Fort Suite 381 Port Timothy, VA 24439",Tina Browning,SKU#32b5e7886d1928c44fadc040471cc550,IID#b298b44339d59a7ee90c4c226a0afc5e,robert60@richardson.com,905.28,04/26/2018
(034) 305-5995,12,"Unit 0136 Box 4140 DPO AA 93538",Thomas Young,SKU#645605496ac18d914435ec4427573da7,IID#70bbcef202a46d1d551b41681330362a,lsmith@mcgee.com,1391.8799999999999,04/29/2018
(012) 071-9708,16,"14454 Jimmy Vista Rebeccaberg, LA 43956",Julie Johnson,SKU#982079681d7ad12766abc44f06946f3e,IID#c5b9b942bc34036512f8b0495db40b76,selenadavis@silva.biz,1357.44,05/04/2018
(031) 504-6544,12,"4977 Duncan Route Caitlynview, IA 03919",James Farrell,SKU#1c920801aa88d000ce966facc8ba734a,IID#4fe60bb5c790597637855e75a090aa6a,simpsonstephanie@parker-kelly.com,495.96,05/05/2018
(319) 127-7522,16,"PSC 9609, Box 9612 APO AE 87157",Alex Hayes,SKU#f615e219175d923e1a35183696a98c91,IID#8955bd0ac9ac9c566d963498e6cab75f,ascott@warren-johnson.com,1106.72,05/16/2018
(250) 854-7247,10,"458 Dunn Land Suite 397 New Christinaville, AL 77511",Troy Schmidt,SKU#9498994000875ab9ff9f8bd5d33ce271,IID#6806ea21bc0b9a61b52e6effff38389f,hallnicole@hotmail.com,886.5999999999999,05/17/2018
(884) 224-3016,17,"2467 Danielle Lock Apt. 405 Dianeborough, ME 22378",Jennifer Johnston,SKU#b9205d5c0a413e022f6c36d4bdfa0750,IID#84328fd288f0672f9b17fec4892685d8,donald44@morris-brown.com,1185.07,05/29/2018
(468) 100-4410,12,"9361 Cook Lane Suite 928 New Pamelaport, AK 36769",Stephanie Williams,SKU#3ee924dfac555e1e940e11e84d347040,IID#00afd19e342de396c0dc1080460bae93,sellerscarol@gmail.com,998.52,05/31/2018
(498) 593-7850,17,"65289 Vaughan Points East William, UT 37274",Ashley Gill,SKU#b513ae819f7d8d10fa4f6cbfdf055b22,IID#10908f11c31b0891bbaffa992579bb6d,csanchez@wheeler-ramirez.org,960.67,06/01/2018
(500) 769-2859,11,"658 Kyle Row Suite 256 Lawrenceshire, ID 36032",Lauren Morris,SKU#a7376cda974182565c2c45b5e7d18097,IID#1f3c1972b1a472185a66b46f34ad098b,christine69@hotmail.com,1570.25,06/01/2018
(355) 904-1995,14,"917 Bill Port Apt. 077 Williamsview, CT 53707",Mr. Evan Jones,SKU#5360ef677082dfe564ef95512b89995a,IID#7dc612eb1ba0ae27ec9e7d6d92f63a19,ujohnson@yahoo.com,830.9,06/18/2018
(421) 324-7009,7,"4390 Curtis Hollow Apt. 675 West Samantha, NJ 74675",Brianna Greene,SKU#eca0470178275ac94e5de381969ed232,IID#6745c3168de9395185a97501c959f82d,phayes@hotmail.com,841.12,06/22/2018
(727) 422-6975,16,"843 Ward Lodge Suite 873 Andersonton, NY 41742",Steven Sullivan,SKU#6841a847b560d1a1483bdbd28d212ad7,IID#7691364fb0925537bde42cffd3385573,nicoleclark@yahoo.com,501.28,06/23/2018
(659) 699-7593,14,"0736 Williams Loaf Mcgeetown, KS 84124",Angela Hicks,SKU#897208d5df122e307ab837d982b2c085,IID#e74b4f8ae42bf5829497f9c39cc9df47,twatson@peterson.com,1866.76,06/30/2018
(172) 701-9844,24,"40624 Gary Place Suite 414 East Michaelside, HI 02884",John Smith,SKU#e2365bc6a6fbd41287fae648437296fa,IID#9741de05732414f373f69615ef24be5a,mariahryan@gmail.com,3108.96,06/30/2018
(471) 569-1734,12,"1797 Jamie Alley Lake Melissa, AL 30563",Diana Hansen,SKU#ead9e956ece48d39b5f5a4f685c7d63f,IID#21800990394b3cf2cc67ba7644a6e1ce,lynchbrian@bradford-martin.org,1588.1999999999998,07/01/2018
(689) 160-0517,13,"082 Harris Ridges Morrisburgh, HI 31634",John Bowen,SKU#c3cb46f9be79146ac74261975eedc107,IID#3eab0c39355ede16663bfcb002cc36e2,rtaylor@hotmail.com,1638.52,07/02/2018
(585) 571-1565,15,"293 Flowers Islands Apt. 224 Lake Robertbury, TX 16743",James Carlson,SKU#a3e4a389dc43d310923fb62d5ab16a1c,IID#c7494dc828f9840dd84c41a598b944b3,parkerkaren@hughes.com,2020.2,07/06/2018
(954) 271-8074,8,"944 David Cliff Suite 330 Bradleyhaven, CA 26865",Jeffrey Fisher,SKU#2a07e772c23a60de4067b4d960e00575,IID#e38c55c74b38812c11ef9c789d75bfc8,jacob60@yahoo.com,240.72,07/13/2018
(799) 579-7777,16,"87882 Matthew Forge Lake Jenniferton, TN 61897",Jennifer Dunn,SKU#d00e81a86830948bf7d7ed15874c46b5,IID#a792c54eb2d1523e447146d0bb4da0e8,thomasnina@gomez-flowers.com,493.6,07/13/2018
(176) 512-8432,13,"07038 Richard Dam Port Jenniferberg, VA 59709",Samantha Baker,SKU#d71669de10ad49507e3593f5c6f6f8e4,IID#9a3abb605d72362d8b14113d7a127bd4,haley71@villanueva.com,1811.03,07/23/2018
(233) 238-7315,10,"4113 Melissa Loop New Dustinport, OK 70515",Michael Zuniga,SKU#3d55e1e012d3824e53e84d404a6e2f2e,IID#cefbcc1edffe4a6dd1541a8b6453e3bb,montgomerykathryn@hotmail.com,1470.8000000000002,07/28/2018
(138) 430-7779,13,"61308 Michelle Alley Suite 962 Craigborough, TX 81225",Lindsey Sharp,SKU#7228da7250d357ec26e8755a0bdbd652,IID#dc624364f04bea1eb71bdfa36999dcf0,fsmith@gmail.com,1622.01,08/05/2018
(193) 055-1398,14,"USS Kidd FPO AP 45162",Lorraine Anderson,SKU#18412ecf95f7d37728e82f88932e60e8,IID#dea5c79a9100faa35ed68c863effffa7,osmith@yahoo.com,569.8000000000001,08/06/2018
(319) 881-0436,8,"1645 Harvey Mountains Apt. 091 North Wendyport, WA 37298",Laura Reyes MD,SKU#608d462d9f197b52d6d380827088c8a6,IID#35b56378886f06ceb4e254662e17c81a,jason28@hotmail.com,633.52,08/07/2018
(843) 677-1722,14,"11586 Nicole Rapid Apt. 798 Brittanyburgh, DC 81994",Alan Cummings,SKU#9a921c4351f15b4a634f0d4ba412952e,IID#c03904035a0ac0e54421ae0f2fac2874,donaldsanders@lewis.com,1011.0799999999999,08/09/2018
(484) 781-8993,15,"996 Hector Cape Suite 854 Evelynborough, WA 69964",Daniel Ramirez,SKU#1dc439aca90bbdf4c4c9a31543252fe3,IID#4b42485ddc582f2e2b4bcfeacc94576d,tiffany98@hotmail.com,1375.35,08/15/2018
(367) 860-4014,15,"3839 Arellano Flats Apt. 376 Stevenborough, CA 56147",Alicia Long,SKU#bf7abfdb63237357df8b9ac253005496,IID#3d8782f579208344f6e9e2cbdc8a8c33,hstrong@hotmail.com,1187.25,08/16/2018
(319) 127-7522,13,"PSC 9609, Box 9612 APO AE 87157",Alex Hayes,SKU#48e296d8287ae11c252e4277ee885161,IID#6a6d074ad551e575bfff6ff8b0d8d70b,ascott@warren-johnson.com,361.78999999999996,08/16/2018
(370) 716-1372,23,"19385 Crystal Ville South Dan, CO 30892",Lisa Fleming,SKU#e7b188938a141c90dda76cc258c01f8b,IID#6bbf58b9592f50940e26ea96d9b38a58,brandonmoore@hotmail.com,3668.5,08/22/2018
(089) 210-2271,14,"267 Katie Mall Suite 774 West Lisafurt, OK 04260",Luke Arnold,SKU#cea67ffae620e6410ed0590dc6ec9b92,IID#42e7cb89641ed81e87c0f7e813bda054,cbryant@hotmail.com,930.72,08/23/2018
(862) 260-8721,21,"Unit 1240 Box 9785 DPO AP 62669",Christina Robinson,SKU#a1534d6e98a6b21386456a8f66c55260,IID#1a8470c6e5e668c476e279bee59c98b3,vrose@howard.net,2136.75,08/25/2018
(380) 294-3758,22,"793 Madison Lake Port Tylerbury, OK 08672",Kevin Sanders,SKU#f6eb0cf641dd8f910a4c26603cd30e40,IID#71478390692511d720ff1719d60721c2,wendyjones@harris.biz,2544.96,08/26/2018
(780) 141-1586,13,"3000 Mendoza Lodge Lake Maryville, HI 26474",Randy Smith,SKU#b79abf5c5f2244956c7246e9112595ce,IID#89e87ff7820f670ba493edc6f20d3f59,wmckinney@moore.com,575.9,08/29/2018
(600) 701-7481,24,"529 Paige Lane Apt. 386 Wrightborough, PA 52081",Maria Fisher,SKU#ea8105655312bbb00cd82756c73a5a63,IID#2997ca842285ef2f00405e211f458337,emilylee@gmail.com,953.04,09/01/2018
(296) 952-6691,13,"56087 Brooks Village Lake Williamshire, OH 62851",Theresa Ritter,SKU#e7633aa6a479bbbe82dbe794126bbeca,IID#f90b05a1b5588a671852af7bb23eb133,bauerhayley@cordova.com,1486.1599999999999,09/12/2018
(512) 745-5359,20,"9960 Ramirez Radial Suite 317 Danielleton, CO 02321",Marie Werner,SKU#0e6bce6899fae841f79024afbdf7db1d,IID#94332d1e6db7dd25ce998b71ee14c6a3,brandi21@gmail.com,2856.8,09/15/2018
(615) 929-1865,21,"054 Ashley Center New Joshua, WA 27255",Daniel Nicholson,SKU#bc9b6e84cda86c0df0a708638ee4a2b1,IID#acc2592bbc470424f9ca1d5298cd2b82,michellehoward@carlson.org,2169.51,09/17/2018
(111) 650-7070,19,"693 Davis Pines Suite 390 West Audrey, MO 39032",Todd Mason Jr.,SKU#c183857770364b05c2011bdebb914ed3,IID#2d1097b0d117b093531d14f21f938927,pughkatherine@duran.com,1211.82,09/24/2018
(316) 080-5941,10,"Unit 2587 Box 0017 DPO AA 80150",Renee Brown,SKU#231323658d79d9bdf946e1cfbe01e500,IID#874e4a88506d786bd8d4706130a26f75,davidlyons@wilson.info,678.6,09/25/2018
(081) 127-8773,22,"USS Keller FPO AP 35616",Dr. Erin Vaughn,SKU#c509359f498aa0d1f98b7c29ca3c9bfe,IID#2085f2bfbe2383390e1e33f8ff017f3b,torresjames@johnson.com,2186.8,09/29/2018
(638) 052-7086,11,"872 Richard Divide Johnsonborough, SC 73096",Daniel Mckee,SKU#18449c1cf0be942485227a9a3007ae3f,IID#ad9f229f9dbddd2bdd2ea7bcf17f474c,bsanders@beard.info,723.69,09/30/2018
(058) 891-7690,12,"7984 Williams Creek West Ryanfort, WY 05193",Julie Smith,SKU#36df9540a5ef4996a9737657e4a8929c,IID#46c3b1a410aebab9fabc8c71eaa95625,ssharp@yahoo.com,1684.3200000000002,10/05/2018
(714) 773-8597,16,"0908 Michele Overpass Suite 884 Port Robertbury, OH 87620",Ryan Goodwin,SKU#95d9ec52f8dbf368500b11faea223d28,IID#230b166a06fa0850ea4760dda0a2496f,aimee02@hotmail.com,519.2,10/07/2018
(036) 645-2002,22,"09276 Charles Radial Suite 751 Jerrychester, PA 19572",Erin Ali,SKU#169c7a31eb0d6b96e4eae21bec189582,IID#afc2cc51a24c4064b5aed565b726fbaa,erica52@yahoo.com,1455.08,10/11/2018
(684) 988-0518,18,"122 Michele Light Lake Steven, NV 57490",Erica Wilson,SKU#610128ab40c30f205c3a0a00f7543094,IID#e952bbf142b67f8ee84699b70a0db5fa,rbeard@gray.com,1884.96,10/13/2018
(032) 115-6624,16,"037 Christopher Spring Apt. 450 Floresmouth, SC 95460",Richard Espinoza,SKU#d379e9b8ffd9301de96c455029dd5c38,IID#5f29b098f1a2565ec56f5c98649ff222,ingrammichelle@melendez.com,359.04,10/18/2018
(603) 412-1178,22,"888 Cantu Vista Charleston, MT 62341",Gail Flores,SKU#e2b1e53f26985bc0bc2a99c7d107a1d1,IID#e652d184977b98a1eacf811c0737aa87,christinajuarez@yahoo.com,1299.1,10/24/2018
(237) 824-2526,14,"29667 Allen Island Brianbury, HI 00893",Kelly Vargas,SKU#884bb48a55da67b4812805cb8905277d,IID#8f0dcef2f7f3860c988fedfb31ffa6fb,nprince@gmail.com,1887.76,10/24/2018
(623) 609-5513,11,"938 Evan Motorway Vasquezberg, AL 64627",Mary Cross,SKU#c3c9945cae188df73afd04c6251ba98d,IID#5e9ff101f9062e21db215a713493eed5,holly33@stewart.com,415.91,10/25/2018
(387) 934-8682,17,"478 Henry Shores Lake Donnaborough, DC 90011",Christopher Cameron,SKU#f38f0b959cdd64bbbc5d73c2c24fddcf,IID#9c0c637c3336659b1c92bcf424c48550,hgreene@brown.biz,1843.65,11/06/2018
(943) 231-5739,13,"5961 Daniel Row North Bradleyfort, DC 37648",Tanner Stuart,SKU#4e457115e6bd5c9e87ee47ab909229f3,IID#0a69353df3b58e50bda2ce66117a408d,adamslaura@hotmail.com,839.93,11/18/2018
(130) 370-5308,16,"17812 Samuel Flat Wongbury, GA 36877",Anthony Walker,SKU#4f489a3151ae59c909085179b51b4dde,IID#0619bd8a6b58ee0f1b5d0a64a8606fa3,lindahogan@brown.org,2349.28,11/21/2018
(078) 134-4027,12,"2353 Harris Roads Suite 196 Lake Derrickview, CO 74571",Jennifer Johnson,SKU#d856b2079a58090623063f7c209ba9d7,IID#dcdbb966459cb92435bbf873ef398e93,franklinkyle@gmail.com,1688.3999999999999,11/21/2018
(664) 684-8587,18,"USNV Rogers FPO AE 74033",Daniel Mcdonald,SKU#11be6f5a9a46d74dfe7fdee344937b9f,IID#75a039e47e51f1f0dec3e412f7cd0863,lindsay83@yahoo.com,1034.6399999999999,11/22/2018
(790) 109-1385,22,"827 Jonathan Mission South Shannonborough, RI 62664",Stephanie Allen,SKU#e6ff7f3f04b9305cf28b21c5d08ef1e5,IID#efb984cd44683dfc149535c7a1e27703,millerpamela@hotmail.com,2499.6400000000003,11/25/2018
(452) 861-8782,13,"Unit 5646 Box 6698 DPO AA 96285",Justin Parker,SKU#3c2bfeac2ec39c652fad00241bdf552f,IID#3313fc09b79e9e670f69917596d84732,bmann@gmail.com,1496.69,11/29/2018
(125) 262-0135,16,"479 Kelly Brooks Apt. 427 New Kimberly, MD 26083",Kenneth Delgado,SKU#18449c1cf0be942485227a9a3007ae3f,IID#64fe5bee455f383802dcc0aded7e98ce,marthapugh@elliott.com,1052.64,12/06/2018
(316) 171-1578,12,"2295 Kathleen Mountains Jasonland, VA 84215",Joe Atkinson,SKU#227ab21f84456d3c2b28194d9398a148,IID#383740f64750ba5c92a79cbb7212cfa6,brooksjoshua@yahoo.com,1648.8000000000002,12/08/2018
(000) 691-7917,16,"425 Cynthia Port Antoniostad, PA 52976",Lori Ortiz,SKU#6cda401703f598d55ddc38a27a0fea5d,IID#d6dcaa5f43dc4791fbdefccd872ce8af,robertjennings@ross-brooks.net,795.52,12/11/2018
(261) 930-6844,12,"730 Brittany Lakes Apt. 706 North Michael, MD 03949",Martha Dougherty,SKU#071f4ede403a0a53ff2948a95ecbaace,IID#8002569ab33491af135e1d6a7ed3cb6e,pattersonchristine@yahoo.com,1255.08,12/14/2018
(090) 627-0899,12,"584 Parsons Freeway Suite 044 Brianborough, AZ 19548",Sharon Hendricks,SKU#256abfbb6883823718eaf33f62510d6a,IID#fec909c4e848a070320b5a75e4631d7c,georgemoreno@hotmail.com,1103.8799999999999,12/15/2018
(846) 899-6190,20,"60036 Chapman Dale Suite 168 Port Rebecca, VT 65658",Kristin Hernandez,SKU#c2dc578691371996eab94eb37f6896e4,IID#bce3e4161f5ca863dc0b01548bdc560b,martinkristy@davis-campbell.com,1070.8,12/18/2018
(433) 718-1226,8,"57992 James Valleys Suite 011 Port Nicoleside, NH 94576",Holly Meadows,SKU#a13e1ab1656bcae9dbe8983cbd4e770d,IID#f3089eec145130f0ba1331b787dd64d7,cameronbrian@jones.net,229.36,12/20/2018
(047) 524-4621,21,"817 Jennifer Stravenue East Timothy, MD 22465",Michael Myers,SKU#a75d7d422fd00bf31208b013e74d8394,IID#6dc210f8ee79fcda13840310ec8bc3a2,smithcynthia@hotmail.com,3059.0699999999997,12/21/2018
(554) 741-1699,21,"USCGC Jackson FPO AE 27916",Phillip Lee,SKU#3953612797c9f3cee3a12e0774ccc984,IID#ee212a0ae4a0919a7e69b462f81d7f23,annaflores@holt.org,3188.64,12/26/2018
(665) 844-2557,22,"7732 Ryan Spring Suite 024 Villanuevaborough, IN 42394",John Smith,SKU#9e292e386b7cebd21e02ad51f7ace213,IID#81359b3a7d395f560b2a6d076cf4c123,twarren@cummings.net,2253.2400000000002,12/27/2018
(081) 127-8773,18,"USS Keller FPO AP 35616",Dr. Erin Vaughn,SKU#4d0b69927be3bc37da9b870cc65cb37f,IID#efc23db405de885f5fd2252f0dfaa964,torresjames@johnson.com,1240.3799999999999,12/29/2018
(491) 715-2207,14,"Unit 4350 Box 3229 DPO AE 68501",Christian Carlson,SKU#486f628834e706005abd48b28a0b03ac,IID#3d8bf7221a14f89b2f895731b2cf6e9c,beltranchristopher@gmail.com,1644.86,01/04/2019
(975) 194-6140,16,"1360 Velasquez Views North Cheyenneborough, KY 62143",Walter Henderson,SKU#b5d466335d65b171b686700dee05ef74,IID#53c61959079332b1f6a9e68ddf81c17b,dunnanthony@rodriguez.com,1149.6,01/06/2019
(898) 459-8511,10,"90278 Timothy Overpass Suite 078 Lake Rachelborough, CO 93262",Jessica Fritz,SKU#0c0753b0057a2f8db2ff040d916b016d,IID#62d4247dc66ad70b920d63799e9665be,romerochad@gmail.com,713.4000000000001,01/13/2019
(796) 229-1704,25,"240 Scott Camp Crawfordborough, ND 19162",Travis Hernandez,SKU#5360ef677082dfe564ef95512b89995a,IID#3c5138a67ea85540946f8fb7c361568b,ohall@yahoo.com,1483.75,01/14/2019
(397) 852-6898,10,"9999 Willis Burgs Apt. 680 Jeanbury, KS 53182",Kevin Brown,SKU#15120767b40b12ccc180202acd5b968a,IID#8748231d6e955fdb991846ea7266b1f6,kenneth59@phillips.com,1232.3999999999999,01/19/2019
(981) 523-1447,12,"7273 Duarte Burgs Brendaland, OK 34902",Andrea Perez,SKU#9546c10433c45bfb9947449dd8d304de,IID#499142dc773859db1b23d5775460d720,pclarke@ward-miller.info,828.48,01/19/2019
(631) 676-4949,8,"34940 Foster Route Suite 218 Greenstad, IN 55003",Brent Edwards,SKU#de94cf49f2a617bd1f0740b33ad6869f,IID#d38632cb53197491c811d66f8a2e05ac,bethany52@yahoo.com,1220.96,01/20/2019
(581) 635-9984,17,"USS Villarreal FPO AE 06396",James Nash,SKU#c7d0f659eca42d5276b00fc3380e9d63,IID#618afce941b6ceb2920cafe279725007,james55@edwards-velez.com,1473.0500000000002,01/20/2019
(066) 862-0085,19,"Unit 8949 Box 7679 DPO AA 37107",Steven Johnson,SKU#8790564f0bd9d9cdd1bf9b83b761e607,IID#cacc010a8cedb4398cbe6a7d32c4e1de,sallyhodge@cervantes-bennett.com,2570.89,01/21/2019
(154) 982-2263,18,"55232 Alex Curve South Heather, DC 98356",Alexa Rivera,SKU#8c4fc43652453a056826a2c92652e0fc,IID#ecb224f239ea77459f8b99e1b5ed5e36,michelegonzales@osborne-jackson.com,2845.9800000000005,01/23/2019
(508) 661-3202,16,"0850 Anna Trail Jenniferfort, VT 26002",April Rivera,SKU#601b95dc9f1512fc0c7d6388d2f37a37,IID#88bccc2d75bb4d629508aa49e6568ced,gary27@hotmail.com,2290.72,01/25/2019
(372) 328-7745,15,"1623 Simmons Motorway Suite 752 Davidstad, WI 06240",Melissa Hull,SKU#3953612797c9f3cee3a12e0774ccc984,IID#e03063af6e7436c4e6a96491c2d7b32f,mweiss@moore-richardson.com,2277.6,02/07/2019
(000) 366-7063,17,"4334 Dale Key Barrettshire, WV 80897",Lindsay Alexander,SKU#3e5ceb07f51a70d9d431714f04c0272f,IID#11d2da8822b706a2f595be6d7f72dccf,santanavictoria@gmail.com,1151.24,02/11/2019
(823) 820-5002,7,"39274 Cox Islands Apt. 421 New Jonathan, SD 80248",Thomas Morgan,SKU#1a6bf84723f4e07dc1f35f162acec19b,IID#42d826cc2bd7ef85a05dd866fcc909eb,jason61@hotmail.com,502.67,02/12/2019
(428) 338-3608,14,"399 Rebecca Squares Apt. 917 Normaville, WV 06241",Daniel Smith,SKU#92f1f77de0ce17e9486d53787f69618e,IID#e6dffc863faa6d5ba8115d387039d918,jason22@strong.com,1697.22,02/25/2019
(542) 246-8861,18,"USS Brown FPO AA 01970",William Oneill,SKU#80be6efdf5a776659777bf07d4aff891,IID#c9177e149fe21509c69fa265cf22afd3,garciaerica@hotmail.com,930.0600000000001,02/26/2019
(398) 710-5479,13,"47328 Hansen Crest Suite 427 Port Stacymouth, TN 45598",John Joyce,SKU#792a64401688470b9b5ec4a1123eb802,IID#2100f9724067389af192141eb26fac80,scott97@arellano.com,491.14,03/02/2019
(597) 155-1273,19,"3205 Smith Crescent New Edwardchester, AZ 28986",Gary Santos,SKU#f448a877f3d3f4b40a15fca17c62a2b5,IID#86321cffbba344066c5753a7eebf1daf,deleonmadison@hotmail.com,1867.1299999999999,03/05/2019
(645) 130-1139,15,"12839 Tracy Brook Maloneview, CT 53794",Elizabeth Santana,SKU#ecd0f02b413c556a1402880dd4e4fe79,IID#4438d6ae7951fe07856ea6822aaffaba,vjackson@jones.com,1782.0,03/05/2019
(486) 161-7739,10,"49855 Hale Park Carrside, CO 18332",Andrea Aguirre,SKU#8a6c6015821a7b3e6cea958b2a6c18fb,IID#a417876f0f34af1c680e93fe585db96d,jacob97@anderson.com,293.2,03/07/2019
(399) 748-4462,14,"581 Newton Tunnel Candaceside, ID 92924",Shawn Freeman,SKU#4d0b69927be3bc37da9b870cc65cb37f,IID#b7529647914aa005f47bcf2138dacd45,chadwilliams@yahoo.com,964.74,03/15/2019
(712) 871-4742,8,"958 Taylor Loaf Elizabethberg, DE 90235",Connie Odonnell,SKU#435eae56fda2f77c534ce3c916573cf3,IID#c0c6971cd384c6a66c4e707d83f30034,rhamilton@thomas.com,835.44,03/15/2019
(384) 018-3829,18,"11201 Sandra Spur Apt. 935 New Ann, WI 93978",Maria Mason,SKU#8dd6bb7329a71449b0a1b292b5999164,IID#15fefccaa70fec7b653d2280196490f6,yalexander@hotmail.com,1142.82,03/17/2019
(823) 820-5002,9,"39274 Cox Islands Apt. 421 New Jonathan, SD 80248",Thomas Morgan,SKU#295952536db5fbb6a2a731247021f555,IID#76a7562f5a448d043c637fdf68d1a382,jason61@hotmail.com,1045.44,03/18/2019
(071) 039-5905,14,"USNS Fitzpatrick FPO AP 73798",Johnny Smith,SKU#88424e757f66efd36c624e534052284a,IID#f865483112ebe10286bfb91d2f1977e8,david93@yahoo.com,1788.92,03/31/2019
(096) 543-7564,22,"45899 Porter Glen Apt. 876 Reedview, IA 58363",Heather Gonzalez,SKU#0b91f1d54f932dc6382dc69f197900cf,IID#91282182ce469ca68482a2f5d926dc0a,perezwayne@hotmail.com,2969.34,04/03/2019
(003) 985-9893,11,"58910 Alexander Land Apt. 863 New Jessica, CO 92471",Donald Brown,SKU#6cbbe3240a203b0ff387d9bbdadd49ef,IID#e21280fed0dc7f959f88aaafbf590699,johnny04@boyer.com,653.0699999999999,04/05/2019
(210) 828-4827,14,"845 Williamson Stream Apt. 361 Brewershire, OK 04402",Juan Hughes,SKU#b9f4a26fe6ff491d6b6f51544f2fe131,IID#04929edef5e79675854b56e8d8df0c6f,allisonlong@hotmail.com,940.9399999999999,04/07/2019
(483) 516-6247,8,"93025 Michael Roads North Nicholas, RI 07228",Brooke Riley,SKU#1c920801aa88d000ce966facc8ba734a,IID#0ca06286730d83a43a4653b66ac9c85f,nealmary@reese-brown.com,330.64,04/12/2019
(470) 822-0376,17,"8384 Bonnie Brooks Tylerborough, WA 01187",Stephanie Rodriguez,SKU#83f6ad8e0640fc6583d2b09ee3c6445b,IID#29bc470bfaf4571c4024bc594cc8904b,john00@yahoo.com,1533.23,04/14/2019
(890) 712-0545,10,"2724 Gabrielle Stream Apt. 812 Port Alexanderland, IA 75952",Stephanie Lam,SKU#118db038cff249fc1b96f7a8f2b27620,IID#b7a23c4c02a55f3948adca5a302b2e36,jheath@arnold-koch.com,327.59999999999997,04/29/2019
(316) 171-1578,20,"2295 Kathleen Mountains Jasonland, VA 84215",Joe Atkinson,SKU#c1eb90438323ae0a11bfc963d464fede,IID#4ee263682008151a8a0444776e70a828,brooksjoshua@yahoo.com,2686.6000000000004,04/30/2019
(619) 126-4663,21,"30984 Matthew Neck Michaelville, GA 43520",Edward Clements,SKU#985f599bb4b81c01d5b5d16ad241d5ed,IID#1c83efb7decd67104fe96244743255f9,kharmon@hotmail.com,1249.71,05/03/2019
(949) 280-8162,14,"388 Scott Fort New Randystad, NM 74256",Margaret Patterson,SKU#ba068f44c4b751d8e114114dcdfa1a25,IID#c1fe9c7be8d89429635c6cc031b4dcac,jennifertorres@fischer.net,795.34,05/15/2019
(330) 251-9668,20,"9792 Alexander Station Apt. 582 Lake Tommyton, IL 49349",Tiffany Thompson,SKU#e9ec8abba3c25796e027afd2cd2ef77d,IID#77dadc994abf65bd50f6078945e59b7b,matthewlee@castaneda.com,2362.4,05/23/2019
(357) 858-5211,7,"070 Clark Centers Jenniferberg, KY 81923",Kimberly Morgan,SKU#1c920801aa88d000ce966facc8ba734a,IID#5520cb537921c5bac31eb788f403c7f7,amberdavila@smith.com,289.31,05/24/2019
(500) 769-2859,11,"658 Kyle Row Suite 256 Lawrenceshire, ID 36032",Lauren Morris,SKU#3676e04cd30ad97e0534f53d580be89a,IID#51cb59155bbd25b532c3d64f3818dca6,christine69@hotmail.com,708.95,05/25/2019
(320) 407-0086,13,"1696 Thomas Hollow Suite 778 Jessicaburgh, UT 28481",Matthew Tucker,SKU#ea8105655312bbb00cd82756c73a5a63,IID#f60e91778c2e05e804185f53225400fc,wongvirginia@hotmail.com,516.23,05/27/2019
(713) 411-6049,21,"26201 Salazar Grove Apt. 990 Port James, WI 22237",Meredith Marks,SKU#38cb782b7a81d1914df7b3bb4457e412,IID#5968843b256fc1ce62c6e0be62abf086,vbrown@miller.com,1095.99,05/28/2019
(320) 407-0086,19,"1696 Thomas Hollow Suite 778 Jessicaburgh, UT 28481",Matthew Tucker,SKU#28840766f7d339b8464bebe7527f2bf4,IID#f66a844649de4fa5365de59fa250a467,wongvirginia@hotmail.com,1475.16,05/28/2019
(810) 898-0100,18,"03537 Bryan Prairie Apt. 958 South Taraport, ID 35576",Adriana Butler,SKU#48e296d8287ae11c252e4277ee885161,IID#3131f93dc61d2d10daf047d68981697e,talexander@gmail.com,500.93999999999994,06/04/2019
(930) 398-0837,16,"32745 Jones Valleys West Christopher, TX 01496",Tamara Garcia,SKU#0a25e7fe3131a04b8683607a189dcba7,IID#25f25f70f0e500a96e6fc229f308c2c4,mirandakaufman@gmail.com,589.76,06/13/2019
(830) 319-6237,17,"8709 Snyder Crossroad Apt. 775 Lisaview, IN 72056",Benjamin Bradford,SKU#38490d424e2b4ffc307b6b1a17c4b560,IID#f91e7934a189a609b6868fc0d39dbd89,apeterson@heath.com,761.09,06/22/2019
(383) 446-2423,24,"2465 Jenny Islands Suite 857 New Georgeview, WA 71789",Jordan Murphy,SKU#94549eaabb68b67f351e0e911f88333f,IID#d2a6ad920cbfd5ab32a63a8565b0c790,frank48@gmail.com,1690.08,06/27/2019
(383) 713-2256,13,"7814 Alexander Estates Suite 012 Hamiltonton, NV 06068",Daniel Lee,SKU#f09f35a5637839458e462e6350ecbce4,IID#3a77be967b694bdaa8019460f4cd5359,krichardson@rivera.com,1161.29,06/28/2019
(843) 677-1722,12,"11586 Nicole Rapid Apt. 798 Brittanyburgh, DC 81994",Alan Cummings,SKU#49a599e1d83dba28fc110fbde5e42340,IID#669af28d22d422982b433c19e661203c,donaldsanders@lewis.com,1926.96,07/01/2019
(246) 244-8094,17,"04306 Nathan Club Suite 894 Lake Josephland, WI 39778",Jonathan Kirk,SKU#214a5891e06c2c9ebbb41fad5dc1d56a,IID#db7c8e8dba3146970768172877214280,cummingsjennifer@hotmail.com,2397.34,07/06/2019
(972) 155-5578,13,"9914 Erica Square Johnsonshire, UT 45235",Regina Clark,SKU#651bcf535ed50ffa7724c8751bec1a66,IID#9eba1f20fb5ca5644c090f23e7a6be48,mcbrideshannon@yahoo.com,1709.5,07/27/2019
(191) 603-4164,18,"202 Aaron Forges Suite 784 Lake Lindaside, DE 76261",Debbie Hill,SKU#14cb043bce71e268d3afd06e6dd6e1fd,IID#4ad5256e0cfef53a8ce5aef3a974fcbb,joshuacaldwell@jackson-shaw.com,2334.96,07/27/2019
(197) 106-0927,20,"906 Eduardo Isle Port Maureen, IA 36248",Brian Greene,SKU#ec532088fb20a5ee48d6c8ad1186f05f,IID#71bc3a9462bfd3018184b449e1a4d305,qrangel@andrews-johnson.com,3079.8,07/28/2019
(421) 324-7009,17,"4390 Curtis Hollow Apt. 675 West Samantha, NJ 74675",Brianna Greene,SKU#c1f4483271dd550a418a1b55bf3c3ae0,IID#43cc8cb927870b5e2766eae7af09217b,phayes@hotmail.com,1768.0,08/15/2019
(361) 852-0549,22,"22384 Burton Turnpike Apt. 703 Port Elizabethmouth, OK 90733",Holly Baker,SKU#56f8973f2639280b45ca0ac1ffc486f7,IID#adc871ae4d53d27ab07674d29eecc4f7,gharris@figueroa.com,1662.76,08/16/2019
(130) 370-5308,11,"17812 Samuel Flat Wongbury, GA 36877",Anthony Walker,SKU#d7d2fed9b7c55fe72a6cda66725cb7e8,IID#9714ef605c75ceee54d445a240363982,lindahogan@brown.org,668.6899999999999,08/20/2019
(004) 269-2707,14,"143 Marisa Fords Suite 918 Timothyville, VT 96340",Robert Gutierrez,SKU#363c2e67f9e853fbc532d0b6404db30a,IID#f494fbb166e37cbc0ba3c6e0baa00e2a,lawrencefisher@buck.com,1498.5600000000002,08/21/2019
(379) 262-1920,9,"1555 Jessica Villages Apt. 500 Hornemouth, CO 74337",Christina Salinas,SKU#685fa71c2a5da989cb57c7150484805a,IID#b4e7ac976a726ee352d7cb3b418b4a4e,meredithterrell@juarez.org,487.34999999999997,08/23/2019
(752) 022-9374,12,"6079 Brown Turnpike Suite 057 Markfort, DC 35935",Christopher Smith,SKU#32b5e7886d1928c44fadc040471cc550,IID#bfd03c96e03b8a18772d6a78d1a0b0d6,zlynch@gmail.com,905.28,08/31/2019
(424) 506-8980,21,"0891 Meagan Keys Port William, SD 55009",Mark Shaw,SKU#809457c05fe696f5d34ac5ac8768cdd4,IID#acb1d9cf6d75482f27ad5c14fbda958d,scottkim@hotmail.com,1178.73,09/03/2019
(655) 271-9178,18,"97568 Rebecca Vista Apt. 400 East Zacharyview, MO 96562",Matthew Schmitt,SKU#49e885c1bd66fc43e856a00e59d71188,IID#a66cfaf3f38d5f622ab4377b4f8fcf27,amykaiser@gmail.com,2100.42,09/14/2019
(613) 510-8581,17,"675 Phillip Forks Ashleytown, MS 61280",Lori Torres,SKU#49a0e45ae8dfba5e4161b60ab5330a45,IID#2c7b1fed9d81b2a6e9f6c069998357ee,lbright@farrell.net,1650.87,09/14/2019
(192) 395-7742,19,"21934 Christina Ford Vanessaport, WI 25628",Jeffrey Hernandez,SKU#9e6ac300fabeb2791fef26613b0c3a00,IID#82119e6aa178efa106726a66e021b8f4,jessicameyer@gilbert.com,1772.7,09/17/2019
(422) 776-0573,8,"938 Gallegos Knoll Gibsonborough, MD 47334",Joseph Aguilar,SKU#f6eb0cf641dd8f910a4c26603cd30e40,IID#13f638932eb4a9ba384af291de2f958f,mosssteven@gmail.com,925.44,09/17/2019
(599) 015-6489,17,"77820 Maria Highway Lake Stephanieport, HI 69303",John Johnson,SKU#1a7c3b4c28eb0673aa12037a2b9739f0,IID#f28604e2cdd17aacd48a2ea22fe61e0f,carlosedwards@hotmail.com,1533.0600000000002,09/20/2019
(763) 029-9124,16,"2855 Wood Island West Christineton, MT 34794",Kristine Blake,SKU#53b7e0c722494b606239078e112cbc86,IID#892d4a8faa23faf0fba5db4175a71a82,rbanks@yahoo.com,775.2,09/23/2019
(284) 026-5952,10,"39660 Andrea Drive Apt. 929 South Travisfort, WV 35915",Jasmine Hubbard,SKU#d567f75fba75ba13d448b5deaa208e67,IID#5955c51bf2fdca90110adff0a6fd06f9,andrewpowell@wade.com,1233.8,09/24/2019
(735) 859-7957,19,"146 Jeffrey Stream Suite 997 South Carla, MS 05137",Sydney Holmes,SKU#eeb20c9bc165677800b6dc7621a50cc9,IID#2282ea2db008ced8048442eaf002a761,pennymoore@sanchez-herrera.com,2021.6000000000001,09/25/2019
(830) 319-6237,11,"8709 Snyder Crossroad Apt. 775 Lisaview, IN 72056",Benjamin Bradford,SKU#ab58d658c2dfe0393df78f57740dcdb8,IID#d43ca3e7add74dc21909e2b801e3af15,apeterson@heath.com,601.8100000000001,09/29/2019
(859) 707-8239,17,"8187 Young Circles Travisfurt, MS 02861",Adam Bailey,SKU#17536ccbe836e9925123bcb6f1dae7a0,IID#eb86e8728f1fa99686279d7d235139ae,morrisjames@morgan.net,2344.47,10/01/2019
(463) 660-2279,12,"3133 Christine Mission Apt. 007 South Brandyshire, NY 27756",Theresa Simpson,SKU#bceef68cb887519b438771840de07a60,IID#663fe84b990c0f6ecf819a0a1c0ecd6e,gomezdebra@bowen.biz,1247.6399999999999,10/03/2019
(363) 971-5011,19,"53490 Bender Pass Port Johnborough, MT 51933",Nathaniel Brown,SKU#3cc6142f4b034d89493334655228d611,IID#b775ff261d7e8803b2986e7b5a59fee3,milleralexander@johnson.net,770.83,10/07/2019
(964) 949-4300,18,"26533 Paul Stravenue South Juliehaven, OR 24174",Joshua Bowen,SKU#91492f3350f4a1c513741f6aa8a96b5a,IID#0521084fc491a31e1b9e46de6ecdd7c6,williamsvincent@yahoo.com,1215.72,10/13/2019
(906) 901-0294,10,"1145 Bush Forks Apt. 954 Laceyborough, NE 69673",William Hoffman,SKU#103699d777d0304adfe836ca4b609bc8,IID#b546b81eb575e0829363b081f6a1c54d,kaitlin79@hotmail.com,945.3,11/04/2019
(604) 934-0737,15,"710 Brian Valley Apt. 016 Allenville, MN 79015",Jacqueline Hensley,SKU#a507e79e534884fd6eba4efcd891ec40,IID#4599b381f0f27f6af25ad8812675955e,andressimmons@hotmail.com,1747.8,11/09/2019
(485) 414-2707,15,"USS Johnson FPO AP 36097",Diane Pace,SKU#17536ccbe836e9925123bcb6f1dae7a0,IID#57eaad0e5f10bc87e5f0377c2cbab340,jeffrey52@yahoo.com,2068.65,11/14/2019
(773) 737-4216,17,"9065 Patton Parkways Apt. 196 Sarahhaven, NV 33663",Tiffany Gonzales,SKU#c7ea739796f77dea0edf2dcebe980a6b,IID#aac4d9135a2a7d36eb72865ec09d6699,kevin27@young.com,2075.36,11/18/2019
(066) 862-0085,12,"Unit 8949 Box 7679 DPO AA 37107",Steven Johnson,SKU#f44a1000506e2f6a96e3e803ead50529,IID#d9e652168dd164b29a12a0653d8727ae,sallyhodge@cervantes-bennett.com,779.4000000000001,11/19/2019
(609) 994-6807,10,"644 Brenda Tunnel Elizabethborough, WI 94431",Adam Smith,SKU#0d92f9f093fe363ad97fe27675981f1d,IID#3caf500849c03d698eb5ea28337ab221,liualan@yahoo.com,1088.4,11/22/2019
(619) 548-3832,7,"280 Daniel River Apt. 087 Trevorfurt, SD 65510",Brandy Buchanan,SKU#913b5f6fa52997031093e858d136a04e,IID#6e579fe23bd05c23d1965b5487e7fc62,jeffrey95@banks.net,389.62,11/24/2019
(318) 114-3444,17,"284 Marisa Square Suite 478 Davisberg, TN 95791",Donna Lewis,SKU#425ab24e1b4c711c09b71f1509450c3b,IID#bf08e8aed9d91eb4eb84f8548c4ee366,mphillips@daugherty.com,1555.67,11/30/2019
(238) 013-3583,8,"806 Robinson Wells East Paul, IN 88449",Megan Simpson,SKU#6790430bcb39e961b83668cbaa1573dc,IID#44b892874afd4e8eb5b52f0119509c60,mbaldwin@yahoo.com,1103.2,12/03/2019
(474) 937-4984,10,"56351 Timothy Fall Suite 001 Garrisonburgh, TX 53993",Donald Jacobson,SKU#1adcb05e97a9d3de3c80d399692829b7,IID#9062c2f2fcbd869903daf1b4f280418a,alexander03@clark.biz,1248.1999999999998,12/04/2019
(190) 752-4644,22,"87252 Gabriel Meadows Apt. 740 Andreabury, AR 12520",Shannon Hensley,SKU#a63c90cc3684ad8b0a2176a6a8fe9005,IID#5f7398516353c5dff2ff34418f74d654,morrisryan@smith.com,1112.1,12/06/2019
(099) 421-2592,16,"03047 Wesley Landing South Christopher, CA 16305",Nathan Hamilton,SKU#3aaceebd65f0b79f9ae1718d3241bf37,IID#5b5f770e15612ce642ecff83bd4b2aaf,ldonovan@guzman.com,2129.92,12/15/2019
(912) 795-6104,15,"8188 Amy Drives Darinburgh, MD 39814",Tammy Gross,SKU#9e1e5883c74742a497cf5c272ccd2321,IID#63ae3102e051027914ce09d6b7ad95f9,lbrown@deleon-morrow.com,1734.75,12/16/2019
(366) 024-6858,14,"30617 Cynthia Common North Anthony, OK 51503",Laura Munoz,SKU#d00e81a86830948bf7d7ed15874c46b5,IID#cfe030a53ab309ad8352221f4860835d,xmoore@hotmail.com,431.90000000000003,12/19/2019
(733) 357-1641,12,"7030 Darryl Gardens Smithland, MO 21489",Katie Le,SKU#ff9a2d3be0b1b401f5bbae30ab62a24d,IID#b2f708a19f67fd21c1cc7d13f5d064b0,knewman@yahoo.com,1271.8799999999999,12/22/2019
(096) 096-5390,12,"02166 Mason Walks Suite 980 West Brandonhaven, RI 97993",Tiffany Jacobs,SKU#842600aca2a24743312498c864b51d9d,IID#c81f4d1750d641fc7e489677213edb57,tony09@walker.com,271.08,12/22/2019
(665) 844-2557,9,"7732 Ryan Spring Suite 024 Villanuevaborough, IN 42394",John Smith,SKU#bf619eac0cdf3f68d496ea9344137e8b,IID#6dd9c2b01c451caabe329b4eed31be1f,twarren@cummings.net,936.99,12/23/2019
(428) 578-2296,14,"736 Ray View North Larry, LA 61923",Shannon Adams,SKU#3ec27034eb407f4e005c159122e327fa,IID#0eb0369c77d521af179a1a3ada35e364,brianmorgan@jackson.info,541.1,12/26/2019
(428) 338-3608,12,"399 Rebecca Squares Apt. 917 Normaville, WV 06241",Daniel Smith,SKU#1681f47bd5f4a89f10395c5b75c76fa6,IID#e2d75825f37543649ab87a65c19c4b1d,jason22@strong.com,535.08,12/28/2019
(622) 791-1323,9,"69564 Denise Villages Apt. 574 Parkerbury, AZ 42798",Mary Williams,SKU#6100ca818d4e71ce540663f9a2406ca4,IID#614da3cd930699986c1bf3b46c73f6b4,luis19@martin.com,877.5,01/01/2020
(791) 091-1784,19,"78655 Williams Dam Apt. 830 New Justinhaven, RI 33595",Joseph Marshall,SKU#4297bcbc41aacaa139ed675a24d5eaff,IID#4eca66e444705ef0d2563c7456955e6a,michellemays@ayers.net,2871.85,01/05/2020
(672) 348-2710,15,"40766 Scott Tunnel Suite 808 New Jillbury, WV 91481",Melvin Mason,SKU#8ef3a35df8c4bda3d540914558124d67,IID#1300adcb14e2696731af9b44129f3654,oford@gmail.com,1269.8999999999999,01/06/2020
(180) 020-9201,13,"46552 Paula Mill Suite 294 Port William, ND 19984",Mark Booth,SKU#bec4473fc43b77e28e60f89da4e29c00,IID#476af6efd50954d2cb0c6ae4d60c3949,thomas08@weaver.com,1917.5,01/11/2020
(609) 994-6807,29,"644 Brenda Tunnel Elizabethborough, WI 94431",Adam Smith,SKU#33aa8cb471ba9dee750c069bca801127,IID#160524d63fcfcf42f3cb6679f9689432,liualan@yahoo.com,1169.8600000000001,01/13/2020
(773) 737-4216,12,"9065 Patton Parkways Apt. 196 Sarahhaven, NV 33663",Tiffany Gonzales,SKU#a4350863c6fae54f9d8ef4de7095e3f4,IID#b3391f7cffc97f60ed5aab1b1e955839,kevin27@young.com,980.76,01/16/2020
(983) 233-9293,17,"88048 Edward Mission Apt. 910 Lake Paul, AL 08981",Theresa Martinez,SKU#148693d2fbe9ed330f88b84805fe7d44,IID#ebe363a378d327c0af6f68cd4295928a,schultzpamela@rodriguez-taylor.com,1577.77,01/19/2020
(860) 985-0833,10,"7689 Douglas Inlet Suite 993 Anthonyport, UT 43024",Rhonda Rhodes,SKU#7ba69f4ec41007c035beb73aa29d6b32,IID#bca8b14697299e9ff8307b22d3c3616f,joneswendy@davis-nichols.org,1016.1,02/11/2020
(752) 015-7291,13,"66555 Russell Throughway Larrystad, WA 89297",Rachel Case,SKU#07d9b08eaa0a26f9771ee72f21e2b29d,IID#52d6570a2b7cbcd25b208356b6012efe,arthur23@green.com,840.5799999999999,02/15/2020
(016) 969-3609,21,"14855 Wilkerson Trace Apt. 691 Mariafort, GA 61260",Victor Smith,SKU#dcf346fa83e19956e968b4d76e185ab1,IID#5f87c8d4e6619ff905bed6edf6cac37b,timothyalexander@gray-becker.biz,1222.83,02/21/2020
(742) 434-4918,12,"3356 John Gateway Apt. 407 Lake Dylan, MI 68662",Rick Richardson,SKU#662c15902c01543c5e91f48de58d8ecd,IID#7b36333d04835b8e207e499aa1f51985,rwest@hotmail.com,1485.1200000000001,02/21/2020
(267) 213-9161,11,"74311 Wilson Hill Carolynland, DE 07012",Bobby Vasquez,SKU#e6b62b76fb2eb2a0e0adde0c067da680,IID#a79fa919bd6431224eba655b65bc8761,susancain@johns.com,1072.6100000000001,02/23/2020
(099) 421-2592,20,"03047 Wesley Landing South Christopher, CA 16305",Nathan Hamilton,SKU#3ec27034eb407f4e005c159122e327fa,IID#3a1658bbc910bdfd5f0341be1a5f0d36,ldonovan@guzman.com,773.0,02/27/2020
(584) 042-8082,8,"Unit 9889 Box 2259 DPO AE 33272",James Crawford,SKU#2b33bff451316574ec905448efaad2bf,IID#6204caab0ab5638225fd3afdc29ac1d7,qbarnes@hotmail.com,995.68,03/07/2020
(540) 878-4849,12,"5087 Dixon Divide Suite 180 North Stacey, MD 72765",Shannon Warren,SKU#153a5896b15f08b9958895743d19f664,IID#edc5fcace9f7731d984fad0dea95e789,ethanhale@hotmail.com,681.72,03/08/2020
(760) 492-5290,14,"9174 Osborn Forge Lake Todd, TN 54619",Jessica Beasley,SKU#cd0df1f985456c7aec307c9864ca9d18,IID#02de2d2d54863fe4eae3e7affc6d0ee6,jamesosborne@mendez-johnson.net,711.9,03/10/2020
(332) 130-6926,13,"311 Andrew Burg New Jeffreyside, CT 14867",Deborah Huffman,SKU#e2a482a3896964675811dba0bfde2f0b,IID#7c26581e37a51a70edfe409470dcf10c,goodwinandrew@powell.info,1721.4599999999998,03/11/2020
(619) 982-9886,12,"6068 Megan Estate Danielleton, NM 36409",Terry Clark,SKU#b4bc0edccf4b0c7d74a2ffe3b63afd9a,IID#fee71291017bea3a1f31cac6b2e5e9e8,jamesaguilar@white.org,1662.84,03/11/2020
(658) 379-0604,10,"903 Roberts Court Apt. 032 West Raven, PA 43529",John Johnson,SKU#f38284ed47516389c1d0d0369b7b56cf,IID#55e2027f84c61f98d610a854f0f8ad4b,victoria18@morris.com,1027.3,03/18/2020
(284) 026-5952,14,"39660 Andrea Drive Apt. 929 South Travisfort, WV 35915",Jasmine Hubbard,SKU#eda6a5ecad2070fad8cb1a94359f9f57,IID#6b48e5f59e79740edcc08a856bffb399,andrewpowell@wade.com,540.26,03/21/2020
(889) 974-1132,11,"30482 Stephen Plain Apt. 111 New Matthew, VT 78439",Rhonda Glenn,SKU#27cf216aefe52d3245e88b0aa23a1677,IID#9ebcee6e7d3ae9ca17f1a5891b7c8ab8,mendezheather@gilbert.org,1536.8100000000002,03/22/2020
(823) 820-5002,20,"39274 Cox Islands Apt. 421 New Jonathan, SD 80248",Thomas Morgan,SKU#8a77e487095b9fc40c2ed1dfbb422892,IID#dd3ef0b61c542dcca4f9fc1179960f15,jason61@hotmail.com,1210.4,03/26/2020
(871) 246-9958,16,"5186 Kemp Streets Apt. 987 Johnton, SC 70122",Shane Briggs,SKU#d26937a0a615266ccd9fb199e7fb7fb9,IID#68b5eb2006507174d4a05fb9daba47ec,nguyensamantha@hall.com,1481.12,03/26/2020
(141) 917-8272,13,"USNS Lawson FPO AP 50265",David Sanchez,SKU#2c16868331f82ff43059dcb0ea178af3,IID#3ea23ddfe09dcf4555f3e1cdb1b065e6,leonard83@hotmail.com,1059.63,03/31/2020
(315) 840-3857,10,"1932 Victoria Trail South Catherinebury, GA 78648",Daniel Alvarez,SKU#aa05044356e8e196bac7ada1f2a4778f,IID#cf08533b6e3831edfa7a6a694cce20d0,maryrobinson@gmail.com,700.1,04/04/2020
(890) 712-0545,7,"2724 Gabrielle Stream Apt. 812 Port Alexanderland, IA 75952",Stephanie Lam,SKU#9639b2e7e5fe39d0f1770cad86f59b73,IID#e053dd7222206b38f8a3e54ec95b5f54,jheath@arnold-koch.com,854.4200000000001,04/05/2020
(542) 246-8861,21,"USS Brown FPO AA 01970",William Oneill,SKU#2dcea950234175e3edf672936843ab5f,IID#57bcc909a000c5fadc01b2204a5f3267,garciaerica@hotmail.com,1708.35,04/07/2020
(801) 202-8782,17,"106 Jennifer Alley Apt. 693 Johnsonburgh, MI 98626",Amanda Perez,SKU#6c4bbc2191b9fca407592ebc86567a12,IID#106d662e49c36d254e727a3b86e6315e,brownmckenzie@hess.com,1200.54,04/08/2020
(008) 983-4675,20,"5707 Raymond Terrace Suite 578 New Bridget, AK 50737",Jocelyn Armstrong,SKU#2b0e63420f5cae3932461d8c74a9e788,IID#499049f5b212f758b72d7f56aab72f10,fjames@gmail.com,851.8000000000001,04/14/2020
(290) 203-2670,24,"298 Kenneth Lodge Wesleyfurt, DC 53179",Amber Morris,SKU#5d2a33958ebe530732fd9c258850c5aa,IID#cbd09516a13e1975257eb7263042adf3,harristaylor@yahoo.com,1303.92,04/16/2020
(359) 478-9332,12,"693 Joe Forks Apt. 941 East Kristenburgh, DC 32468",David Kidd,SKU#fc0bc7885ad356801903e7f9e01fba4c,IID#7a6f37385ff23bb85c48ae79947d762b,ecopeland@hotmail.com,807.0,04/18/2020
(978) 241-5805,23,"022 Donald Station Suite 300 East Ronald, MT 35192",Mr. Charles Gill MD,SKU#bfd4f3f518d771ed1e163a74360c8782,IID#2eab7021f75329f8009bf9c0d68be4d7,lisa03@martin.biz,2381.19,04/21/2020
(631) 676-4949,17,"34940 Foster Route Suite 218 Greenstad, IN 55003",Brent Edwards,SKU#88a4ef65b666e053c28c9e023d8579f5,IID#766c82d7c9348b45b084ec8c1513dc5a,bethany52@yahoo.com,2134.69,04/22/2020
(463) 660-2279,19,"3133 Christine Mission Apt. 007 South Brandyshire, NY 27756",Theresa Simpson,SKU#8271cb2e6a546123b43096a2efce39d2,IID#5e884f3939c445b492d5b9a1bde29d41,gomezdebra@bowen.biz,1057.35,04/23/2020
(328) 613-3110,16,"2801 Chambers Dam Davisburgh, GA 14593",Shelby Smith,SKU#3d5bc884d137ccd86a25f978a7800818,IID#4df7070227ac0e2cc161c628078728d4,parkerpamela@bates.info,685.76,04/23/2020
(491) 627-0331,15,"4573 Hamilton Manor Markbury, OH 15917",Elizabeth Stone,SKU#c31dfcf948d8fbaffb2fc39e18001ea1,IID#f74858349be1191ea7ad9fa91b20d328,owensbrian@anderson-torres.com,1614.8999999999999,04/28/2020
(468) 100-4410,13,"9361 Cook Lane Suite 928 New Pamelaport, AK 36769",Stephanie Williams,SKU#e2e35b66c0ca9f360d75f9b527c9f962,IID#da7dbce9cc8a85b4bbda36483dc0b48f,sellerscarol@gmail.com,939.7700000000001,04/28/2020
(586) 798-8079,24,"PSC 1321, Box 4679 APO AE 04536",Joshua Hamilton,SKU#f76f0a335388e887c2b67433c8541115,IID#18b5aa570e29dbc3be9b9526636a2c8a,keithmills@gmail.com,1490.16,04/28/2020
(133) 245-1586,13,"77586 Hernandez Orchard Apt. 209 Laurabury, DC 93005",Dawn Lopez,SKU#782d7b5488175ae07bbe22b43f937d87,IID#35184220d4ee28a9a163f0a7362d2fea,jtate@gmail.com,599.1700000000001,04/30/2020
(568) 850-7549,9,"3871 Kimberly Curve Brownbury, SD 87780",Rodney Murphy,SKU#81e4bf29a6552cb0df60980b937ed4a3,IID#845924b400cbf7c3d2df2cda5ddc6e14,teresa01@yahoo.com,493.46999999999997,05/02/2020
(536) 635-0044,14,"3790 Melissa Hollow Rayton, WI 52224",Wendy Hernandez,SKU#a1c8dcbd11c543b1e52a5ed5eab69994,IID#a020478b97b78d936a9f94eb6e4969b9,chamberserik@hotmail.com,1537.48,05/03/2020
(759) 856-3085,14,"65940 Ward Mountain Suite 941 Anitachester, NM 87233",Hunter Cooper,SKU#73b0769c7e1578ecab158382bd2ad1cc,IID#99a5f9d9e5b5bcd73dcb2c66af582afd,scottphilip@gmail.com,1620.78,05/04/2020
(093) 568-0523,16,"56304 Andrea Islands Suite 026 Davidfort, VT 64952",Meghan Mccann,SKU#e7b188938a141c90dda76cc258c01f8b,IID#dfebfdfc8b676edb8c36636aa8e6cd85,nancystephens@cooper.com,2552.0,05/04/2020
(491) 322-3154,23,"01604 Shane Island Nicholasshire, WA 36640",Edwin Evans,SKU#eda6a5ecad2070fad8cb1a94359f9f57,IID#469dddbe3f2cbc8b9cc1f76a9f321837,vazquezjonathan@hotmail.com,887.57,05/10/2020
(191) 603-4164,16,"202 Aaron Forges Suite 784 Lake Lindaside, DE 76261",Debbie Hill,SKU#db6652f211d619f7a7f11b7f1fa267ae,IID#ea56f5a4f03e0754f9bf2af4aa53958e,joshuacaldwell@jackson-shaw.com,2617.44,05/11/2020
(037) 499-6056,12,"6658 Jesus Gateway Suite 337 Johnsonmouth, DE 82915",Tony Shah,SKU#27f4380737c6edbfc219e4bc35bc95a9,IID#c5546d590e80542c3f9842bb6c0cc5b2,garrisonjanet@gmail.com,1834.56,05/12/2020
(262) 392-4989,21,"USCGC Mccarthy FPO AP 05658",Brooke Allen,SKU#c31dfcf948d8fbaffb2fc39e18001ea1,IID#56aa411bfc97af3628f0b61f162c5f26,stevenmartinez@gmail.com,2260.86,05/12/2020
(020) 880-7195,16,"780 Rogers Walks Suite 241 Amandatown, MN 88931",Tim Bradford,SKU#3561c0dffdb90248fa1fc2d4fb86f08a,IID#664ccae8cfbade90e20722a90d9e2c1b,kimberly60@bell.org,1258.24,05/18/2020
(500) 034-3989,18,"5572 Ricardo Rest Apt. 148 New Katrina, NM 87014",Jamie Oliver,SKU#eda6a5ecad2070fad8cb1a94359f9f57,IID#3b326addf20dfd6b8eb1ee5ffda80529,tonyarodriguez@yahoo.com,694.6200000000001,06/10/2020
(735) 065-7287,19,"585 Hall Courts Apt. 201 Sweeneytown, VT 37421",Jonathan Morgan,SKU#a45b79d07fca5434ec3ac8f6ebdca02d,IID#a87ab005fd76a269147e9b073d345b33,james16@hotmail.com,2148.71,06/13/2020
(400) 955-2315,11,"392 Ferguson Island Apt. 834 Port Linda, MO 75052",Christian Schroeder,SKU#0498cfb8aae1383c049e8ccdd85f3abf,IID#335d6077743dd91c2d74c97787f2c0aa,hannahbennett@hotmail.com,1038.95,06/15/2020
(066) 862-0085,16,"Unit 8949 Box 7679 DPO AA 37107",Steven Johnson,SKU#e02fb636009dc0e9e1e3d40c2b8e234d,IID#1d80c3eb27d67f3010b4555350797728,sallyhodge@cervantes-bennett.com,1073.92,06/24/2020
(930) 398-0837,19,"32745 Jones Valleys West Christopher, TX 01496",Tamara Garcia,SKU#16b41a8dee51a47cf362ec449b2a4ab0,IID#afe57eabfc4448e2a8859805bc1af742,mirandakaufman@gmail.com,2851.9,06/25/2020
(040) 046-0992,21,"8136 Leblanc Place East Dawnstad, WA 88747",Derek Davenport,SKU#93b885adfe0da089cdf634904fd59f71,IID#cc734ac9246ba55978cf6d80b5ac89e2,jdaugherty@gmail.com,844.62,06/27/2020
(151) 377-8273,19,"5844 Hayes Flats Robertborough, CT 56340",Mr. William Garcia DDS,SKU#e62da29ac3a82185101eb38cb426322a,IID#0cc295d1d8b34d399c1d83821906e4f6,cheryljohnson@hotmail.com,2792.43,06/30/2020
(841) 046-8420,15,"4772 Paige Hollow New Danielborough, DE 86151",Jennifer Garcia,SKU#cb6e900d82976474d5ff525aa0ee2a77,IID#d239d09546d9685b69ec55dc77e6d2cd,madison40@rogers.com,1353.45,07/03/2020
(097) 608-8652,17,"057 Ortiz Pine Aguilarstad, ID 86364",Patrick Mitchell,SKU#915efde7e9cc34efd7d3feb1c3aba400,IID#baa9e138a0aafb8717c3cf81c4f12b9e,fgeorge@hotmail.com,1285.88,07/07/2020
(727) 422-6975,7,"843 Ward Lodge Suite 873 Andersonton, NY 41742",Steven Sullivan,SKU#14f0fa909920cc3feb6f0868f38b685b,IID#ae4de311f171f0f2f9e6cf12c54749f7,nicoleclark@yahoo.com,773.85,07/09/2020
(986) 011-0628,12,"8377 Bartlett Light Apt. 392 Bryantside, OR 80578",Rachel Jackson,SKU#47ff153f1d7396fa513426e9b17c9670,IID#97a8c8e5efa4457e5c1269f64db3a468,carpenterkathleen@duncan.com,900.0,07/09/2020
(133) 659-4251,10,"36223 French Estate Port John, MS 92410",Paul Brown,SKU#eecae68e4f9ee6f037742aac8f36cc1b,IID#ab266d5d3a541fa1306a3a32e5f7498e,christopher80@gonzalez-wallace.org,988.5,07/10/2020
(622) 229-3164,19,"324 David Trace Port Keith, SC 23077",Bobby Vargas,SKU#281814d2404251097e8f324145559472,IID#ca4eb1da15d5b98966d3bdb07066f8ca,brian39@hotmail.com,1203.08,07/16/2020
(051) 585-1118,20,"851 Anne Fall Apt. 029 Port Benjamin, OH 42542",Peggy White,SKU#d3bce61532ced65bb969696f79f01172,IID#e6196d69aaf370f5ef7a3a398dd7b1f5,bradley58@hotmail.com,2776.8,07/22/2020
(970) 054-4130,9,"994 Medina Pine Suite 106 Lake Christineview, TN 35417",Michael Snyder,SKU#c39b7233fa0699b3cd333f9f0be738e4,IID#089857a40b5dd59b728c4c90bb595b02,rnolan@johnson.com,1232.91,07/26/2020
(252) 609-2025,17,"54440 Black Manor Suite 705 Jacobstad, PA 35219",Jeffrey Hicks,SKU#8c04a74d73587e9be5f4bdf1631f000c,IID#9e46c8eee6f60f02189cb50c1840c306,jbarker@gmail.com,1378.6999999999998,07/28/2020
(284) 026-5952,15,"39660 Andrea Drive Apt. 929 South Travisfort, WV 35915",Jasmine Hubbard,SKU#df096d542fa7fe37032f5d4828155ebc,IID#4bc38225e98e5da1bbd2d4bc3e9fcab6,andrewpowell@wade.com,735.6,07/29/2020
(683) 303-9454,26,"505 Pamela Ports Apt. 634 Williamsmouth, AK 44126",Elizabeth Hines,SKU#4aa09c46db228e7f610ad440cd89c103,IID#39587d51f2a77d5506e3f96f62aaaa27,mmoore@warner-leon.com,3407.04,07/31/2020
(737) 185-2171,19,"4469 Angela Row Apt. 602 Lake Rubenhaven, SD 19095",Sara Hughes,SKU#09bd5191335ad3d5bf5a3b5e1cf86537,IID#c673296e384f910546a7723e09e2c6e6,nicholsonyolanda@gmail.com,1880.2399999999998,08/07/2020
(526) 156-9387,21,"2787 Christy Plains Apt. 341 Port Stephanieburgh, WA 38902",Timothy Wilson,SKU#23a6fa3f18df1988cd13a8aba45d6e39,IID#90bffee495e131300450161eaa971cec,daniel49@walker.com,1562.4,08/11/2020
(400) 194-0379,8,"9409 Martinez Island Apt. 366 Campbellview, NM 11801",Danielle Flores,SKU#2b33bff451316574ec905448efaad2bf,IID#1eece352640742ac84ad843dd3ffc7b6,dustin18@johnson.com,995.68,08/12/2020
(483) 516-6247,14,"93025 Michael Roads North Nicholas, RI 07228",Brooke Riley,SKU#b074ba5eaa5e669b5efa2ec08ab47937,IID#43e6675bc8e029ce34225f1f54ad51d2,nealmary@reese-brown.com,630.2800000000001,08/14/2020
(984) 662-4963,26,"32101 Ruiz Estates Suite 803 West Marietown, MO 81058",Richard Hill,SKU#186129784bd76837125350e15ff96118,IID#339fe8de388b8136cd0d2a63da92a75a,zjohnston@yahoo.com,1187.68,08/15/2020
(971) 299-5859,19,"USS Parker FPO AP 88165",Stacie Keller,SKU#189a804eaa46ce838e487ab062642981,IID#2cb0ae6f521e05003e1202acbf8d88f7,kellyrobertson@gmail.com,1100.48,08/15/2020
(638) 458-1023,15,"47919 Derrick Estates Suite 081 Kramerborough, AZ 06103",Joseph Glenn,SKU#18532bc27a6d0133fd23067bef3f7e83,IID#1fc9e040a41e5c025f5b4d1a68bd52af,brownjames@yahoo.com,761.4,08/16/2020
(533) 836-6768,20,"5130 Lisa Shores Mitchellmouth, OR 11196",Kimberly Charles,SKU#80be6efdf5a776659777bf07d4aff891,IID#8d3b219b25ec18a9c4c786038b87417f,ccardenas@gmail.com,1033.4,08/29/2020
(619) 982-9886,9,"6068 Megan Estate Danielleton, NM 36409",Terry Clark,SKU#2137363a8eb7a264d120a221e4b61ec8,IID#7e04c2316fd0f5728464b1cbaae9d51b,jamesaguilar@white.org,1223.19,08/31/2020
(662) 470-5100,15,"7752 Anne Extension Marvinborough, NM 08103",Ms. Christina Coleman DDS,SKU#eda6a5ecad2070fad8cb1a94359f9f57,IID#f86ead8e5ca3183538563cfeb4619181,rlee@yahoo.com,578.85,09/10/2020
(210) 828-4827,18,"845 Williamson Stream Apt. 361 Brewershire, OK 04402",Juan Hughes,SKU#899239707e64d231ef484c82e629ee66,IID#a79c56e140353f0f4c6e81b6dff36fe6,allisonlong@hotmail.com,1875.78,09/11/2020
(300) 811-0463,22,"14930 Austin Springs New Graceburgh, RI 69845",Joseph Johnson,SKU#862dec5c27142824a394bc6464928f48,IID#c95cee449a6e9c2f943e610cf3040b6e,scott81@taylor.info,2586.98,09/11/2020
(196) 421-5187,19,"22817 Sullivan Drives Apt. 181 East Sarah, DE 11270",Cheryl Mack,SKU#f4332cb4ea9179c3b4d5f039fe518947,IID#1d3e0fa3bc612c38bf02cb7491645538,phillip77@walters-perez.com,1568.83,09/12/2020
(547) 474-6420,18,"USCGC Fernandez FPO AE 56978",Julie Phillips,SKU#1681ffc6e046c7af98c9e6c232a3fe0a,IID#b7a8d1108ad90dc8b321b34f3164e96f,ronald05@gmail.com,840.96,09/16/2020
(927) 432-2765,20,"208 Wayne Spring East Loganton, OR 16032",Cindy Hughes,SKU#a44d27dd9c5fe19d8b1fe7253ec80523,IID#d4822ac8342c3de322f37b06cc8ba39a,gberg@yahoo.com,1479.6000000000001,09/19/2020
(298) 508-2988,11,"301 Suarez Forks Apt. 657 Jamesmouth, SD 75561",April Newman,SKU#6c4bbc2191b9fca407592ebc86567a12,IID#4b42dab14fb744fa4830deeea81004ac,andrewspencer@simpson.com,776.82,09/19/2020
(084) 220-1625,17,"7301 William Ferry Suite 609 Stevenport, MA 24231",Chad Frey,SKU#db6652f211d619f7a7f11b7f1fa267ae,IID#80c812ef40c94fe76e78b5a9ee6790d6,sierra43@ramos.net,2781.03,09/19/2020
(988) 986-9193,14,"6634 Shannon Turnpike Apt. 517 New Karen, NY 00676",Joel Hart,SKU#c832fbd186a4350129eaa5cae35a6332,IID#c1d0930a928537f2c302e66abca690b5,rjohnson@hotmail.com,835.38,09/25/2020
(154) 982-2263,20,"55232 Alex Curve South Heather, DC 98356",Alexa Rivera,SKU#d379e9b8ffd9301de96c455029dd5c38,IID#7f40e30dfb6f9f21ce28a8878e87bac8,michelegonzales@osborne-jackson.com,448.8,09/29/2020
(437) 731-2197,22,"95622 Crystal Forest Suite 020 Margaretfort, MA 98624",Steve Lewis,SKU#4fb90e5f1623b15a43cc85e33b0aa82f,IID#58d23cd86fee24ae41f67c92ebbcb20c,wjohnson@hill.biz,2263.58,09/29/2020
(320) 407-0086,13,"1696 Thomas Hollow Suite 778 Jessicaburgh, UT 28481",Matthew Tucker,SKU#f00346db02cfcc5b1f056a794009ffeb,IID#476f518e3b52775e09960955df853b98,wongvirginia@hotmail.com,538.46,10/08/2020
(604) 234-7137,9,"73161 Andrew Point Tuckermouth, MO 43674",Robert Munoz,SKU#bbf7c6077962a7c28114dbd10be947cd,IID#2ce6a3176cb14c9d6c944a1a60ec1eae,veronica16@ross-chen.com,1335.42,10/10/2020
(829) 499-6831,19,"1074 Simon Shoals Suite 252 Brookestad, FL 55091",Helen James,SKU#bc6714be5c417fda4d3915f2eed0a6f5,IID#34d347d1a87237ee089bcc2bed610671,michaelchapman@gmail.com,2394.19,10/14/2020
(141) 272-1647,12,"19198 Alvarez Glens Beanview, AK 01681",Donna Mitchell,SKU#8c3dd65e8c58f99f970296b73a6be417,IID#64ab8d0b617e38c18381939e2f2fac2b,andrewjackson@campbell-gonzalez.com,337.44,10/15/2020
(573) 275-1544,16,"9514 Edward Ways Rodneyside, CO 59261",Elizabeth Robinson,SKU#a00c4336b61933a3b7eed1304d15427c,IID#1cdc854a3f3f864ea0b15a06e39d30f7,hannah66@merritt.com,434.72,10/19/2020
(067) 673-7446,16,"394 Garrett Ferry Williamsbury, MA 60350",Robin Arnold,SKU#b8218972668b9e8f06798be702f74d30,IID#a555863d260101e3c1aeac09aad76327,ewalker@gmail.com,2018.4,10/30/2020
(405) 929-0514,18,"75020 Alvarez Tunnel Suite 249 West Heather, NC 46782",Lori Riley,SKU#214a5891e06c2c9ebbb41fad5dc1d56a,IID#c6a0aec8def865f80deba110583881d3,carriewelch@hotmail.com,2538.36,11/01/2020
(962) 986-8657,18,"45868 Melissa Shoal Suite 009 Thomasfort, RI 95176",Bruce Mitchell,SKU#f59ae39607f4248f731a3f754ba2bb0f,IID#18490649ce5e00ef03fde5737a8d443d,dgarcia@gmail.com,1324.98,11/09/2020
(340) 106-6376,14,"9486 Miranda Groves Apt. 729 Kanetown, IN 83664",Anthony Mclaughlin,SKU#c9e547be3e3a1f035bf4b987dc1ea897,IID#4457bfc36b54ea3391434a51da712e63,smithmelanie@aguilar-ramsey.com,2027.8999999999999,11/09/2020
(290) 203-2670,22,"298 Kenneth Lodge Wesleyfurt, DC 53179",Amber Morris,SKU#6ed14467c19d47e477a56f007e28f076,IID#96641b4db173ebf5d63f30fa34213015,harristaylor@yahoo.com,437.79999999999995,11/23/2020
(612) 524-9219,16,"54954 Maxwell Rapids Shawnberg, AL 35788",Dr. Ashley Perry DDS,SKU#d7a651527e52d575474b1f923d60d904,IID#6539f12663a148b860ebcee920f8661a,buchanansue@hotmail.com,1612.96,11/29/2020
(422) 826-0131,13,"84633 Wendy Summit Suite 529 Robbinsview, DC 29032",Dr. John Randolph,SKU#d7a651527e52d575474b1f923d60d904,IID#206988d9b8e2cd80fa5cdf405e841b45,tiffanyperez@gmail.com,1310.53,12/01/2020
(204) 490-4461,24,"PSC 9722, Box 0082 APO AA 36437",Joshua Ruiz,SKU#33aa8cb471ba9dee750c069bca801127,IID#82f5bcd7c3cc4196aa1d7943c42827a2,latoyayoung@yahoo.com,968.1600000000001,12/06/2020
(231) 969-1413,10,"939 Kara Ville Apt. 590 Bowersbury, KY 35853",Courtney Deleon,SKU#409d6c19451dd39d4a94e42d2ff2c834,IID#2b9dbfa0fbae7dcd8accd32ae2bb4dad,meagan28@hotmail.com,354.5,12/11/2020
(964) 570-2397,19,"19529 Marshall Green Port Melissa, SC 71521",Susan Mann,SKU#9c3dc681624d88934dc48b2dab72545b,IID#4e028486a95edb629f1f23b531cd5363,brownkaren@hotmail.com,766.84,12/14/2020
(871) 595-8409,18,"5611 Joanne Green Apt. 641 New Christopher, MA 02184",Natalie Cruz,SKU#a7376cda974182565c2c45b5e7d18097,IID#99d07f9c23a97da2686e66c1d51a3a5e,rodneyking@king.org,2569.5,12/17/2020
(603) 412-1178,11,"888 Cantu Vista Charleston, MT 62341",Gail Flores,SKU#3e586cd8128ba5d03ccbc121909e7421,IID#e37b650e332bb1771701ac5b58160564,christinajuarez@yahoo.com,289.08000000000004,12/21/2020
(695) 905-2034,19,"62898 Howard Gardens East Cynthia, MS 18245",Kenneth Collins,SKU#b32c51643fff046804f47c9b2f947f49,IID#0886d29a366e162f9999e89b5e3d60a4,xarcher@hotmail.com,1755.0300000000002,12/24/2020
(871) 062-5298,12,"80270 Weeks Crescent South Jason, NY 58801",Christopher Hodge,SKU#d898504a722bff1524134c6ab6a5eaa5,IID#79febdb8e9ffa7f55a1a13075f888751,dennisgarcia@wagner.com,1010.8799999999999,12/26/2020
(297) 170-8051,8,"849 Lopez Oval Suite 445 Deckerstad, GA 84444",Stephanie Wilson,SKU#c4103f122d27677c9db144cae1394a66,IID#4224df44519d3140b3b56660e587e0d8,johnfischer@brown.com,310.08,12/27/2020
(000) 691-7917,14,"425 Cynthia Port Antoniostad, PA 52976",Lori Ortiz,SKU#203768ce527e10bf6e6874d1fbf25dc6,IID#0fbc035e6b14f1623c7b6b7ef78ce545,robertjennings@ross-brooks.net,2036.58,12/30/2020
(629) 515-0583,21,"018 Sanchez Squares Vincentbury, FL 92487",Dawn Young,SKU#eeb20c9bc165677800b6dc7621a50cc9,IID#f06d2f9e8f18930f85d94b63a1140784,adrianabarrera@yahoo.com,2234.4,01/03/2021
(000) 366-7063,14,"4334 Dale Key Barrettshire, WV 80897",Lindsay Alexander,SKU#e3c4dd21a9171fd39d208efa09bf7883,IID#cf8826575bfe2b1e1687a131f1c6c89b,santanavictoria@gmail.com,1420.1599999999999,01/08/2021
(526) 750-9967,24,"PSC 3902, Box 3515 APO AA 44539",Nancy Smith,SKU#a43c9e7a92068183a58b4c6c4f75bd99,IID#4f8c6f09c5e87c150c62fb4c01b1fdd6,theresabrown@yahoo.com,2621.7599999999998,01/10/2021
(540) 878-4849,17,"5087 Dixon Divide Suite 180 North Stacey, MD 72765",Shannon Warren,SKU#b8218972668b9e8f06798be702f74d30,IID#9525800da633edc110b517b90377715c,ethanhale@hotmail.com,2144.55,01/12/2021
(547) 818-5703,5,"728 Richards Route Lake Julieport, PA 91683",Chelsea Bullock,SKU#3135bf07e7aa0e72fbde14d0411ca6de,IID#a0e5334e88b3d5043ab73f8d86c2bdae,hcampos@gmail.com,745.25,01/15/2021
(572) 968-2571,12,"07386 Moore Run Perkinsmouth, NC 05121",Juan Hart,SKU#b2d9d5b06c044b2b0e6ecb4e66d28f1d,IID#29b537e0e9822e92a5f23614a66ba9a9,esmith@yahoo.com,568.2,01/20/2021
(811) 841-1684,10,"32911 Eric Keys Jesusfurt, IL 03221",John Johnson,SKU#55712f2f2f21a8321b9ee45d40b89091,IID#0165d038903a386d6b1aa7efc78e63a1,garcialisa@brown.com,1145.1000000000001,01/25/2021
(773) 461-0710,16,"859 West Lake Apt. 157 Lake Carolinemouth, WY 46307",Sandra Hughes,SKU#c1f4483271dd550a418a1b55bf3c3ae0,IID#dd5803a4e776b222f3877d2559c7449e,hmiller@gmail.com,1664.0,02/10/2021
(357) 912-1734,15,"249 Lisa Parkway Jenniferstad, DE 26089",Felicia Williams,SKU#59bcafcabdd1f16e7b9889ee10dec858,IID#5dbaf476799b919f87e57ed947eae740,maguilar@gmail.com,1692.15,02/11/2021
