Email,Address,Sku#,Amount,First Name,Phone Number,Invoice Id,Date,Total Cost,Last Name
marcusfowler@clark-evans.com,"99075 Fox Hollow Suite 115 Dawnstad, NH 53299",SKU#c0d8a756881481e5558415ec0158268f,16,Bob,768-246-5507,IID#4e21ebd40fe147d76139fcdd29a4d6f4,2016-09-07,1336.96,Benson
anneevans@hotmail.com,"785 Smith Canyon Suite 289 New Nicholasfort, RI 21001",SKU#b513ae819f7d8d10fa4f6cbfdf055b22,19,Daniel,383-377-0011,IID#799d7d10f868da2e27d418eee8135262,2016-09-11,1073.69,Price
robert85@hotmail.com,"166 Pamela Harbors Smithview, IN 74321",SKU#87db7bb4efb5a2d806ec9da8ef060edf,16,Kara,705-236-5803,IID#d26955d8d3c615edac2f11d9e3d6e667,2016-09-14,2082.88,Mccann
regina40@yahoo.com,"59297 Jennifer Crest Suite 909 North Loristad, KY 95672",SKU#f6eb0cf641dd8f910a4c26603cd30e40,9,Christina,663-090-0220,IID#003bc16bba92a4b82099bdbaf832c565,2016-09-15,1041.1200000000001,Wilson
dominguezmatthew@yahoo.com,"507 White Falls West Daniel, IL 24088",SKU#c3c9945cae188df73afd04c6251ba98d,7,Misty,972-690-8608,IID#8609393a03ac549a0054578afec56300,2016-09-26,264.67,Peters
michael88@gmail.com,"1669 Monica Court Apt. 689 East Kelsey, MS 04340",SKU#e62da29ac3a82185101eb38cb426322a,20,Amanda,834-231-9079,IID#ea4c078db30ffde866a667a579724958,2016-09-26,2939.4,Walls
johngomez@hotmail.com,"7374 Linda Crescent Apt. 165 Markmouth, AK 83542",SKU#3253ce1786d33d345bb622d8fcbfb2a7,17,Samantha,422-299-9150,IID#38a50ad4ac2319d551c6668766dfde5d,2016-10-07,2428.6200000000003,Hale
fgibson@gmail.com,"751 Greg Underpass Apt. 824 Leeburgh, CA 54499",SKU#f7e37e1dcd863eb173400ce074cab807,11,John,430-483-4356,IID#b067c6b72a4a4a5489db801c1fed48b9,2016-10-09,1080.09,Booth
atorres@mills.com,"51341 Perry Place Suite 019 Martinbury, TX 36628",SKU#cf419aec312cf4b6abaa849d67e31093,19,Jessica,872-437-9170,IID#e64bd36a3342d677cad83c3b84394603,2016-10-16,665.1899999999999,Jackson
daniel04@yahoo.com,"6241 Chandler Freeway Apt. 963 South Erin, MS 02852",SKU#9461d6821ed8378704d8c0658cb655c4,13,Nicole,486-431-3762,IID#9b675612d68b2773c3b9b6d2837916dd,2016-10-27,384.93,Hull
ibowers@hotmail.com,"1632 Richard Bridge North Rebecca, MS 43470",SKU#65c21e8717a63abd00b80362511566f5,17,John,667-432-8084,IID#8d1059328ed011fb1297e90af7b89ef9,2016-10-31,573.24,Dominguez
hgreene@brown.biz,"478 Henry Shores Lake Donnaborough, DC 90011",SKU#b7dd5e0194ee0ac08a4b802cb73d867f,16,Christopher,387-934-8682,IID#91cce9567983028d9fb3f690284dd75e,2016-11-02,947.68,Cameron
reynoldshenry@juarez.com,"69189 Raymond Views Shannonburgh, CA 03674",SKU#34a754102be3d8a66dbf34785234b86d,7,Stephen,454-072-4106,IID#504c0353155643862611d74470b71b15,2016-11-02,1076.11,Hudson
joel47@miller.biz,"323 Reed Brooks Port Daniel, SD 34310",SKU#648d5447910adc3eab22b4d16e63f007,19,Stacy,572-967-8500,IID#312b3d13479548ee9b763e50b59d4540,2016-11-04,243.96,Webster
williamsvincent@yahoo.com,"26533 Paul Stravenue South Juliehaven, OR 24174",SKU#023fb285bf9850ccc10287a3a8db3603,13,Joshua,964-949-4300,IID#d6bd5295c0c21d43ccffcc5900d35624,2016-11-07,634.79,Bowen
brandongarcia@wheeler.com,"Unit 8435 Box 9577 DPO AE 29392",SKU#dc5794fd7e35debdd2e25f3e22761cce,3,Allen,914-773-9948,IID#a52dc18a2da4e08410c3ac62e48c91bc,2016-11-11,294.51,Thomas
ericsalazar@cole.com,"556 Jackson Squares Markside, ND 93989",SKU#b074ba5eaa5e669b5efa2ec08ab47937,7,Kimberly,875-536-2664,IID#2abed2b1de2d59f83cf51aec5d2880af,2016-11-12,315.14000000000004,Jones
rjohnson@hotmail.com,"6634 Shannon Turnpike Apt. 517 New Karen, NY 00676",SKU#b43e3b0286664b420fa6ac3fe4cbff8b,15,Joel,988-986-9193,IID#770925801809f4e41ce4298b83ebf9d3,2016-11-14,1701.75,Hart
matthewdorsey@gmail.com,"PSC 0089, Box 4172 APO AA 54372",SKU#a00c4336b61933a3b7eed1304d15427c,5,Robert,984-794-1064,IID#e668caa3ded77ce499012255e65ecffd,2016-11-19,135.85000000000002,Bush
brett91@martin.org,"83968 Gina Squares Thomasmouth, OH 48742",SKU#1ae17d4009cce51ba79fbfebd9b8a513,24,Sharon,289-368-0906,IID#40a2a28fb8436eaa05b522edad86b3db,2016-11-20,2078.88,Velazquez
melissa86@hotmail.com,"051 Brianna Roads Suite 689 South Hannah, WV 48438",SKU#1268b3656a9b07a7c18f2184cf46e8fc,14,Jessica,515-613-9741,IID#b74a4750bee07dcefd3c20be25e956f5,2016-11-21,1076.88,Oconnor
randy68@hotmail.com,"7566 Angela Glens West Elizabeth, TN 41160",SKU#2c37f212012917a7a9a6410ebba1f27b,17,James,839-184-0312,IID#9fc3c943e8c00466562bf9d75e345178,2016-11-23,1962.65,Clayton
rwallace@yahoo.com,"36890 English Harbor East Christopher, MD 07349",SKU#5ccb2c1dfcfbff9adba49b72793b8762,17,David,961-511-0657,IID#731702656feb6d0c91a7371730921ab5,2016-11-25,507.10999999999996,Skinner
kcantu@hotmail.com,"72099 Herrera Tunnel Suite 368 Mistyfurt, OK 60193",SKU#3b9b69441d19ffc85540fe6175b86630,17,Marisa,820-418-8089,IID#af53c1200472e4abe892330c88b5f2b0,2016-11-25,2031.84,Haynes
johnjohnson@smith.com,"USNS Garcia FPO AE 19304",SKU#148693d2fbe9ed330f88b84805fe7d44,21,Sarah,904-036-2779,IID#fda11dffb16dd18f26c73d7ac6b1b87d,2016-11-26,1949.01,Gonzales
pamelabarrera@hotmail.com,"30568 Kristina Lodge Suite 650 Williamsmouth, MS 05251",SKU#8c1d71b2bf2d4d1eea6a825412dd4544,12,Thomas,999-806-8489,IID#034bafc72e1abb71ca03097b836736dd,2016-11-27,614.4000000000001,Obrien
mirandakaufman@gmail.com,"32745 Jones Valleys West Christopher, TX 01496",SKU#83a9475b33cad765c41dd3deb5be2254,23,Tamara,930-398-0837,IID#07551125abedd47b8e556ee186f9c835,2016-11-27,1707.06,Garcia
underwoodantonio@hotmail.com,"7387 Miller Springs Suite 098 North Barbarashire, AL 89540",SKU#aa663b8f24e39226e4a42cd4effb1b4d,15,Stacy,564-130-8513,IID#ca109bb3160c941913d272f2347637ba,2016-11-28,1833.45,Villegas
floresamanda@gmail.com,"766 Patty Pike Apt. 183 East Melissa, NJ 92045",SKU#3aaceebd65f0b79f9ae1718d3241bf37,12,Eric,727-922-2581,IID#ce363c4d9bbe02891b4c8733be5335c9,2016-12-02,1597.44,Sanchez
suzannefrank@hotmail.com,"6581 Vang Stream West Sergio, AL 66839",SKU#0219d056409b3b29171b3b2ed66edcf7,17,Scott,227-693-9909,IID#f34de24e8ad4cf36275caef118bf77b9,2016-12-04,2247.57,Silva
deckergregory@banks-patton.com,"9346 Phillips Rapids East Brian, AK 49431",SKU#b79abf5c5f2244956c7246e9112595ce,20,Rhonda,538-942-0481,IID#88898fee8d5758c170871d5e5de5fb37,2016-12-09,886.0,Myers
goodwinandrew@powell.info,"311 Andrew Burg New Jeffreyside, CT 14867",SKU#c7d0f659eca42d5276b00fc3380e9d63,18,Deborah,332-130-6926,IID#238d4e030d1ef38fed0b4c6441fa876e,2016-12-11,1559.7,Huffman
garrisonjanet@gmail.com,"6658 Jesus Gateway Suite 337 Johnsonmouth, DE 82915",SKU#38397588c4d02f8b95c263852e9aee7a,19,Tony,037-499-6056,IID#20ab2d1cba72c5e7b3f01578fe121a8c,2016-12-17,1057.16,Shah
freemanrodney@yahoo.com,"19346 Rachael Grove Apt. 209 Walkerport, WI 94574",SKU#84140d93cb404a51dfc0b21815b934c8,22,Kristin,036-457-8420,IID#ab420b17d444300b44a1fe7fbe7b0a45,2016-12-18,3252.04,Walker
mbrown@smith-murphy.net,"5401 Nguyen Causeway Apt. 967 Villanuevaport, IA 97358",SKU#ba068f44c4b751d8e114114dcdfa1a25,24,Jonathan,736-266-1662,IID#42a01d251ce4fa47b45397c4d64a6616,2016-12-19,1363.44,Fisher
joejordan@gmail.com,"1624 Grimes Crossroad Suite 907 Lisashire, WV 35568",SKU#3f7323acc829bc8b3799148d439b3d47,20,Richard,088-244-3303,IID#bbc60c270a069541cc1d7b9724b51004,2016-12-22,2772.7999999999997,Palmer
umosley@frederick-jones.com,"570 Mary Loop Suite 341 New Dillon, HI 37798",SKU#6841a847b560d1a1483bdbd28d212ad7,11,Steven,004-697-0890,IID#9c32c2a7b0550f6295dfe5227d0475cf,2016-12-31,344.63,Lawrence
michellemays@ayers.net,"78655 Williams Dam Apt. 830 New Justinhaven, RI 33595",SKU#f7e37e1dcd863eb173400ce074cab807,20,Joseph,791-091-1784,IID#6ea0aae48367afaec76ac9e2d5d67306,2017-01-04,1963.8,Marshall
rherrera@gomez.org,"6420 Chang Square Suite 122 Petersberg, NC 23800",SKU#eb8faf6b2c22464c49898a38d634afe4,17,David,418-940-7083,IID#2fb9566dd325dc908de160b9d31c738c,2017-01-05,2040.17,Schultz
james07@strickland.net,"721 Brittany Court Apt. 661 South Christine, AR 37705",SKU#57725904ea47601ccd29935de4ab1eac,18,Brian,459-817-4061,IID#428160904c325b43179f0abe5b9a0fcd,2017-01-13,1155.6000000000001,Schultz
areeves@mills-lyons.com,"99261 Joshua Underpass New Alan, TN 43137",SKU#59bcafcabdd1f16e7b9889ee10dec858,13,Karen,610-554-9167,IID#6d66bb1ae976a513659e3fd209adb883,2017-01-17,1466.53,Martinez
christopherthompson@yahoo.com,"USS Buck FPO AE 61355",SKU#fb5e69805ac91694b6ff9391c5a6762c,21,Catherine,222-167-2470,IID#b94d8c9589475b1c526f07b66edae088,2017-01-19,2948.61,Brown
rbeard@gray.com,"122 Michele Light Lake Steven, NV 57490",SKU#80802b088528adf260a52f1563f68b85,15,Erica,684-988-0518,IID#d07488719a1f2a62794cc4a246e8cb2c,2017-01-31,1427.55,Wilson
kristinfleming@hernandez.org,"704 Love Manors West Nicholas, DE 03988",SKU#8843aa88fd9d1131f3f84c1b526d2061,12,Raymond,065-541-8369,IID#0f2ba7f6ac4e8a2279019d741dd75178,2017-02-06,521.04,Russell
garrisonjanet@gmail.com,"6658 Jesus Gateway Suite 337 Johnsonmouth, DE 82915",SKU#323821054750939d32c26fec3a5ab7a5,19,Tony,037-499-6056,IID#7d6aa4947c9f27927358e0c37ec43a8e,2017-02-08,517.75,Shah
williamsvincent@yahoo.com,"26533 Paul Stravenue South Juliehaven, OR 24174",SKU#0a15f50911fbd69c7f0d921f313ce4db,12,Joshua,964-949-4300,IID#b7839fdbc77c227c22edae2bc4fbd529,2017-02-11,900.1200000000001,Bowen
goodwinandrew@powell.info,"311 Andrew Burg New Jeffreyside, CT 14867",SKU#f66fc0bca6c6c54502dd321de6d3df89,14,Deborah,332-130-6926,IID#e4754e349fb831e54a40e2dc28ac1a0e,2017-02-18,1617.8400000000001,Huffman
esaunders@larson-waller.com,"578 Paul Station Apt. 965 South Jesse, ID 42600",SKU#9adb218fe5fbdc211907c36cb81efefa,20,Nicole,258-228-0527,IID#e1123d9b9890d84920786a88f35fb886,2017-02-21,2574.6,Ray
ashleyclark@gmail.com,"6635 Poole Station Carpenterfort, NV 31871",SKU#68d60749de7d5fe71f2a479f8bcedb7e,12,Tamara,341-940-4648,IID#d03b7f3488c88312eba2718e8c3c1cff,2017-02-22,1658.16,Conrad
jwatson@thompson.org,"7682 Michael Drive Tracymouth, OK 04761",SKU#e0a6fc12e9cddb11d637714157db14e8,16,Francisco,538-647-0243,IID#7542e4bd9c48345ee784a2e8b4d3e5de,2017-02-22,1471.36,Hart
vjackson@jones.com,"12839 Tracy Brook Maloneview, CT 53794",SKU#c2308b58a82b730cbaed7148a4b2343a,16,Elizabeth,645-130-1139,IID#cbbe384c7f8029dde1db5c87901c652c,2017-02-25,995.04,Santana
reynoldshenry@juarez.com,"69189 Raymond Views Shannonburgh, CA 03674",SKU#534d78034b774b6266f2189576f8c6e3,15,Stephen,454-072-4106,IID#43fffbe647685d8df17ab4112f32d7e6,2017-02-26,1898.8500000000001,Hudson
arobinson@martin.com,"271 Patricia Skyway Lake Eric, WA 54367",SKU#02bb51ad32f9e8b994209161b275d5f5,21,Lindsey,107-821-4855,IID#ec0bd4f4a20dff7a192aef8514f7e819,2017-03-04,3091.62,King
joejordan@gmail.com,"1624 Grimes Crossroad Suite 907 Lisashire, WV 35568",SKU#598e2e96502a47ec48ae6554d07960f8,11,Richard,088-244-3303,IID#ab7aa25e4976b9deffb3f6eb7d028f9e,2017-03-04,1663.97,Palmer
nicholas88@yahoo.com,"494 Melendez Manors Buchananstad, NE 26571",SKU#a45b79d07fca5434ec3ac8f6ebdca02d,5,Thomas,413-285-5433,IID#87251629e73e3ff393301f2d8f235f19,2017-03-11,565.45,Bates
smithmelanie@aguilar-ramsey.com,"9486 Miranda Groves Apt. 729 Kanetown, IN 83664",SKU#45971d4e3a47775bb5a7260bb5ea3c36,15,Anthony,340-106-6376,IID#1cb4c767bba6daa2c632ffd6ba464514,2017-03-14,1036.9499999999998,Mclaughlin
hcampos@gmail.com,"728 Richards Route Lake Julieport, PA 91683",SKU#11be6f5a9a46d74dfe7fdee344937b9f,16,Chelsea,547-818-5703,IID#d33ae070fccdb39113e7589b9eaead99,2017-03-17,919.68,Bullock
robert24@gmail.com,"4087 Hall Lights Apt. 128 New Kelly, VT 61834",SKU#cb6e900d82976474d5ff525aa0ee2a77,14,Crystal,653-965-4467,IID#ba4d7e4fecef4b1e30d4a33816fccba2,2017-03-18,1263.22,Stephenson
carlacarter@hotmail.com,"7664 Timothy Stream Lake Nancyborough, OH 59954",SKU#1adcb05e97a9d3de3c80d399692829b7,15,Christina,685-576-5182,IID#7bf4aa6404de43997425236968c0e5be,2017-03-19,1872.3,Keith
adamslaura@hotmail.com,"5961 Daniel Row North Bradleyfort, DC 37648",SKU#608d462d9f197b52d6d380827088c8a6,19,Tanner,943-231-5739,IID#43a5b88802fbce30acc55bd43e16c368,2017-03-28,1504.61,Stuart
ecopeland@hotmail.com,"693 Joe Forks Apt. 941 East Kristenburgh, DC 32468",SKU#2199d3381c925a326f5e84d81a3821a6,15,David,359-478-9332,IID#553f824137ca81741b58da5ba4452006,2017-04-02,2019.0,Kidd
brandonmurillo@nelson.com,"Unit 5442 Box 8484 DPO AP 68740",SKU#a658f5a9cb2c6a606d30c3dd909edd60,11,Shannon,051-597-9152,IID#addd10f2a050b4f107305153de66a862,2017-04-06,977.9000000000001,House
brandy57@hotmail.com,"0388 Allen Rapids Matthewside, KS 04292",SKU#5632090e276f96fe6f833a2e0f75cdf9,13,Peter,307-601-8781,IID#faefe0236501d4c2487b40c6c19f1eac,2017-04-11,2007.85,Smith
georgemoreno@hotmail.com,"584 Parsons Freeway Suite 044 Brianborough, AZ 19548",SKU#608fe08a986da43e511914797e9d2a7c,24,Sharon,090-627-0899,IID#3a76b1824c3ced5053374dc31acd6bc6,2017-04-17,1144.32,Hendricks
christopherhubbard@yahoo.com,"433 Maria Streets Apt. 772 Danielside, OK 67123",SKU#922e8babe37c749c0886a5fff0bec7a0,18,Victoria,144-362-7946,IID#3a2b63e54e3094212d70f252c90d4091,2017-04-21,1898.82,Shelton
josecruz@malone.com,"348 Rachel Station Abigailside, NY 19233",SKU#f37e03f74576c53fda5164837a5fae01,5,Debra,797-113-7307,IID#4cfca41634c695f9941b837197d213c6,2017-04-25,653.3499999999999,Miller
erinpreston@yahoo.com,"114 Alicia Parks Suite 545 Justinside, AK 33432",SKU#9e1e5883c74742a497cf5c272ccd2321,21,Derek,079-025-8728,IID#ccac752ad5714c54ec919c86609949b0,2017-04-28,2428.65,Dixon
michaelgordon@ramsey.net,"120 Mcdaniel Forest Tammyview, DE 72045",SKU#a507e79e534884fd6eba4efcd891ec40,18,Justin,632-404-6153,IID#e3cde8b40e6446c16fcf6e2ae2cbfa52,2017-05-04,2097.36,Harris
caitlinmcdaniel@murphy-jenkins.info,"69017 Chang Course Apt. 336 Kennethstad, WI 81770",SKU#db3ff70e4f18882de7640963e5ca9717,23,Matthew,585-854-3773,IID#5ceb48018c86e13b11ac4bf7545202e1,2017-05-08,1633.4599999999998,Hamilton
jaimedavis@hotmail.com,"80626 Graham Spur Suite 206 Port Robertberg, SD 55277",SKU#65c21e8717a63abd00b80362511566f5,24,Jasmine,627-353-2048,IID#312188eb07174aa2476aee597ff23b7e,2017-05-17,809.28,Frank
erinpreston@yahoo.com,"114 Alicia Parks Suite 545 Justinside, AK 33432",SKU#8c3dd65e8c58f99f970296b73a6be417,13,Derek,079-025-8728,IID#254b0903398288391e14efd42ac93859,2017-05-19,365.56,Dixon
edwinclark@ortiz.biz,"7864 Kevin Islands Apt. 954 Belindaton, AZ 75155",SKU#2765a9cff1c343a3ffce0191c4fba71a,13,Amanda,474-999-5277,IID#b52a43dc23147f9a04714da6df83a242,2017-05-22,912.86,Mcguire
tinajohnson@mitchell-craig.org,"282 Erin Skyway South Jeanetteport, MT 32663",SKU#ebe28db082660b55fb94f6121a65fe65,13,Fred,411-572-6807,IID#c984980c389667e693d75d31869e46e8,2017-05-31,1310.92,Austin
lawrencemcmahon@yahoo.com,"5264 Pierce Circles Apt. 236 Jacksontown, AK 48644",SKU#bb1ef3ddda35b590d4aa204d0493e921,19,Arthur,194-308-2991,IID#649d6131a4d601b5bc31be5ca8d11657,2017-06-03,1987.7800000000002,Foley
zmay@salazar-wilson.com,"645 Figueroa Trace West Luke, DC 77767",SKU#02bb51ad32f9e8b994209161b275d5f5,22,Theresa,700-489-2609,IID#ff54e134b58f32c63f2c9dc168021274,2017-06-03,3238.84,Smith
hcarlson@gmail.com,"065 Robert Junctions South Gabriellachester, SD 04589",SKU#3bac3955df083f05f22216471cb87fe0,21,Gloria,428-781-7578,IID#ccdd7e1452b4249c57782d48f36f444a,2017-06-04,3180.03,Peterson
jaredwood@fernandez.com,"98453 Anderson Freeway Suite 647 Evansland, VA 26995",SKU#bb1ef3ddda35b590d4aa204d0493e921,12,Misty,847-524-4948,IID#840ed88aa262d158094a3c0b59adeeee,2017-06-04,1255.44,Brown
williamspaul@henderson.biz,"480 Brian Village Scottside, WV 07559",SKU#28226a3bf54c2dd8cbb3e08b64ee730d,17,Julie,124-357-4345,IID#ec82a04b5a454ba601d9f90f623e2fa5,2017-06-05,1344.1899999999998,Davis
andrewpowell@wade.com,"39660 Andrea Drive Apt. 929 South Travisfort, WV 35915",SKU#39dbf807a41e5e4e63b59c9535c72eb7,17,Jasmine,284-026-5952,IID#187abbbcd7583166db12517f5132f79d,2017-06-05,1552.27,Hubbard
kathleen98@gmail.com,"6123 Montgomery Mall Apt. 422 Johnview, DE 93664",SKU#6130cb9a0d04704aa199d1e67a7b528c,18,Laura,797-254-5641,IID#052c0499d943708c34533312be134a7a,2017-06-07,1735.2,Clarke
amanda83@castillo-benitez.com,"4873 Melissa Valley West Darryltown, ID 58989",SKU#68d60749de7d5fe71f2a479f8bcedb7e,10,Pamela,031-094-0083,IID#09475383d2fcfd5bdfa3dae8b086f752,2017-06-14,1381.8000000000002,Carpenter
mforbes@yahoo.com,"563 Holly Land Apt. 799 North Crystal, MS 34567",SKU#844e95ed5f5fbd2f0672b094ef680e81,19,Michael,400-407-9131,IID#80b72a6637022a948e7f2725183064a8,2017-06-17,2938.16,Rangel
jennifer08@sanders.com,"808 Singh Meadow Suite 701 North Markfurt, VT 23464",SKU#d0404602e320cbabbcece5a375823b8f,9,Tiffany,153-866-3727,IID#41e9dfb17713984032dec54e1f9916d8,2017-06-18,1109.97,Rogers
rosesusan@fox.org,"14513 William Meadow Kathyborough, GA 03469",SKU#0fb569bd35d44c9ffa7d4728af4e734f,21,Brenda,503-697-1294,IID#4afe2a8d294f436fdace3f3bfadc19e2,2017-06-20,1226.61,Smith
karen78@simmons.net,"212 Jeremy Bypass Jessicaside, WA 23550",SKU#f159f67739ff0623442a955c060d49bc,10,Karen,464-184-4224,IID#f86470a9929ad67f21894f39795113fe,2017-06-24,1284.3000000000002,Morris
john15@brown-reynolds.com,"012 Austin Ford North Kelly, AZ 92885",SKU#db3ff70e4f18882de7640963e5ca9717,14,Timothy,852-242-6616,IID#58896061f358393dd53823d92dcf97d8,2017-06-27,994.28,Wheeler
lynchrobert@chang.com,"03587 Benjamin Streets Suite 827 East Christopherborough, LA 28700",SKU#e2e35b66c0ca9f360d75f9b527c9f962,25,Paul,038-925-6692,IID#bec73793ce7946d6bfae2c49a77e1923,2017-07-05,1807.2500000000002,Johnson
pellis@gmail.com,"9975 Ashley Station Suite 389 New Toni, NJ 86437",SKU#d4c34d3b111e3d28e6c701d7c3037025,11,Julie,222-049-7207,IID#6ce7aac9a1df1d3f8ab0e80a66904141,2017-07-08,410.74,Haas
tyler10@hicks.com,"6044 Robertson Streets Michaelmouth, ME 29438",SKU#c65115ef444af8b8a7c17d1b47136331,6,Diamond,029-854-0340,IID#18c1bfe298b95ae1a66b8becd0401c54,2017-07-11,709.26,Carter
tanderson@gmail.com,"361 Williamson Tunnel West James, AZ 77343",SKU#425ab24e1b4c711c09b71f1509450c3b,11,Nicholas,668-960-0991,IID#d0611c601b0be28d89c9b5b009ec08bf,2017-07-13,1006.61,Burke
longnichole@thomas.biz,"69860 Kathleen Stream Taylorview, UT 62212",SKU#f7e37e1dcd863eb173400ce074cab807,15,Nathan,321-953-0424,IID#876a3c6898ce5ddc50c2c325f06c4288,2017-07-21,1472.85,Clark
jstewart@hotmail.com,"PSC 3423, Box 7237 APO AE 94378",SKU#1bfac55f37835bdd353e49156690f8b3,23,Sherri,680-765-5876,IID#69ed2aa12b114151091341795344ede5,2017-08-01,2024.4599999999998,Savage
dustin18@johnson.com,"9409 Martinez Island Apt. 366 Campbellview, NM 11801",SKU#be2429905922fc27578f75842b95af6f,17,Danielle,400-194-0379,IID#5e382d5ac3e58837150276b637854e01,2017-08-02,2386.97,Flores
derrick21@holmes.info,"483 Sullivan Summit Myersburgh, WI 46578",SKU#a50b718c3518b630251fb54b92bde360,25,Albert,391-154-1653,IID#358a4bf8da760a327dd28b230b071ed5,2017-08-05,2773.5,Palmer
chadgarcia@gmail.com,"5869 John Hills Ortizbury, WA 21709",SKU#de6c1bfebf1154bddffd37653abba499,20,Jamie,095-163-5950,IID#331b207731dd3cd6f0048f14db9bc869,2017-08-09,622.2,Monroe
jaredwood@fernandez.com,"98453 Anderson Freeway Suite 647 Evansland, VA 26995",SKU#f1d3ff8443297732862df21dc4e57262,20,Misty,847-524-4948,IID#b69415dacbe5de0184687afd958ee3bf,2017-08-10,2155.6,Brown
ewalker@gmail.com,"394 Garrett Ferry Williamsbury, MA 60350",SKU#05fc90d38e2468528ad10b5ce0bff46f,17,Robin,067-673-7446,IID#fda8e3578ad93748faa97a4571402e09,2017-08-16,2028.27,Arnold
jessicajuarez@yahoo.com,"819 Alexander Oval Suite 898 Josephmouth, IN 31631",SKU#53b7e0c722494b606239078e112cbc86,13,Margaret,845-816-1473,IID#997dd933b45b1ee0a67e212e7803b6a4,2017-08-17,629.85,Shelton
rellison@yahoo.com,"411 Christine Well North Jacobfort, OR 27008",SKU#e6036aeee060ee03a43c0703252cb36f,11,Jeffery,105-425-6704,IID#06fb3f6b3284464635da4aac39e57d73,2017-08-17,857.7800000000001,Wade
lisa37@hotmail.com,"08520 Nguyen Inlet New Jasonland, DE 17110",SKU#d00e81a86830948bf7d7ed15874c46b5,18,Darren,062-316-8584,IID#76dbebe803dc6e2994c6d6f44bb38a3c,2017-08-18,555.3000000000001,Cook
jaredwood@fernandez.com,"98453 Anderson Freeway Suite 647 Evansland, VA 26995",SKU#1268b3656a9b07a7c18f2184cf46e8fc,15,Misty,847-524-4948,IID#b2f2d8782fca198752c387d7c92fac78,2017-08-25,1153.8,Brown
maryrobinson@gmail.com,"1932 Victoria Trail South Catherinebury, GA 78648",SKU#98bbc43168e01b27573c64fb9cfc0627,10,Daniel,315-840-3857,IID#9e89a2a463c441201d8b26591e478416,2017-08-31,589.4,Alvarez
fgibson@gmail.com,"751 Greg Underpass Apt. 824 Leeburgh, CA 54499",SKU#1681f47bd5f4a89f10395c5b75c76fa6,12,John,430-483-4356,IID#6b6f84ec8eadca5e3c933c4b6ee3f93b,2017-09-05,535.08,Booth
johngomez@hotmail.com,"7374 Linda Crescent Apt. 165 Markmouth, AK 83542",SKU#411ba3566ca9760d63aa6039f00b58cf,16,Samantha,422-299-9150,IID#e01afec02cc0dc5fbc679105ccaf92f1,2017-09-07,2318.4,Hale
cowens@tanner.com,"83762 Dean Plaza Ellisbury, NM 40079",SKU#103699d777d0304adfe836ca4b609bc8,5,Luis,646-505-9943,IID#f87095a410537666b8b1458ede633c12,2017-09-08,472.65,Charles
colejames@anderson-miller.info,"USNV Sullivan FPO AP 23620",SKU#df1692c9be09836b70cc7c40622d46db,23,Andrew,957-464-7274,IID#4269013f599f767c1ccb84931ee97e77,2017-09-12,3073.26,Barron
ramirezmichael@neal.biz,"55434 Robert Ridge Suite 612 Beckfort, NJ 36250",SKU#c3cb46f9be79146ac74261975eedc107,21,Sandra,824-117-9539,IID#eb34fc8adbb1017990ec51ad23283b1c,2017-09-28,2646.84,Livingston
lauracoffey@hotmail.com,"6345 Smith Crossing Port Alexander, CO 10294",SKU#2d14244e3f3a05e2d572a13ab80b7761,14,Holly,754-269-6642,IID#3e7adf4d7a4ec429cdca30e5d29f42dd,2017-09-30,1620.92,Campbell
mindyguerrero@jimenez-simmons.com,"851 Terry Station Apt. 493 South Kelly, VA 79467",SKU#a8b97ebf53f63123539cb2b46167e57b,14,Matthew,092-542-7948,IID#6af191410d1d169f577e04352ad64e73,2017-10-03,1341.2,Zimmerman
walter94@gmail.com,"50690 Timothy Curve Michealtown, NY 74411",SKU#f3ae5df8aa230821696ab95edf0bb5bb,16,Robert,257-723-2541,IID#436aa2c3fb4be452472bd24ed4b2ab61,2017-10-03,2234.4,Gilbert
rogersheidi@gmail.com,"PSC 2317, Box 2998 APO AP 94254",SKU#f09f35a5637839458e462e6350ecbce4,12,Raymond,453-318-9587,IID#07cc08e5d87ae596ec5b49419f344457,2017-10-04,1071.96,Lowe
amykaiser@gmail.com,"97568 Rebecca Vista Apt. 400 East Zacharyview, MO 96562",SKU#d26937a0a615266ccd9fb199e7fb7fb9,19,Matthew,655-271-9178,IID#2db5d7b60062f08d6145e946f36114e0,2017-10-13,1758.83,Schmitt
stacy62@gmail.com,"353 Mills Neck Apt. 452 Sotoshire, WY 85472",SKU#167801ebcbcc7fa238fe2c62900c6f8a,21,Rebecca,953-174-1541,IID#7ae07256c346a8ef8d8d0472a0544f75,2017-10-17,1506.96,Wood
qsmith@hotmail.com,"0341 Hopkins Turnpike Suite 706 Ericfurt, MI 24725",SKU#bc9b6e84cda86c0df0a708638ee4a2b1,24,Mr.,838-488-2671,IID#95265a52060e12291e7dee39acaf8929,2017-10-18,2479.44,Andrew
staceyswanson@reid.com,"PSC 2475, Box 9361 APO AA 81829",SKU#004955e30603d8c06c1ff917736eb418,20,Randall,877-900-1611,IID#b4694eec2dfad9a1ab7473de181c6fe2,2017-10-19,1540.0,Perkins
david01@yahoo.com,"02911 Perkins Haven Apt. 454 Morganside, MS 58966",SKU#df4f83c1f72e36823a12b0dfc7617313,14,Michael,047-582-9686,IID#281d1df6a4cae29b127dd617fe461ce4,2017-10-22,1594.04,Nelson
derrickrose@gmail.com,"4368 Jackson Street Apt. 220 Lake Jamesville, CA 69436",SKU#a2bb242dc046bacdc58e7fbbe03cce85,19,Timothy,183-177-9973,IID#c1bcb99e7a87d8ea27ef1892e5d7ebe7,2017-10-23,1256.09,Potter
mossdonna@bowen-waller.biz,"24975 Young Points Kevinmouth, DE 47206",SKU#099a150e83972a433492a59c2fbe98e0,15,Shawn,292-532-6975,IID#010e5166d9a925af241d83e485cc652a,2017-10-24,1707.75,Obrien
michael92@wise-edwards.com,"3814 Gonzalez Skyway Melissastad, UT 79848",SKU#785b8eb258d38760b4e81d7a1e2d5de5,13,Bryan,973-986-8194,IID#db61d0af9389fe28a18cd59e545eb454,2017-10-26,508.55999999999995,Walker
ydavis@gmail.com,"634 Murphy Via Donaldfort, DC 06992",SKU#2a07e772c23a60de4067b4d960e00575,8,Patricia,883-411-4019,IID#c606fecafbce2e80252ada213717ba5b,2017-11-01,240.72,Allen
danielwebb@gmail.com,"2795 Angela Branch Wrightmouth, MN 50715",SKU#228b6e96ea75ec9b2f5c22bb75980eb1,10,Elizabeth,782-763-3132,IID#71589c7d66eec708fdf5af24e149e2b2,2017-11-04,1513.5,Bruce
brandi21@gmail.com,"9960 Ramirez Radial Suite 317 Danielleton, CO 02321",SKU#0498cfb8aae1383c049e8ccdd85f3abf,10,Marie,512-745-5359,IID#281666d8d1d35ddebc96ec11d1838df8,2017-11-07,944.5,Werner
hgibbs@gmail.com,"5575 Diana Field Apt. 093 East Lisa, WV 97831",SKU#2c37f212012917a7a9a6410ebba1f27b,15,Marcus,237-421-5881,IID#fed50af1404c20cf4cba1015045721b8,2017-11-16,1731.75,Foster
randy68@hotmail.com,"7566 Angela Glens West Elizabeth, TN 41160",SKU#73317996ab3c253c043aecb299357229,24,James,839-184-0312,IID#73edac048a5c64026cdb496ee4868f75,2017-11-16,2205.12,Clayton
sara35@smith-sanchez.com,"050 Christopher Villages Apt. 831 Kristinport, AZ 01141",SKU#402535c9f22ff836ea91dd12e8b8847b,17,Eric,832-786-3829,IID#3539fd2db3769504576d69f8c7475a0f,2017-11-17,925.99,Avila
nancyoliver@fernandez.info,"740 Boone Street Lake Shanetown, KY 32189",SKU#f44a1000506e2f6a96e3e803ead50529,15,Kevin,509-313-7155,IID#96d5b6a1fef0f90bd28bff19a9adf0dc,2017-11-25,974.25,Brooks
simpsonamanda@hancock.net,"USNS Greer FPO AA 45271",SKU#83e0cba63de0511e1f933e9a662afaaa,11,Christina,462-799-6662,IID#44adf8127a84ce8ecbef9c4822087ca2,2017-11-30,1243.66,Taylor
vrose@howard.net,"Unit 1240 Box 9785 DPO AP 62669",SKU#fc91658bb81ea407fd37a59d65f0d86e,11,Christina,862-260-8721,IID#2d972dafac321dddfdc50e2ae7d4ba88,2017-12-10,1239.81,Robinson
gregoryleslie@smith.biz,"753 Nguyen Valley Garciachester, WA 45342",SKU#d0404602e320cbabbcece5a375823b8f,20,Jason,477-033-6169,IID#1485580bd03f1df473eca6e3c27f2958,2017-12-14,2466.6,Bowman
kenneth59@phillips.com,"9999 Willis Burgs Apt. 680 Jeanbury, KS 53182",SKU#8dd6bb7329a71449b0a1b292b5999164,8,Kevin,397-852-6898,IID#b944a6c5f4df0883864c08103c1efb78,2017-12-20,507.92,Brown
cbishop@garza-perry.info,"9511 Robert Spurs Apt. 462 North Kelly, NE 67987",SKU#f00346db02cfcc5b1f056a794009ffeb,13,Christopher,326-855-2727,IID#25c76ab9ccfd214c300a9830db082377,2017-12-22,538.46,Nolan
jsanders@jones.com,"034 Romero Lodge Jeffreymouth, SD 88936",SKU#e6b62b76fb2eb2a0e0adde0c067da680,11,Courtney,759-822-9776,IID#2df880efbfa357dcd845b1044904ef54,2017-12-30,1072.6100000000001,Gutierrez
vgriffin@walton.net,"6502 Robinson Lakes Suite 750 Taylorburgh, AK 36808",SKU#e9d467e187231d4ba17391865b98b2e7,23,Elizabeth,002-760-4792,IID#d7abfdb7a491aa8fb61efc032e79cc77,2017-12-30,1219.46,Jones
joel55@bird.org,"556 Susan Mountain Nathanielfort, ID 60427",SKU#62aed4f3f9277808536c0ee59896f0ff,16,Jose,295-975-2640,IID#7ed3440d7f9595b2940b57027834679b,2018-01-01,1156.16,Rivera
rbanks@yahoo.com,"2855 Wood Island West Christineton, MT 34794",SKU#22031453e4c3a1a0d47b0b97d83d8984,8,Kristine,763-029-9124,IID#944f596a46c4448dff83a809122f49f1,2018-01-04,672.64,Blake
mendezheather@gilbert.org,"30482 Stephen Plain Apt. 111 New Matthew, VT 78439",SKU#c3f870be49ca32e3169e7468d398ef22,20,Rhonda,889-974-1132,IID#2d0b15043f606fa6a0de0f242a974074,2018-01-08,1946.8000000000002,Glenn
carriejensen@boyer.com,"011 Jackson Gateway West Kylie, NH 41433",SKU#11b1eeada5df474b77ce3a7ce3c65338,16,Paige,776-016-8862,IID#6cbe8ab0aa6b3a28f16022b41273e14a,2018-01-10,2420.64,Lee
jamesosborne@mendez-johnson.net,"9174 Osborn Forge Lake Todd, TN 54619",SKU#2199d3381c925a326f5e84d81a3821a6,15,Jessica,760-492-5290,IID#c9fb46c19c41b6fbe915676050a9ab25,2018-01-14,2019.0,Beasley
rtaylor@hotmail.com,"082 Harris Ridges Morrisburgh, HI 31634",SKU#3db1245b1350a34c1a8aa762299dd415,14,John,689-160-0517,IID#04298e1303f10e8857f6cd03bc9596b9,2018-01-17,1350.58,Bowen
vdavis@hotmail.com,"09262 Clark Road Port Jacob, NE 85482",SKU#bf4c31c85e0802a52a6aad0e3ae4578a,16,Sean,529-365-6325,IID#09802fda7c92115a0e6fc23d7aa2d119,2018-01-21,2028.48,Fuentes
tbanks@webb-gonzalez.biz,"5010 Jackson Meadow Suite 867 Watsonland, LA 41085",SKU#b74039e5d2c51a67053433d8d5936b6f,15,Jennifer,469-292-9918,IID#1325cb7fb057fb74225d0a444b3542ab,2018-01-25,1056.8999999999999,Huber
erinjacobs@larson-payne.com,"Unit 4030 Box 1187 DPO AE 21230",SKU#7a265747dc11d8a73c0ce39f3d0c6b7a,10,Jorge,554-169-1536,IID#e260e6220d5f0436793c49e6c540445e,2018-02-03,420.90000000000003,Barber
udavis@yahoo.com,"304 Valdez Avenue Suite 265 Collinston, GA 25068",SKU#f00346db02cfcc5b1f056a794009ffeb,12,Edward,432-683-1796,IID#0f5b451d6008ba9bc8db1dca7db7f7d5,2018-02-12,497.04,Davenport
nicholas32@yahoo.com,"074 Conley Trace Apt. 903 North Troy, KY 62919",SKU#a7df3766ea38999716bcf1033b36fad3,17,Jennifer,341-911-4826,IID#2f802117cd94b06afc52b89589733d66,2018-02-16,1843.99,Wagner
pughkatherine@duran.com,"693 Davis Pines Suite 390 West Audrey, MO 39032",SKU#443e36e2a145d6a6dfa8fb6f120f0e1b,15,Todd,111-650-7070,IID#edaa2fb4679f31eebdd22e3eaa1bcfc7,2018-02-22,1708.0500000000002,Mason
montoyakelly@smith-wilson.com,"7516 Carrie Fork Fosterport, MD 12943",SKU#6cc45e0c18bfee68dc63d2d31524f9c5,14,Linda,377-321-1665,IID#b413857d942b732503db4707c5a3b941,2018-02-23,1248.52,Kennedy
jerome36@lee-porter.com,"6878 Edwin Groves New Nancy, DC 49122",SKU#897208d5df122e307ab837d982b2c085,6,Jason,422-092-7816,IID#8b5e7e5855b1950bce052a8b965e06d0,2018-03-13,800.04,Copeland
hpeterson@joseph.com,"32557 Perkins Square Port Joseph, AZ 33006",SKU#98329e2280c1d2b49745384a2643ec6a,19,Richard,545-230-4420,IID#472fb8ef047cab65a652792c73aab7e2,2018-03-21,2495.08,Rodriguez
romerodanielle@woods.com,"PSC 3408, Box 2441 APO AA 77274",SKU#7228da7250d357ec26e8755a0bdbd652,15,Frederick,230-564-1796,IID#9407cc40dc3c927c962883683834d8a1,2018-03-29,1871.55,George
maryrobinson@gmail.com,"1932 Victoria Trail South Catherinebury, GA 78648",SKU#ed4e7f25c0c83d2426298402c6e9cbb4,7,Daniel,315-840-3857,IID#728cec1aa72f93171c4af229ef2a0b7f,2018-04-01,444.57,Alvarez
millerbrandon@gmail.com,"812 Kaiser Prairie Suite 608 Thomasstad, PA 89184",SKU#f1d3ff8443297732862df21dc4e57262,19,Jane,803-186-6320,IID#691d863900e7849f9adca4009d664123,2018-04-05,2047.82,Nichols
wheelermary@yahoo.com,"01763 Lydia Views New Shelleyville, ME 86515",SKU#832d4a5215870ff40d202bf272fe8c8c,16,Manuel,620-408-0374,IID#0b599a0e896f9885fa1a834b2f37bb50,2018-04-10,777.44,Evans
jeffrey34@brewer.com,"27970 Owens Loaf Floresport, MT 25189",SKU#be9a60d34f059d2adb8de94bcc620af6,15,Carolyn,145-848-5117,IID#425dbfd77283a5f3255b94fe76ac2a2a,2018-04-16,726.3000000000001,Young
jamescopeland@gmail.com,"517 Donald Villages Henryport, LA 67252",SKU#83e0cba63de0511e1f933e9a662afaaa,14,Sarah,526-392-9872,IID#e5a724476316f3c5c6f107258dcf0260,2018-04-18,1582.8400000000001,Martinez
torresbradley@yahoo.com,"1589 Howard Landing South Rubenfurt, MT 99012",SKU#790b47ce33356b9493e981bf105da7ce,14,Terry,506-298-1297,IID#2d5ae36af0164f11172ef063f26fb8f5,2018-04-20,393.68,Brown
fordjesse@yahoo.com,"7048 Harris Avenue Port Alexandermouth, AZ 20553",SKU#a3e4a389dc43d310923fb62d5ab16a1c,14,Sarah,966-317-1059,IID#eb125dc4ba0199095612302724dfa2d7,2018-04-25,1885.52,Gomez
longnichole@thomas.biz,"69860 Kathleen Stream Taylorview, UT 62212",SKU#c2dc578691371996eab94eb37f6896e4,20,Nathan,321-953-0424,IID#847f8082a2490373f5acbf7c1da7e60a,2018-04-26,1070.8,Clark
jamesosborne@mendez-johnson.net,"9174 Osborn Forge Lake Todd, TN 54619",SKU#f615e219175d923e1a35183696a98c91,12,Jessica,760-492-5290,IID#ce677fbd8412cb4d02eda1bacf56794a,2018-05-16,830.04,Beasley
pattersonchristine@yahoo.com,"730 Brittany Lakes Apt. 706 North Michael, MD 03949",SKU#09ae7e40dd3c3cbdfa2304654014be6b,14,Martha,261-930-6844,IID#756fc9599efcb9fc8e1c4f8e04981f7a,2018-05-17,520.66,Dougherty
smithmisty@yahoo.com,"086 Aaron Islands Apt. 873 Brownfurt, OK 67856",SKU#2137363a8eb7a264d120a221e4b61ec8,20,Karen,413-480-5130,IID#5e345fdce6fb10d9162dfcb9fcab6291,2018-05-18,2718.2,Fletcher
charlesbernard@peterson.com,"42206 Desiree Springs South Frankfort, MT 17298",SKU#654285e76e3062621bb2a7abadeb9214,18,Deanna,730-215-7662,IID#067d2ae1952cbf36049a618c75f2e5fc,2018-05-27,2278.08,Lewis
bethany52@yahoo.com,"34940 Foster Route Suite 218 Greenstad, IN 55003",SKU#28840766f7d339b8464bebe7527f2bf4,10,Brent,631-676-4949,IID#ff632fd5d59045efddd7cbb6dbf628c2,2018-05-27,776.4,Edwards
nancystephens@cooper.com,"56304 Andrea Islands Suite 026 Davidfort, VT 64952",SKU#6f6b5e30af6a9e64b7b6a19c39de7e0c,10,Meghan,093-568-0523,IID#01e1c72dfe19c0f38cd3247882ae6c69,2018-05-28,1121.1,Mccann
tknight@klein-chavez.net,"9145 Erica Shores Aprilland, AR 13025",SKU#0b91f1d54f932dc6382dc69f197900cf,11,Ryan,189-948-6146,IID#807e6673b5a0cc6267037c55a55039ba,2018-05-28,1484.67,Hardy
cindy95@gmail.com,"054 Matthew Meadow Suite 658 Matthewfort, NM 36822",SKU#2319ac34f4848755a639fd524038dfd3,12,Joe,058-851-5283,IID#1cd69d76b4679ec1042503375723596e,2018-05-30,1247.4,Payne
jacob97@anderson.com,"49855 Hale Park Carrside, CO 18332",SKU#0a27702196614b5c0baa864a52b86db1,12,Andrea,486-161-7739,IID#af914a846a7a2ada0b6735b255e821bf,2018-06-01,1584.3600000000001,Aguirre
twarren@cummings.net,"7732 Ryan Spring Suite 024 Villanuevaborough, IN 42394",SKU#98bbc43168e01b27573c64fb9cfc0627,11,John,665-844-2557,IID#d1180cc7432e09ffb07a51df09ed9a70,2018-06-11,648.3399999999999,Smith
staceyswanson@reid.com,"PSC 2475, Box 9361 APO AA 81829",SKU#65417194f6d766568524ce96d0511311,22,Randall,877-900-1611,IID#ca56daa8f88a12e9b4c47785e5582be3,2018-06-19,2614.92,Perkins
garciaperry@yahoo.com,"582 Miller Lake North Juliafurt, MD 55399",SKU#0941260343df16d8d62682611c1220e7,20,Elizabeth,365-561-9780,IID#bd23fba8a6df6a46f17e72c23d49ae25,2018-06-22,1193.1999999999998,Lopez
ochoabrian@yahoo.com,"505 Dean Skyway North Anthony, CA 82143",SKU#7e92d9d62a1287cc540f3a4c6516c6ea,11,Ruben,534-627-9040,IID#94ff70688ef493cdced414fe8a8d51e8,2018-06-24,784.8499999999999,Lawrence
matthewbauer@robinson.org,"3217 Calvin Shoal Brendanshire, MO 32888",SKU#6b431bf2da7c9312b3e5c21e67f6591b,14,Cynthia,854-180-2095,IID#c012e26d4b6ff441d98570fab56292e7,2018-06-24,1598.9399999999998,Butler
mbaldwin@yahoo.com,"806 Robinson Wells East Paul, IN 88449",SKU#0bdc9969224bdff526cc6748cf8bd8c0,15,Megan,238-013-3583,IID#eb272d4a226e6b85d11244f39f9a1341,2018-06-29,1443.75,Simpson
osmith@yahoo.com,"USS Kidd FPO AP 45162",SKU#5ccb2c1dfcfbff9adba49b72793b8762,10,Lorraine,193-055-1398,IID#183a08d23c58f93dc0a0843c8e23db6b,2018-06-30,298.29999999999995,Anderson
samantha25@yahoo.com,"3855 Shannon Rest North Victorland, DE 72436",SKU#0a27702196614b5c0baa864a52b86db1,15,Amanda,571-087-5085,IID#0e6ba754aa9c3a31e7c99afe59b8a2f6,2018-07-03,1980.45,Rodriguez
zmorales@hotmail.com,"7322 Kennedy Light Morrisville, NV 70526",SKU#a4bd1877f0712efcc681d33d58777e55,10,Mary,965-394-4569,IID#851ede3caaac75e912d8e26f1dbd9bb7,2018-07-03,449.6,Owen
robertjennings@ross-brooks.net,"425 Cynthia Port Antoniostad, PA 52976",SKU#323821054750939d32c26fec3a5ab7a5,9,Lori,000-691-7917,IID#2a9b65bd47ecffd9d5310edfb8cd42ce,2018-07-15,245.25,Ortiz
jason40@jenkins.info,"46416 Lopez Trail Jenniferstad, KS 43196",SKU#ccd9d8aa4c9fbad1069e4dd2c4982652,13,Wayne,611-384-3042,IID#3c989a41302aad4617b98a3f9b86cf70,2018-07-16,799.24,Vasquez
jasonedwards@gmail.com,"31943 King Squares Bowerstown, IL 06756",SKU#315f429f54ac64409bbf4acee92474d5,15,Andrea,478-861-1007,IID#cfe390433c941898527c2b40950dfc65,2018-07-17,2393.1,Smith
monica79@campbell-wilson.com,"477 Ray Glen Suite 953 New Austin, DC 83840",SKU#eb8faf6b2c22464c49898a38d634afe4,23,Nancy,860-516-8263,IID#9c41633b457dcce72510d41245e53139,2018-07-24,2760.23,Sheppard
sdecker@hotmail.com,"8941 Green Falls Suite 625 Conniebury, IA 78461",SKU#c9e547be3e3a1f035bf4b987dc1ea897,15,Daisy,329-117-4454,IID#3740436c747db5ef9876555fd64d4171,2018-07-29,2172.75,Reyes
knewman@yahoo.com,"7030 Darryl Gardens Smithland, MO 21489",SKU#81e4bf29a6552cb0df60980b937ed4a3,7,Katie,733-357-1641,IID#e6c21e66c726c6be579554362c7640b7,2018-07-31,383.81,Le
ashleyclark@gmail.com,"6635 Poole Station Carpenterfort, NV 31871",SKU#648d5447910adc3eab22b4d16e63f007,25,Tamara,341-940-4648,IID#d225e06c8519a5b6b33e34d42c4d7297,2018-08-11,321.0,Conrad
marylee@gmail.com,"32801 Cameron Villages South Rachaelchester, MO 72930",SKU#e7dd479dbec55c2f8de230625a87e3cc,22,Gail,690-818-0547,IID#c3d25fe0bf2ad6d9b0fa292245ebe1af,2018-08-16,1759.5600000000002,Owens
nicoledennis@kelly.com,"672 Brian Path Perrymouth, SD 89348",SKU#4e457115e6bd5c9e87ee47ab909229f3,15,John,552-358-8046,IID#adb5a3042b402cfefaf488563ecf494d,2018-08-18,969.15,Willis
ataylor@gmail.com,"PSC 3787, Box 7181 APO AP 79702",SKU#985f599bb4b81c01d5b5d16ad241d5ed,16,Dominique,725-484-9416,IID#26f8e3ce33aee7f63ebd003c086e473f,2018-08-19,952.16,Gilbert
ataylor@gmail.com,"PSC 3787, Box 7181 APO AP 79702",SKU#36df9540a5ef4996a9737657e4a8929c,18,Dominique,725-484-9416,IID#882c7029a5097769b85bd176f5752684,2018-08-20,2526.4800000000005,Gilbert
lauracoffey@hotmail.com,"6345 Smith Crossing Port Alexander, CO 10294",SKU#9fdedcb815fb656c25878b5ec7c29fec,18,Holly,754-269-6642,IID#be577a036557115c10bb80f1614b9bc8,2018-08-20,1257.66,Campbell
wesley84@smith.com,"05618 Kristen Meadow New Derekberg, AZ 41024",SKU#c1a3cc5f89f5943de57237cbf8ce5527,17,Debra,524-635-7847,IID#ebe0d4d9e3df947cf3e9fadc0bffbad9,2018-08-25,1108.4,Benitez
osmith@yahoo.com,"USS Kidd FPO AP 45162",SKU#0498cfb8aae1383c049e8ccdd85f3abf,14,Lorraine,193-055-1398,IID#2c6e1375a83645417e63915ae8a681e6,2018-09-01,1322.3,Anderson
hjenkins@preston.com,"585 Debra Parkway West Michael, NC 33557",SKU#05572f82de4f01b1e6f280b0b62a8334,26,Patrick,414-339-7469,IID#1f1585c6afa1b20fed948945ea26670c,2018-09-06,3129.1,Ellis
cherylbaldwin@schwartz.info,"06004 Danny Fields Suite 403 Lake Amytown, HI 04095",SKU#f76f0a335388e887c2b67433c8541115,20,David,638-954-2735,IID#f3d03ff742a05039421c34e2843fc565,2018-09-06,1241.8000000000002,Smith
brandongarcia@wheeler.com,"Unit 8435 Box 9577 DPO AE 29392",SKU#91492f3350f4a1c513741f6aa8a96b5a,21,Allen,914-773-9948,IID#775bedcd375085a58c947baa23da2e80,2018-09-07,1418.3400000000001,Thomas
georgemoreno@hotmail.com,"584 Parsons Freeway Suite 044 Brianborough, AZ 19548",SKU#174dd930129aabe1739c4ceb4aee97b8,9,Sharon,090-627-0899,IID#153cf931bff712a56e92e23b24f82c67,2018-09-12,298.43999999999994,Hendricks
ashleenoble@williams.com,"6623 Joseph Brooks Suite 492 Harveybury, KS 26015",SKU#d174bba680d1828f7ff2e80b3a4ae0fb,13,Monica,249-572-7550,IID#0feca7379a41ea230150d61254df9ddc,2018-09-27,1784.64,Walker
pellis@gmail.com,"9975 Ashley Station Suite 389 New Toni, NJ 86437",SKU#5b27a78cb61feef49e37aa0a1ccda7d1,13,Julie,222-049-7207,IID#83ba25097c4853a6792585ae3ae35fde,2018-09-27,836.8100000000001,Haas
davidlyons@wilson.info,"Unit 2587 Box 0017 DPO AA 80150",SKU#2137363a8eb7a264d120a221e4b61ec8,17,Renee,316-080-5941,IID#79913c5881946861f40c0cd3b4fd0196,2018-09-30,2310.47,Brown
wbutler@yahoo.com,"8085 Luke Squares Apt. 124 North Candacefort, IA 24916",SKU#3ece5b54f95dc81cd789dfd8490c000d,18,Mrs.,036-649-0054,IID#f9a21a89f49ae3b285b0e6f43c84783e,2018-10-02,2041.92,Misty
nparks@hotmail.com,"975 Mitchell Throughway Apt. 835 South Erica, HI 07746",SKU#21ff8fd6ed7dd5c42ceac626bb9798cf,17,Scott,317-691-8140,IID#d2a1f6fcfdc7c3105694a08a8305a021,2018-10-04,1357.96,Brown
hjenkins@preston.com,"585 Debra Parkway West Michael, NC 33557",SKU#e0a6fc12e9cddb11d637714157db14e8,19,Patrick,414-339-7469,IID#7938d0ac9352981fed5f08246be85b8d,2018-10-05,1747.2399999999998,Ellis
brandy57@hotmail.com,"0388 Allen Rapids Matthewside, KS 04292",SKU#5d52c133dbb0c7dda6de26ed1ca2c54d,26,Peter,307-601-8781,IID#4de1b0529cae25bbef3445303456a369,2018-10-10,3868.54,Smith
franklinkyle@gmail.com,"2353 Harris Roads Suite 196 Lake Derrickview, CO 74571",SKU#5ffaec4f79adb38df9b566d3307bdd09,21,Jennifer,078-134-4027,IID#bf0bbcbbb37d05f779c7b6b56ef8b113,2018-10-14,1292.55,Johnson
keithperez@lewis-brewer.com,"2933 Martin Vista Suite 127 Petersview, WV 69109",SKU#c4ce40b68fb3386aff7120cf8a34955c,19,Michael,360-456-9544,IID#3c48490993e81d2dbbbc205f857d60d8,2018-10-16,611.8000000000001,Gutierrez
parkerkaren@hughes.com,"293 Flowers Islands Apt. 224 Lake Robertbury, TX 16743",SKU#34551e3e409bad979a917dab6912e1b1,10,James,585-571-1565,IID#103eea167e63b7fc854bece59c9d09ba,2018-10-22,1333.5,Carlson
carpenterkathleen@duncan.com,"8377 Bartlett Light Apt. 392 Bryantside, OR 80578",SKU#94549eaabb68b67f351e0e911f88333f,15,Rachel,986-011-0628,IID#3c01e724e0e00b7b4c81948d71a7c286,2018-10-24,1056.3,Jackson
howardkatherine@jordan.biz,"684 Park Lane Woodberg, MT 94892",SKU#6682f9baf3150eadb9e47d4d8b59780b,19,Karen,745-296-1327,IID#a8a6a3be7f187c14f87eb7c9061cfc21,2018-10-29,577.03,Gibbs
otaylor@finley.com,"872 Atkins Spurs Apt. 571 Lake Carrie, ND 05625",SKU#c1f4483271dd550a418a1b55bf3c3ae0,13,Jillian,695-174-8119,IID#c84bb5e6fcd84cf66de3994aa06303c2,2018-10-30,1352.0,Alvarez
ronald05@gmail.com,"USCGC Fernandez FPO AE 56978",SKU#5dc32f41bef844b95b3a8d79e9633c42,12,Julie,547-474-6420,IID#1a807eec0f4df941dc8f89ed5e2e53e2,2018-11-02,872.64,Phillips
jamesaguilar@white.org,"6068 Megan Estate Danielleton, NM 36409",SKU#87f5d8a4e70684e420eade3a1c662bc2,12,Terry,619-982-9886,IID#829f528a416bab7fef1bb707508d30c7,2018-11-10,877.44,Clark
medinabrittany@gmail.com,"4254 Travis Fords Suite 631 Charlestown, MS 12550",SKU#8c1d71b2bf2d4d1eea6a825412dd4544,17,Ashley,749-034-7399,IID#afb53258457da1ff03d36c97a4931cb2,2018-11-12,870.4000000000001,Villa
james55@edwards-velez.com,"USS Villarreal FPO AE 06396",SKU#bbf7c6077962a7c28114dbd10be947cd,11,James,581-635-9984,IID#b8d44742f3d74be4109742949e9eea0a,2018-11-15,1632.1799999999998,Nash
vargasstacy@hammond-walker.org,"54534 Adam Ranch Port Robert, LA 64162",SKU#897208d5df122e307ab837d982b2c085,15,Kelly,097-488-7632,IID#0094f6df04bb0280617a51fc17ac0556,2018-11-20,2000.1000000000001,Trujillo
amberdavila@smith.com,"070 Clark Centers Jenniferberg, KY 81923",SKU#86ae25fd8fc8ff16262133e5e6b578bc,12,Kimberly,357-858-5211,IID#e07c10db5910bd8ab6764c31c517555c,2018-11-26,515.16,Morgan
vsimmons@yahoo.com,"26146 Justin Skyway Suite 501 Hillbury, NE 83188",SKU#9adb218fe5fbdc211907c36cb81efefa,19,Casey,118-235-0621,IID#4d4865f72fe3d62d3905183d462cccbd,2018-11-29,2445.87,Evans
nprince@gmail.com,"29667 Allen Island Brianbury, HI 00893",SKU#65435a5d117aa6b052a5f737d9946a7b,10,Kelly,237-824-2526,IID#d7362ca0d382b1a3aba204e5fbaf78b9,2018-12-10,621.5,Vargas
nathaniel01@yahoo.com,"390 Rodriguez Locks Smithside, NY 44186",SKU#43046e41072a4e97a0481d8d928b84d3,11,Lori,340-968-8718,IID#47197f7c6501cba1df97254a070affba,2018-12-11,962.61,Brown
ruthhall@johnson.info,"49941 Parker Burgs Suite 801 New Aprilfurt, MT 19655",SKU#9546c10433c45bfb9947449dd8d304de,15,Zachary,726-217-3560,IID#3fc433d710ffd4b7fc133960853d9eff,2018-12-15,1035.6000000000001,Wilson
leonard83@hotmail.com,"USNS Lawson FPO AP 50265",SKU#7f2f60b8afdc6336bd5199d39140e790,12,David,141-917-8272,IID#69a533d812e4ccae27ee2e13c8512567,2018-12-19,1515.1200000000001,Sanchez
davisjack@gmail.com,"9960 Hill Junction Rushport, SC 82463",SKU#56f8973f2639280b45ca0ac1ffc486f7,19,Jonathan,182-397-1365,IID#f96dca151b8e63ea58b5f9a1d660ddfc,2018-12-20,1436.02,Gentry
nancystephens@cooper.com,"56304 Andrea Islands Suite 026 Davidfort, VT 64952",SKU#bf7abfdb63237357df8b9ac253005496,20,Meghan,093-568-0523,IID#78cb3a57bfea5120e625b573756c7ca1,2018-12-22,1583.0,Mccann
cowens@tanner.com,"83762 Dean Plaza Ellisbury, NM 40079",SKU#fd45e0b6af52af4341db1383cf2c627c,12,Luis,646-505-9943,IID#abec64023cd49d82a7c1842715b49a69,2018-12-25,957.48,Charles
melissa86@hotmail.com,"051 Brianna Roads Suite 689 South Hannah, WV 48438",SKU#a658f5a9cb2c6a606d30c3dd909edd60,6,Jessica,515-613-9741,IID#b11207f221a3ff5f4fc163fff68f061d,2019-01-03,533.4000000000001,Oconnor
melissa42@hotmail.com,"4527 Neal Pines Suite 686 Leetown, GA 13880",SKU#b8f9731d34c384285638adb599028f86,15,Eddie,872-160-0095,IID#dc177f47a716792d2736ba0b3962a3ae,2019-01-11,1333.95,Ortiz
lorettahall@garcia.com,"686 Trevino Mountain Apt. 242 Lake Michaelstad, AR 88044",SKU#f66fc0bca6c6c54502dd321de6d3df89,14,David,627-440-7926,IID#461f5bcb08aec70ffc2beac9d7961904,2019-01-12,1617.8400000000001,Banks
donald44@morris-brown.com,"2467 Danielle Lock Apt. 405 Dianeborough, ME 22378",SKU#486f628834e706005abd48b28a0b03ac,19,Jennifer,884-224-3016,IID#e81bee6ba954606afa2043cbe05c6efe,2019-01-19,2232.31,Johnston
samantha59@hotmail.com,"6626 Padilla Court Suite 009 Lake Michaelville, GA 18266",SKU#4f489a3151ae59c909085179b51b4dde,15,John,523-645-1383,IID#b4feaf48130f7c9420a97656b0278fbc,2019-01-26,2202.4500000000003,Smith
apeterson@heath.com,"8709 Snyder Crossroad Apt. 775 Lisaview, IN 72056",SKU#cff66c68196faa687b6cecb8de3ffcb5,18,Benjamin,830-319-6237,IID#046de54e1eeb77be380e2b92a1888bd7,2019-01-26,2301.12,Bradford
foxkaitlin@gmail.com,"276 Wendy Road Apt. 394 Jacobside, OK 03347",SKU#3450caec0d21971e42a0f6947f5e4f1f,18,William,469-800-8082,IID#f818a290259172f0e4d212498e7269a7,2019-01-27,1900.44,Greene
ugreene@gmail.com,"4061 Smith Loop Suite 174 Klineborough, NV 16878",SKU#f1084a10edd9af76c3e8ec16f8ac76f8,15,Jeremy,488-723-8325,IID#f290ffaac60ee70a8a2d12d1142e6324,2019-01-29,835.0500000000001,Parker
nicole08@hotmail.com,"6075 Sanders Pike Suite 077 New Johnville, NE 04665",SKU#bfd4f3f518d771ed1e163a74360c8782,9,Emma,674-611-6570,IID#b45108f332374dfa0f578296fdc42a27,2019-01-29,931.77,Taylor
johnnelson@petty.net,"4819 Nancy Springs Apt. 965 West Mary, WA 21256",SKU#0bf1d0a0be01e4461e7018a3110e23a8,17,Grant,338-561-2163,IID#49ff413101fbd5b3a6fcff0d00000433,2019-02-01,1421.1999999999998,Hernandez
johnnelson@petty.net,"4819 Nancy Springs Apt. 965 West Mary, WA 21256",SKU#a7e867cf39a53ef26a70614e2830b90c,22,Grant,338-561-2163,IID#9910e0792589c17c2f8a926655291107,2019-02-01,1469.6,Hernandez
bhernandez@watson-floyd.biz,"PSC 6572, Box 7042 APO AP 39385",SKU#c2dc578691371996eab94eb37f6896e4,13,Stephanie,543-188-3442,IID#f1eb519ea51589e573c3eb01d4459824,2019-02-03,696.02,Brown
mgreen@lewis.com,"6756 Joshua Island Apt. 247 West Christopherview, IN 86402",SKU#a4bd1877f0712efcc681d33d58777e55,20,Julie,094-384-2848,IID#c7b8998ecd69be4463fc25aed1a95252,2019-02-12,899.2,Huang
lsmith@mcgee.com,"Unit 0136 Box 4140 DPO AA 93538",SKU#3aaceebd65f0b79f9ae1718d3241bf37,10,Thomas,034-305-5995,IID#3f194afab262cb7b6b4360e8b2b1139b,2019-02-13,1331.2,Young
bellderek@mccoy.biz,"24874 Michelle Burgs New Lisamouth, CO 85502",SKU#74da4121dc1c0ed2a8e5b0741f824034,18,Matthew,694-022-2487,IID#898a09cbaec77c82e7b3357f5646cc6b,2019-02-14,2166.66,Miller
nguyensamantha@hall.com,"5186 Kemp Streets Apt. 987 Johnton, SC 70122",SKU#65435a5d117aa6b052a5f737d9946a7b,19,Shane,871-246-9958,IID#e4d4b6d29d24d529a1d7f3e3ceb3952e,2019-02-16,1180.85,Briggs
lbright@farrell.net,"675 Phillip Forks Ashleytown, MS 61280",SKU#03bc63b77bec853adcb65719a21459ce,17,Lori,613-510-8581,IID#019bb05fb0132d7626a9bb94df7fcba3,2019-02-25,1928.65,Torres
eramirez@hubbard-duncan.info,"923 Gonzalez Burgs North Corey, WV 14298",SKU#3b9b69441d19ffc85540fe6175b86630,21,David,385-947-3675,IID#87b91927f03b2bda3238cca65ddd5d0f,2019-02-26,2509.92,Combs
mcmillanjeffery@white.com,"87075 Jeffery Manors Cartermouth, NJ 48010",SKU#22577911e88af39f79409e6de8eed4d9,17,Sarah,006-618-4866,IID#524730ecb86a7202c6079d3578ef4020,2019-02-26,1559.92,Fritz
wmurillo@wallace-jenkins.com,"094 Michele River Apt. 633 Leonardton, WY 07200",SKU#80802b088528adf260a52f1563f68b85,14,Brittany,069-134-3067,IID#e546dcc622302b790b8fa3449e3c288a,2019-02-28,1332.38,Foley
jwatson@thompson.org,"7682 Michael Drive Tracymouth, OK 04761",SKU#5e0d423694dc87169e1124f26d755117,17,Francisco,538-647-0243,IID#f4400a3ce3ac84cc7863458134a4af96,2019-03-05,685.7800000000001,Hart
rdoyle@palmer.com,"2907 Larry Land Carrieberg, MI 28799",SKU#9e0573ecb4a0800788a3aa64ad731bbc,22,Craig,402-483-7702,IID#e4f86f58909e5500eadfca438a62814a,2019-03-07,1768.36,Salinas
idillon@downs.com,"USNV Bell FPO AP 70105",SKU#071f4ede403a0a53ff2948a95ecbaace,19,Jacob,775-534-3219,IID#2aa169c84ef11a6f5e8cb5f9624cc29c,2019-03-08,1987.21,Mills
qdonovan@gmail.com,"032 Turner Port Suite 679 Dominguezberg, AL 29802",SKU#938fcac2676e99d92efee069eacacc37,14,Megan,705-089-7226,IID#cf621ed561395a26475fff03913c75be,2019-03-08,1242.22,Jacobson
dustinhuff@freeman.com,"599 Huang Trail Burgessbury, WA 18480",SKU#c832fbd186a4350129eaa5cae35a6332,19,Teresa,985-279-4330,IID#b49f1df282c4db6516af0ddbb25c46b1,2019-03-10,1133.73,Bradford
jacoborr@gmail.com,"74415 Taylor Plaza Suite 749 New Williambury, NM 61000",SKU#8447681e67cd6daa70e9ce05f1eaef43,24,Becky,715-708-7294,IID#997b8c1086db3e7ba29e720bca94f6b7,2019-03-19,1273.1999999999998,Price
davidfowler@yahoo.com,"72552 Francisco Forge Cookberg, UT 62711",SKU#3253ce1786d33d345bb622d8fcbfb2a7,14,Bradley,177-030-8009,IID#cc8cb82610d10812111ca883ec94b134,2019-03-20,2000.0400000000002,Coffey
dennisgarcia@wagner.com,"80270 Weeks Crescent South Jason, NY 58801",SKU#1bb3f933f0b35c7a3787cb2fb44beba4,18,Christopher,871-062-5298,IID#b892db450dd9eb1ec5aeff8cd5701c67,2019-03-22,2678.4,Hodge
thomas08@weaver.com,"46552 Paula Mill Suite 294 Port William, ND 19984",SKU#4a806a09d46548aa6a93ce782bc766a7,13,Mark,180-020-9201,IID#0ac5a0da6ef9cf228cf6d127a1443ced,2019-03-22,1093.43,Booth
kvelazquez@gmail.com,"21525 Aaron Neck Suite 211 South Leah, DE 87095",SKU#a2bb242dc046bacdc58e7fbbe03cce85,10,Christopher,402-431-0208,IID#539b81db3eb8a1fbc6ae570ee477eaec,2019-03-22,661.1,Mckee
samantha25@yahoo.com,"3855 Shannon Rest North Victorland, DE 72436",SKU#323821054750939d32c26fec3a5ab7a5,10,Amanda,571-087-5085,IID#c289e5e1c698e55e6b9d8b774337b710,2019-03-27,272.5,Rodriguez
lorismith@welch.com,"877 Holmes Plain Suite 835 New Kathryn, NM 82795",SKU#59bcafcabdd1f16e7b9889ee10dec858,12,Daniel,246-005-4924,IID#682ae9253e45d6071049ad47b3ab59fc,2019-03-27,1353.72,Young
yalexander@hotmail.com,"11201 Sandra Spur Apt. 935 New Ann, WI 93978",SKU#18ed71dfb57d0b80d5bf2d298ecb554e,20,Maria,384-018-3829,IID#e7cd86f2aeee0d315617c0a4802c2134,2019-03-28,2595.7999999999997,Mason
rdavis@johnson.org,"6169 Andrew Isle Apt. 591 New Mark, UT 59086",SKU#ec8d9cf15661e1e246997637ac868ca2,9,Anthony,490-236-4683,IID#cdf7604d5faa1d32beb0a0122d8df15f,2019-03-28,162.27,Nash
dmartinez@lopez.com,"714 Mindy Inlet Apt. 956 Port Vernonborough, NM 85033",SKU#decc47bad99272317818a41e7a522d85,16,Michelle,769-061-8936,IID#161f5cf880ee2ea29daa3d6f854458a4,2019-04-13,610.56,Higgins
preynolds@zhang.org,"46568 Williams Plains Suite 799 Lake Sarahshire, UT 75652",SKU#256abfbb6883823718eaf33f62510d6a,25,Michael,112-362-7601,IID#5e5b1cb8b84133f3193d75d166fc00d0,2019-04-15,2299.75,Ferrell
aaron64@yahoo.com,"8614 Brittany Falls Jamesmouth, RI 44387",SKU#f448a877f3d3f4b40a15fca17c62a2b5,9,Kyle,991-136-4445,IID#ef3d6a4a7e6f077750d2e97b7b9ae73b,2019-04-18,884.43,Little
maryrobinson@gmail.com,"1932 Victoria Trail South Catherinebury, GA 78648",SKU#5ffaec4f79adb38df9b566d3307bdd09,15,Daniel,315-840-3857,IID#3c4bf2a4448066319ec951e5487ad3b7,2019-04-21,923.25,Alvarez
michael58@drake.com,"8752 May Ridges Port Kelly, RI 04833",SKU#7f1ff80fd07c23be8472f7c1d09d0bb8,14,Brett,513-383-1437,IID#4dbf7d26ec49e7c308a4857e1465cc27,2019-04-26,1903.8600000000001,Smith
snydermatthew@elliott.org,"Unit 3087 Box 8835 DPO AP 29258",SKU#38cb782b7a81d1914df7b3bb4457e412,16,Jasmine,602-167-7296,IID#a86c2afee2187333bec31b9bb0cee7a0,2019-04-28,835.04,Miller
murphyjulia@aguirre.com,"798 Peter Village Suite 773 Ericksonfurt, CA 99502",SKU#118db038cff249fc1b96f7a8f2b27620,18,Colleen,346-617-0766,IID#0a53f2e8046d5b29a1862d4a96549146,2019-04-30,589.68,Obrien
vazquezsamuel@williams.com,"7858 Brown Plaza West Bradley, OK 47269",SKU#3ec27034eb407f4e005c159122e327fa,18,Tina,524-813-7387,IID#0435c751def88e765f071037c8e0f496,2019-05-07,695.6999999999999,Kelly
davidlyons@wilson.info,"Unit 2587 Box 0017 DPO AA 80150",SKU#e17a3c09c23a3ed800a4aeccc4bcdc7b,8,Renee,316-080-5941,IID#d942a2ec94ef37d1baa835363de12c55,2019-05-08,178.64,Brown
eramirez@hubbard-duncan.info,"923 Gonzalez Burgs North Corey, WV 14298",SKU#ab58d658c2dfe0393df78f57740dcdb8,19,David,385-947-3675,IID#9f51bfb031d098c849e122a75e038cc9,2019-05-08,1039.49,Combs
rsanders@soto.net,"81785 Shields Common Marktown, MS 27952",SKU#9efd866ee7e4190a46e3dc17dcba010e,24,Erin,459-125-4878,IID#aa19f7aff9087dde35689d349cedf48f,2019-05-09,1862.16,Olson
amanda83@castillo-benitez.com,"4873 Melissa Valley West Darryltown, ID 58989",SKU#d4897692e4e8fd9d6057240671619925,10,Pamela,031-094-0083,IID#cd98dfdeead44c87e0f92a0a8445cf4d,2019-05-10,1463.5,Carpenter
robertjones@cummings.com,"817 Joshua Roads Anthonymouth, ID 87563",SKU#d3fedce0593b389ea95e2f0abb26a14d,23,Stephanie,048-212-7661,IID#a24d83e060e9c601844731e1e36cf0d1,2019-05-13,2166.6,Reed
pughkatherine@duran.com,"693 Davis Pines Suite 390 West Audrey, MO 39032",SKU#5360b12f6a07af7be93437d215f72fca,11,Todd,111-650-7070,IID#b819497d55d7c80dbd2ce78503e6fed7,2019-05-14,880.77,Mason
fclark@dominguez.info,"632 Jennifer Radial Apt. 772 Stephanieshire, KS 39320",SKU#b1a232021c419a0243f14b3163dd4487,17,Robert,331-137-5622,IID#421fc0a31c09e38038d7f608f24cedb0,2019-05-14,1118.77,Long
jenkinsstephen@cunningham.info,"03818 Robert Estates North Thomasfort, NE 79071",SKU#39dbf807a41e5e4e63b59c9535c72eb7,21,Andre,253-358-1502,IID#052af4a73d15481d5a6a8f20696eb5d4,2019-05-15,1917.51,Green
christine69@hotmail.com,"658 Kyle Row Suite 256 Lawrenceshire, ID 36032",SKU#6ad4f71d2aa8b7cd6be9cda87d146b32,19,Lauren,500-769-2859,IID#241f5b4c7b3709defa2c2ecb264ed37f,2019-05-16,1551.16,Morris
zvargas@hotmail.com,"310 Newman Stravenue Port Coltonside, SD 44309",SKU#2f2c09c2e2f5d90225d271bd431b9b94,22,Steven,269-143-0815,IID#a3d4da770fac26ab98dd59721aecb00d,2019-05-16,3162.72,Bautista
snydermatthew@elliott.org,"Unit 3087 Box 8835 DPO AP 29258",SKU#e5b0327c41376ef19fc5edc9152529d0,16,Jasmine,602-167-7296,IID#f424921f30970b9c8b952331068c77cb,2019-05-19,2155.68,Miller
allisonlong@hotmail.com,"845 Williamson Stream Apt. 361 Brewershire, OK 04402",SKU#213e635dac590095b5681a944a5713a2,17,Juan,210-828-4827,IID#24badf046b79c1f2b5451aebfca81ac8,2019-05-26,2155.4300000000003,Hughes
sbooker@yahoo.com,"081 Love Motorway Suite 382 New Ryanchester, CT 12287",SKU#2b33bff451316574ec905448efaad2bf,16,Tristan,657-401-5691,IID#b2dd2e0d8a8b0f6477bd854e7106b18c,2019-05-26,1991.36,Petty
fgreer@thomas-fisher.com,"651 Roberto Field New Luis, WY 47843",SKU#d8b90f204f012b6fefa4fd49635d851b,20,Kelly,660-978-5040,IID#07f7cf69ddd697b73156edab39023f0c,2019-05-27,858.1999999999999,Elliott
sbooker@yahoo.com,"081 Love Motorway Suite 382 New Ryanchester, CT 12287",SKU#c39b7233fa0699b3cd333f9f0be738e4,16,Tristan,657-401-5691,IID#8099b6f16def27d97a517ea8d3f8f92f,2019-06-01,2191.84,Petty
lorettaford@hotmail.com,"375 Meadows Grove South Krystal, CT 83962",SKU#c0d8a756881481e5558415ec0158268f,20,Linda,882-233-1766,IID#104e8f6e7290c036ed27100a92328dad,2019-06-15,1671.2,Blake
christopherspencer@hotmail.com,"333 Brian Camp Apt. 582 Cynthiaton, SC 68062",SKU#1adcb05e97a9d3de3c80d399692829b7,11,Brandon,183-922-0808,IID#ce145419bf752bf610eebff30392d0f9,2019-06-16,1373.02,Wilson
sonyamccarthy@palmer.com,"8285 Curtis Road Suite 150 North Thomas, WI 26715",SKU#1dd69f505b6b0a993b58a03ae51ada0c,20,Kathryn,557-892-7182,IID#35ee6af0c4c4d252fc0724ec4a574cac,2019-06-22,2622.0,Saunders
pennymoore@sanchez-herrera.com,"146 Jeffrey Stream Suite 997 South Carla, MS 05137",SKU#be484ed22f5a1786c5423a0bb98a50ea,13,Sydney,735-859-7957,IID#e60b617e61fabb36aea5ddb9b9097d99,2019-06-22,917.15,Holmes
fmedina@harper.net,"98460 John Junctions Suite 174 Weberberg, ID 76518",SKU#85fe01dd2811e29936f2c71c00ce2217,19,John,113-506-3515,IID#734bf26cb84b039b17f0493b10940751,2019-06-23,439.46999999999997,Weaver
michellemays@ayers.net,"78655 Williams Dam Apt. 830 New Justinhaven, RI 33595",SKU#8a77e487095b9fc40c2ed1dfbb422892,8,Joseph,791-091-1784,IID#f7629b5d8d0297ddd215ea4628cf0a62,2019-06-24,484.16,Marshall
christina48@gmail.com,"930 Morgan Glen Apt. 797 Nelsonville, IA 16811",SKU#3f41c38fac4ea26e397f0809f804a047,14,Christina,970-026-4933,IID#b528a7528a4f2aa262d586be3ac98837,2019-06-25,866.6,Santos
johnny04@boyer.com,"58910 Alexander Land Apt. 863 New Jessica, CO 92471",SKU#b93d9b41abd4ab965ea782b4be302a12,18,Donald,003-985-9893,IID#f675856b634ae05b90c4437058930a6d,2019-06-26,2143.7999999999997,Brown
michaelchapman@gmail.com,"1074 Simon Shoals Suite 252 Brookestad, FL 55091",SKU#c9ea3314b91c9fd4e38f9432064fd1f2,11,Helen,829-499-6831,IID#737db4c168db43ba34a6ff24be544cb0,2019-06-26,1436.71,James
christophermcdonald@gmail.com,"1957 Moon Mews Apt. 969 Amandamouth, FL 81176",SKU#cea67ffae620e6410ed0590dc6ec9b92,17,Betty,847-621-8557,IID#f9a1e6b8a133883343e84893581f4685,2019-07-09,1130.16,Scott
sierra43@ramos.net,"7301 William Ferry Suite 609 Stevenport, MA 24231",SKU#004955e30603d8c06c1ff917736eb418,20,Chad,084-220-1625,IID#9b6ff103226154692668aa8c4f45c1cf,2019-07-13,1540.0,Frey
bartlettstephanie@davis.com,"USNV Gray FPO AE 61116",SKU#3ec27034eb407f4e005c159122e327fa,12,Sean,414-776-8414,IID#ee688f534633157266746eb9887c671b,2019-07-14,463.79999999999995,Torres
dustinhuff@freeman.com,"599 Huang Trail Burgessbury, WA 18480",SKU#17536ccbe836e9925123bcb6f1dae7a0,20,Teresa,985-279-4330,IID#51596dda30fc38f0df3556d6f115256d,2019-07-15,2758.2,Bradford
allisonlong@hotmail.com,"845 Williamson Stream Apt. 361 Brewershire, OK 04402",SKU#efa94f64068c70cdf0270381ad3cb34d,13,Juan,210-828-4827,IID#337c6f46106138ac32f2c4ac148891e4,2019-07-20,618.15,Hughes
smithlaura@sparks-fletcher.com,"722 Fuentes Radial New Richardland, AL 24843",SKU#f7ea476ffac36f9a1d4915a18d79dbf8,18,Kimberly,181-575-2420,IID#0b5014533ad3c12e32e984d3d2e2dd93,2019-07-24,1483.2,Morales
hlarson@miller.biz,"634 Patterson Ferry Lake Connie, MD 78892",SKU#a7e867cf39a53ef26a70614e2830b90c,16,Matthew,178-704-5199,IID#7bfa4aeca55e707be9a177f896c3c853,2019-07-25,1068.8,Davis
meagan28@hotmail.com,"939 Kara Ville Apt. 590 Bowersbury, KY 35853",SKU#de6c1bfebf1154bddffd37653abba499,4,Courtney,231-969-1413,IID#997edc00800d5659084d7c3d99a4aa49,2019-07-28,124.44,Deleon
vjackson@jones.com,"12839 Tracy Brook Maloneview, CT 53794",SKU#6cbbe3240a203b0ff387d9bbdadd49ef,20,Elizabeth,645-130-1139,IID#e2554e5341b73cc39d5d57cd369a233f,2019-07-31,1187.3999999999999,Santana
ugreene@gmail.com,"4061 Smith Loop Suite 174 Klineborough, NV 16878",SKU#3c4d7919cbd17dcd366fa5c05fca42da,22,Jeremy,488-723-8325,IID#6d56f44c5528ac215aca6c12ea3c91d7,2019-08-01,2835.3599999999997,Parker
taylorgray@reynolds.biz,"6559 Gregory View Apt. 539 Lake Kaitlinbury, AR 76550",SKU#1ef0dd39f3e292cb93ad6ffaebe33c83,19,Karina,241-701-4331,IID#1832e1168b03d6711cb67290373bfd35,2019-08-14,1052.22,Campbell
kathleen86@kennedy.com,"5261 David Cape South James, UT 50267",SKU#610128ab40c30f205c3a0a00f7543094,23,Carlos,006-397-3773,IID#be1ff8255718b23596eef40a2ae234d5,2019-08-17,2408.56,Young
vazquezjonathan@hotmail.com,"01604 Shane Island Nicholasshire, WA 36640",SKU#34d7059bd123fd040f9011bab33c44b5,17,Edwin,491-322-3154,IID#ce921516b55927a61d9ad8f07bffa86e,2019-08-30,1661.75,Evans
esmith@yahoo.com,"07386 Moore Run Perkinsmouth, NC 05121",SKU#a302a771ee0e3127b8950f0a67d17e49,19,Juan,572-968-2571,IID#1cb4035cc8bd70eb904d34305382bb9b,2019-08-31,1743.6299999999999,Hart
ssteele@jones-smith.com,"465 Connie Garden Suite 109 North Robertland, MI 37796",SKU#5bccd8ff10735da26d5761d10b294a6a,18,Kimberly,005-968-3585,IID#730d29486b94add8bac67532bf1c66d2,2019-09-02,1763.64,Romero
brownrachel@thompson.info,"USS Haney FPO AP 52781",SKU#49a0e45ae8dfba5e4161b60ab5330a45,17,Jasmine,915-790-4388,IID#9aa81311e3e38c2f772c1fd059938eb3,2019-09-04,1650.87,Olson
lwong@nelson-marshall.com,"9745 Sanchez Square Apt. 699 East Laura, NC 84944",SKU#4f6e98693c8493169c2fc6216447880f,19,Donna,092-960-6114,IID#c45faaf123372dddff4d8ca05d00c559,2019-09-04,445.17,Austin
johnjohnson@smith.com,"USNS Garcia FPO AE 19304",SKU#92c4e1d4dc466fe795ad3790b1a5d402,7,Sarah,904-036-2779,IID#9074464386de326d8f33fa500648ffea,2019-09-09,803.88,Gonzales
knappvanessa@martinez.com,"557 Jeremy Spurs West Ginabury, UT 85156",SKU#b7dd5e0194ee0ac08a4b802cb73d867f,10,Krystal,610-652-7103,IID#7bb8ee761697d2821c97b5460eeaf0b7,2019-09-11,592.3,Vasquez
pmeyer@park.com,"2974 Gibson Court New Johntown, WI 25189",SKU#f71bb39926a21a32162514e5867100f7,17,Luke,502-964-2960,IID#644cf359431692a057356aee4ebadf06,2019-09-11,2048.84,Fields
stephanie57@gmail.com,"2261 Johnson Mills New Lauren, CO 77310",SKU#002d5910de023eddce8358edf169c07f,12,Anthony,698-118-5032,IID#3f27d80d8edd3cbf72c7065d0afda13b,2019-09-15,1676.52,Hill
clarkdylan@hotmail.com,"PSC 3374, Box 8608 APO AE 51452",SKU#de94cf49f2a617bd1f0740b33ad6869f,7,Jonathan,793-967-1428,IID#d8454d4b27649bc6953c5883c905cdcd,2019-09-18,1068.3400000000001,Lane
mitchellbriana@cox.org,"00694 Brittany Shoals Suite 312 South Jacobville, NC 14857",SKU#7ba69f4ec41007c035beb73aa29d6b32,18,Michael,947-504-5773,IID#d4b33bcc7a74546551e29cfd97067569,2019-09-18,1828.98,Brown
michaelhanna@gmail.com,"8704 Jeffrey Oval South Stacyview, CA 37806",SKU#9639b2e7e5fe39d0f1770cad86f59b73,15,Robyn,239-745-0058,IID#6f7f52fbde63e896eb69a21685864053,2019-09-24,1830.9,Boyd
ugreene@gmail.com,"4061 Smith Loop Suite 174 Klineborough, NV 16878",SKU#a43c9e7a92068183a58b4c6c4f75bd99,19,Jeremy,488-723-8325,IID#3ba5dfc710418359ca4c044b9a74f707,2019-09-24,2075.56,Parker
phillip07@hotmail.com,"PSC 1552, Box 1847 APO AP 10748",SKU#7a092925340c3faec22d7576a4eb7c5f,19,Danielle,565-680-4682,IID#bd1243d8d09c22d09dd3e1a9a52fc4a5,2019-09-28,1071.79,Hayes
cummingsjennifer@hotmail.com,"04306 Nathan Club Suite 894 Lake Josephland, WI 39778",SKU#28bd444caa20e5092d21f0b7b4b032f7,12,Jonathan,246-244-8094,IID#62f54ec60b2ad2e83aeb866447aa8a19,2019-10-04,695.4000000000001,Kirk
deckergregory@banks-patton.com,"9346 Phillips Rapids East Brian, AK 49431",SKU#2742e1f05ea7d3e8fd65942fe06c2f7f,14,Rhonda,538-942-0481,IID#a149617f30eff498fa60223d02ef3366,2019-10-05,1855.42,Myers
uelliott@manning.com,"5285 Marcus Route Bobbyfort, AL 61659",SKU#668fabd7829e5b8c5a58853bea0dbe1e,17,Christine,218-966-2383,IID#3d32fddd19a1b0c1925036ccfef96846,2019-10-06,725.05,Fry
barbara01@blevins.org,"61159 Jason Courts Jackieside, IA 83081",SKU#9639b2e7e5fe39d0f1770cad86f59b73,18,Tiffany,488-044-0333,IID#623fae2422784f1301a86a7d5f8889b1,2019-10-06,2197.08,Levy
andrea65@gibson.biz,"15996 Smith Rapids Apt. 302 Mollyshire, MT 55664",SKU#5154ac663d45cfaf699056fe8cdd3085,17,Michael,852-769-7586,IID#e34e6d5c999ec811cefd7f30b8f14e43,2019-10-10,859.86,Ramirez
cindy95@gmail.com,"054 Matthew Meadow Suite 658 Matthewfort, NM 36822",SKU#e2c9d0c311b7e854df615f30999f1b7e,14,Joe,058-851-5283,IID#73c34866c6625cdf45997bb348fefd6e,2019-10-13,1073.9399999999998,Payne
jasondaniel@hotmail.com,"972 Moreno Circles Jessicamouth, LA 19971",SKU#6d6746c8f9b9a672e1dddfbba370b679,13,Katherine,340-224-5719,IID#38edc40ad29ad91ee1a94d3018842946,2019-10-19,872.3,Nguyen
phayes@hotmail.com,"4390 Curtis Hollow Apt. 675 West Samantha, NJ 74675",SKU#4b4201042e41e0a6e066614a9d7a0584,15,Brianna,421-324-7009,IID#0f5cc9fa6eda61fe2aa522ba581b89ed,2019-10-20,1908.9,Greene
bonnie77@pitts.biz,"303 Cherry Islands Barrville, UT 42796",SKU#23a27438396adfac89584ea7f650856b,15,Brandon,461-075-3536,IID#978b8422c8396d384e4cd01ff495ba03,2019-10-20,977.4,Turner
jerome36@lee-porter.com,"6878 Edwin Groves New Nancy, DC 49122",SKU#965c023ba38a94183b90080b81222695,14,Jason,422-092-7816,IID#d8862345b46053db5192a89833d7a0df,2019-10-20,744.1,Copeland
zvargas@hotmail.com,"310 Newman Stravenue Port Coltonside, SD 44309",SKU#f38284ed47516389c1d0d0369b7b56cf,13,Steven,269-143-0815,IID#94bfeb1705827bc7420860dc06552373,2019-10-23,1335.49,Bautista
uelliott@manning.com,"5285 Marcus Route Bobbyfort, AL 61659",SKU#eecd109a97f2bb0ca35fd4f7bb303543,18,Christine,218-966-2383,IID#a0fcc04039567da6fc366284a7382646,2019-10-25,2095.2000000000003,Fry
kpeck@hotmail.com,"PSC 0247, Box 8913 APO AA 66113",SKU#f7c78514872f9cb5585f8d69532cd2d0,20,Katelyn,788-987-9593,IID#062802ce3474957fba03d485550b1587,2019-11-01,3033.3999999999996,Valdez
steven15@clark.com,"2631 Steele Landing Suite 274 Collinsmouth, NM 18846",SKU#a4bd1877f0712efcc681d33d58777e55,22,Renee,926-367-2417,IID#0b4c81bd3d25048ae1feda6950de2fe9,2019-11-03,989.12,Wilson
ibowers@hotmail.com,"1632 Richard Bridge North Rebecca, MS 43470",SKU#4297bcbc41aacaa139ed675a24d5eaff,8,John,667-432-8084,IID#f9866d4543bba5fa741c3a966f000ed2,2019-11-08,1209.2,Dominguez
lauracoffey@hotmail.com,"6345 Smith Crossing Port Alexander, CO 10294",SKU#29dbb24810bdd7f802c1165f8bc3a714,24,Holly,754-269-6642,IID#5488164b598c038320470eae6af69527,2019-11-09,3403.2000000000003,Campbell
fclark@dominguez.info,"632 Jennifer Radial Apt. 772 Stephanieshire, KS 39320",SKU#5dc32f41bef844b95b3a8d79e9633c42,8,Robert,331-137-5622,IID#2e104459917baee203628feea3383414,2019-11-10,581.76,Long
ewalker@gmail.com,"394 Garrett Ferry Williamsbury, MA 60350",SKU#03143317e6d07fb16f0f3963e8c579e0,18,Robin,067-673-7446,IID#9e04e65dedd74d117474269bd24f5398,2019-11-14,1925.46,Arnold
iburns@gmail.com,"5354 Daniel Meadows Mauriceville, GA 39375",SKU#ead9e956ece48d39b5f5a4f685c7d63f,13,Brandy,298-289-0112,IID#588a48c08511d1635cd143865395a1a1,2019-11-15,1720.55,Jordan
owenmary@grant.com,"254 Gary Extensions Allenport, MD 90109",SKU#913b5f6fa52997031093e858d136a04e,12,Judy,445-658-3411,IID#f23a429df1cc2e0e20c028b05b9d3d81,2019-11-24,667.92,Curry
milleralexander@johnson.net,"53490 Bender Pass Port Johnborough, MT 51933",SKU#a3f07671642038caece41ff2a52d8673,10,Nathaniel,363-971-5011,IID#59aac0aaeac1d08da7624cd370264082,2019-11-28,952.8,Brown
combsbrett@ho.com,"568 Michaela Roads East Katrina, DE 77649",SKU#f4332cb4ea9179c3b4d5f039fe518947,21,Amber,337-725-6954,IID#844e6d3bd7c7de1fe3a037fae180d449,2019-12-15,1733.9699999999998,Jones
mindyguerrero@jimenez-simmons.com,"851 Terry Station Apt. 493 South Kelly, VA 79467",SKU#861326059a7e2bc74172c2fe8a841ba8,17,Matthew,092-542-7948,IID#7405bf99de65d3b9aeb2804132f88158,2019-12-16,1382.1,Zimmerman
nicholas88@yahoo.com,"494 Melendez Manors Buchananstad, NE 26571",SKU#e1666b23e76e17ab3c06e318adb7d113,20,Thomas,413-285-5433,IID#9fd70e736eb088156d01cec86179a0ca,2019-12-18,1040.6,Bates
williamsleslie@hotmail.com,"8492 Sellers Throughway Apt. 221 Port Theresaland, AR 76056",SKU#65417194f6d766568524ce96d0511311,21,Hunter,351-102-7721,IID#e108adbbee8ee4f5fb8126c2f1c5c94c,2019-12-18,2496.06,Ali
walter94@gmail.com,"50690 Timothy Curve Michealtown, NY 74411",SKU#792a64401688470b9b5ec4a1123eb802,17,Robert,257-723-2541,IID#0d42e60518de692eec43a56e283c8b1c,2019-12-19,642.26,Gilbert
jamescopeland@gmail.com,"517 Donald Villages Henryport, LA 67252",SKU#79ed04c1815f864f5aef3c738e882632,21,Sarah,526-392-9872,IID#cc286b006a6429b65fa3a74d30bde879,2019-12-21,1194.06,Martinez
icabrera@gmail.com,"524 Scott Drive West Gina, DE 15212",SKU#56f8973f2639280b45ca0ac1ffc486f7,10,Dwayne,423-275-3074,IID#9d9a3d97742afb00f8546430aeddc37a,2019-12-21,755.8,Jones
alyons@hotmail.com,"96166 Eddie Plain Perezland, SC 91430",SKU#a75d7d422fd00bf31208b013e74d8394,15,Alexandria,711-378-1826,IID#7aa9f6e3df3c6dd7d8521952e3b85d86,2019-12-21,2185.0499999999997,Harris
marissa04@gmail.com,"4625 Michelle Summit Scottland, MD 67051",SKU#d3fedce0593b389ea95e2f0abb26a14d,18,Cindy,264-092-0051,IID#42549d2fcc8d0376ac1f8b49478f8a68,2019-12-24,1695.6000000000001,Walker
lbennett@mcguire-adams.com,"135 Baker Turnpike Port Tiffanyville, OR 53565",SKU#a6e63d588ff7c3fbb8704fa66bbd5fec,18,Anthony,380-248-4799,IID#77f8891c2f8359259932516b28a386ff,2019-12-24,1820.8799999999999,Lewis
longnichole@thomas.biz,"69860 Kathleen Stream Taylorview, UT 62212",SKU#c399fddacad7fd55c5ff8f4fbaa52961,21,Nathan,321-953-0424,IID#a8cdfafb3c64e4ebbd33ecef35e4ebfb,2019-12-25,2257.08,Clark
christinajuarez@yahoo.com,"888 Cantu Vista Charleston, MT 62341",SKU#c0dff1da881341b4e8b54a9cb6c91fff,19,Gail,603-412-1178,IID#9b6899d5a0ec571b622785f012a6ecb8,2019-12-26,303.24,Flores
melissaclay@hunter.com,"1537 Bell Fall Apt. 091 Halemouth, NM 43934",SKU#ff9a2d3be0b1b401f5bbae30ab62a24d,12,Kristina,410-264-9179,IID#e69ff76416266f2b066d4132cbf11653,2019-12-31,1271.8799999999999,Obrien
millerbrandon@gmail.com,"812 Kaiser Prairie Suite 608 Thomasstad, PA 89184",SKU#a9e88c2128e707d31a759333fd7b2bd7,12,Jane,803-186-6320,IID#72aab7b9933272c6750d7f5484d342dd,2020-01-02,859.8000000000001,Nichols
rachelwilliams@hotmail.com,"0084 Jennifer Mission North Ethan, AL 81815",SKU#5299ea434f8267c4f3b049f5f53fdcc8,13,Rebecca,866-222-1243,IID#8ed22c8a41d6a474d0bb834812ef8cc6,2020-01-08,1789.06,Baker
ricardo47@velazquez.com,"0077 Erin Summit Suite 702 Shanetown, MI 60072",SKU#6df206f493cd799de3658973c3770b29,12,Jonathan,521-198-1687,IID#27d091dd7fbd583fadb8add7b6b80c8d,2020-01-22,1695.48,Everett
freemanrodney@yahoo.com,"19346 Rachael Grove Apt. 209 Walkerport, WI 94574",SKU#07d9b08eaa0a26f9771ee72f21e2b29d,19,Kristin,036-457-8420,IID#6b8cd17657424c442c546d811b54612a,2020-01-26,1228.54,Walker
hcampos@gmail.com,"728 Richards Route Lake Julieport, PA 91683",SKU#913b5f6fa52997031093e858d136a04e,15,Chelsea,547-818-5703,IID#7b60ffee8d5efa9f5d52b4668f97f771,2020-02-01,834.9,Bullock
williammora@hale.com,"USNV Clark FPO AP 85861",SKU#1135e286fb5224ef530f4ce0ec4a2835,21,Robin,036-773-4293,IID#0d9214db6f6a8d7b45aef7f84fa7aa85,2020-02-05,2621.22,Harris
smithcynthia@hotmail.com,"817 Jennifer Stravenue East Timothy, MD 22465",SKU#844e95ed5f5fbd2f0672b094ef680e81,21,Michael,047-524-4621,IID#106371cf8566ca20d3bad21f24cd1080,2020-02-06,3247.4399999999996,Myers
hdavis@watson.org,"714 Ashley Stravenue Apt. 177 Lake Ericville, DE 13881",SKU#ceb1e6764a28b208d51a7801052118d7,18,Bailey,785-956-1332,IID#c369e887c0e6d32162417f052dcd7e7d,2020-02-06,1590.48,Brown
campbelljessica@yahoo.com,"9075 Wright Haven Suite 173 Carolynburgh, TX 27799",SKU#aceb486e7e4b2d2f1c5f2328b503502b,11,Taylor,403-681-3740,IID#21ec899949409f3fcfa926ae18c6406e,2020-02-11,1598.41,Long
tony09@walker.com,"02166 Mason Walks Suite 980 West Brandonhaven, RI 97993",SKU#f7baa0ef2a6e106253085d6c0a5c0f03,21,Tiffany,096-096-5390,IID#455fc33c380e4f978ec320b0e079fe59,2020-02-11,1860.6,Jacobs
robinsonamanda@smith-quinn.com,"Unit 7554 Box 2915 DPO AA 49965",SKU#1461a38b872613aa02dbc798423cce11,9,Karen,515-074-9869,IID#82be5edd8314b94d4f0a8cbc4125f0cf,2020-02-14,501.3,Boyer
sheppardcody@meyer.com,"95282 Michael Glen Suite 216 Jamesfurt, AL 61002",SKU#0941260343df16d8d62682611c1220e7,16,Elizabeth,366-351-7608,IID#8837404f60b756882b648b104460e4a6,2020-02-19,954.56,Lawson
rachelwalsh@hansen-riley.com,"736 Matthew Islands Suite 099 Haydenburgh, WY 63262",SKU#6790430bcb39e961b83668cbaa1573dc,22,Brandon,715-846-0605,IID#07781911abce7902467cd40ab621bc53,2020-02-21,3033.8,Nelson
johnnelson@petty.net,"4819 Nancy Springs Apt. 965 West Mary, WA 21256",SKU#b54b9c5d611b062aea9d8ec0d192335d,13,Grant,338-561-2163,IID#9f792a97848ba1d0456b1a9269e076a7,2020-03-08,2092.09,Hernandez
qdonovan@gmail.com,"032 Turner Port Suite 679 Dominguezberg, AL 29802",SKU#a507e79e534884fd6eba4efcd891ec40,10,Megan,705-089-7226,IID#9cf6072fd17973768ba471caac155bf1,2020-03-11,1165.2,Jacobson
dylanramos@hotmail.com,"959 Calvin Club Suite 269 New Davidborough, PA 52578",SKU#7ba69f4ec41007c035beb73aa29d6b32,18,Alexandra,156-716-4946,IID#d4146a3b9126c7cf9b2ff0be245eb12f,2020-03-15,1828.98,Smith
claytonmorales@hotmail.com,"229 Stanley Park Apt. 691 Andrewberg, OR 78211",SKU#c4f30de85d94d65331ebdaa066be7be4,20,Michelle,481-722-1016,IID#a4defba4ae34835c7863e1a680373cfe,2020-03-18,1874.4,Young
brooksjoshua@yahoo.com,"2295 Kathleen Mountains Jasonland, VA 84215",SKU#c5a8fa007135596d5e1b0181c33eddc4,11,Joe,316-171-1578,IID#30ea9095fe51f647012a02a3d64feb3d,2020-03-19,1602.37,Atkinson
watersmichael@summers.com,"663 Autumn Fork Suite 529 East Nataliehaven, CO 07609",SKU#3d5bc884d137ccd86a25f978a7800818,14,Mary,595-887-9834,IID#f7ac8ff9b16641563aeb7ba7b5aaa586,2020-03-20,600.04,Fitzgerald
amandahill@mcdaniel-herrera.com,"731 Yvonne Station Apt. 277 Kimberlyberg, NM 85448",SKU#39dbf807a41e5e4e63b59c9535c72eb7,25,Cindy,000-184-2211,IID#7f0ea1d8eb7449483363d6d5f3f4527e,2020-03-20,2282.75,Alexander
cindy95@gmail.com,"054 Matthew Meadow Suite 658 Matthewfort, NM 36822",SKU#790b47ce33356b9493e981bf105da7ce,17,Joe,058-851-5283,IID#8c48ff041c81b0f44614b584a18ef124,2020-03-23,478.04,Payne
hannabrittany@yahoo.com,"915 Zimmerman Burgs Patriciaport, IL 35001",SKU#295952536db5fbb6a2a731247021f555,19,Christopher,209-099-3660,IID#98542e18d9e2a79177dc974d30e6f79c,2020-04-05,2207.04,Gillespie
brianmorgan@jackson.info,"736 Ray View North Larry, LA 61923",SKU#9ee38aeba19f4d46fcd9eda4661325d2,18,Shannon,428-578-2296,IID#012a41d9e23169514e88e3988d2b1f0d,2020-04-05,2214.36,Adams
chadgarcia@gmail.com,"5869 John Hills Ortizbury, WA 21709",SKU#e9d467e187231d4ba17391865b98b2e7,9,Jamie,095-163-5950,IID#fb1f897b2802a164c0fa3c2bfc8eafe3,2020-04-08,477.18,Monroe
chamberserik@hotmail.com,"3790 Melissa Hollow Rayton, WI 52224",SKU#de94cf49f2a617bd1f0740b33ad6869f,18,Wendy,536-635-0044,IID#ae1c05f5ecf93687454c700f97c3d7b4,2020-04-11,2747.16,Hernandez
kathleen86@kennedy.com,"5261 David Cape South James, UT 50267",SKU#f1084a10edd9af76c3e8ec16f8ac76f8,11,Carlos,006-397-3773,IID#a72617457040ab7fc094715d2fb6db54,2020-04-16,612.37,Young
aaron49@yahoo.com,"116 Joseph Brooks Apt. 730 West Shaun, RI 05727",SKU#ff035bff2dcf972ee7dfd023455997ef,15,Sharon,726-665-1476,IID#02ae4e48c026ba030f8d2da032a57808,2020-04-19,1737.15,Owens
kristinfleming@hernandez.org,"704 Love Manors West Nicholas, DE 03988",SKU#300f960ebd4a8403afc8fb101573fed3,20,Raymond,065-541-8369,IID#9d4cc93993e00f1b961470d77b240725,2020-04-21,2494.6,Russell
tbell@patel-torres.org,"38513 Young Ferry Suite 271 Raymondshire, RI 18897",SKU#59763dea4943fa0a7ec51296d5f2c7b3,17,Joseph,855-372-5742,IID#e2ac2b32aa9204ee1ce2554003e03486,2020-04-21,2466.02,Harris
dvasquez@wood-ortiz.com,"63402 Green Highway Suite 391 Port Jesse, MT 52712",SKU#60277079fca3996d910efdfa812dac81,20,Sharon,064-331-9216,IID#a5a96d595f98b1952dac431a0947f343,2020-04-22,2022.8,Ryan
james07@strickland.net,"721 Brittany Court Apt. 661 South Christine, AR 37705",SKU#d585e8dcb6b35de1212e2b54b34c3eef,18,Brian,459-817-4061,IID#617f72675623e9d7b23656c450c4f0b4,2020-04-23,749.8799999999999,Schultz
nathan11@hotmail.com,"05638 Alvarado Trace Apt. 102 Andrewtown, MT 82870",SKU#2137363a8eb7a264d120a221e4b61ec8,13,Austin,527-041-0247,IID#05b50b5c828b0b2a06235acd18384f15,2020-04-26,1766.83,Webb
daniel49@walker.com,"2787 Christy Plains Apt. 341 Port Stephanieburgh, WA 38902",SKU#b43e3b0286664b420fa6ac3fe4cbff8b,13,Timothy,526-156-9387,IID#00417c56af7a4f3ae92a14ea7d3a8847,2020-05-02,1474.8500000000001,Wilson
grahamdavid@gmail.com,"991 Catherine Lodge Apt. 046 South Madisonbury, UT 07333",SKU#fed8f1bb237b2a31d54bc6b788e99f1d,15,Steven,024-489-4176,IID#c96c17ca5a5d76ebc8329e75a98dc19a,2020-05-07,1797.6000000000001,Oconnell
