Date,First Name,Total Cost,Amount,Invoice Id,Last Name,Sku#,Phone Number,Email,Address
09/07/2016,James,1659.96,18,IID#bc4fdeea3d1d9cdd3b9be9bce136789f,Young,SKU#fb0f7462c3084ae7ab6d9fdbf5ee53c2,(285) 352-3357,jessicafarrell@gmail.com,"568 Joseph Meadows Apt. 936 Jenkinsborough, CT 34820"
09/12/2016,Stephen,1557.1999999999998,17,IID#3c74b6a23c67420784f9c7f14d1544c1,Robinson,SKU#b69f227d106d1e7db3662d6a6f07cfe0,(453) 864-2749,brittany63@davis.com,"433 Justin Trace Ericland, VT 56304"
09/13/2016,Vanessa,3287.5,25,IID#e234879da88c2b7f010957cb65874e4f,Howe,SKU#651bcf535ed50ffa7724c8751bec1a66,(219) 293-9245,lcole@turner-conway.org,"0871 Diane Common Humphreyhaven, WA 31928"
09/14/2016,Diane,1915.96,19,IID#ca5b8794f9bbf6abf974b58e09f23408,Daniels,SKU#ebe28db082660b55fb94f6121a65fe65,(706) 848-0847,erin90@young.com,"507 Katherine Lakes Apt. 725 Emilymouth, CA 34183"
09/18/2016,Joseph,373.45000000000005,11,IID#e1c69acb5735d490fbdcbbce9d970870,Glenn,SKU#714648d2aa2d73c96e0bf598fe1947a3,(638) 458-1023,brownjames@yahoo.com,"47919 Derrick Estates Suite 081 Kramerborough, AZ 06103"
09/19/2016,Nathaniel,2391.53,19,IID#f4aaf4a8d391b95da1910fb705ad3478,Brown,SKU#0f4a36c4a3ee08de2cb188696ee51696,(363) 971-5011,milleralexander@johnson.net,"53490 Bender Pass Port Johnborough, MT 51933"
10/10/2016,Edwin,1973.14,13,IID#20280c91caf97ccb25d01734402c7cce,Evans,SKU#7932190646d24e951872b8885857ebde,(491) 322-3154,vazquezjonathan@hotmail.com,"01604 Shane Island Nicholasshire, WA 36640"
10/15/2016,Chad,711.49,13,IID#881532b126922524fd15d08a2daae61e,Morris,SKU#eaed3e93aeb3c33f31c3b1e573974fdd,(171) 601-2668,michaelbrown@yahoo.com,"70383 Heather Mills Suite 441 Morenochester, NV 12346"
10/20/2016,Hunter,1333.92,14,IID#1f3112c7bd8e16da16b00bb8c1c860b8,Robinson,SKU#a3f07671642038caece41ff2a52d8673,(040) 082-9755,urivers@duncan-jones.org,"116 John Greens Lake Meganborough, OH 26527"
10/25/2016,Brandon,1001.8799999999999,12,IID#4fd9aab9c116723a74ae324fdb4006ec,Nelson,SKU#f1ac49336dea31702152983ebe35b850,(715) 846-0605,rachelwalsh@hansen-riley.com,"736 Matthew Islands Suite 099 Haydenburgh, WY 63262"
11/01/2016,Chad,1893.08,14,IID#87032ad01a9afbca7d648a6ecdd6b1ac,Kelly,SKU#e0e2d4e5fd76889a0fb95f8227b27293,(137) 106-2971,meghan19@cantrell.com,"PSC 2969, Box 0544 APO AA 81348"
11/02/2016,Karina,2153.7000000000003,15,IID#11b38fed5eb0627291c3ba28cb9fbc03,Campbell,SKU#fb3c6492a06de877a1137af9b2e852d7,(241) 701-4331,taylorgray@reynolds.biz,"6559 Gregory View Apt. 539 Lake Kaitlinbury, AR 76550"
11/09/2016,Christopher,2231.68,22,IID#33c9e9b43b8958a984c810bb2a1b38f3,Cameron,SKU#e3c4dd21a9171fd39d208efa09bf7883,(387) 934-8682,hgreene@brown.biz,"478 Henry Shores Lake Donnaborough, DC 90011"
11/19/2016,Chelsea,1697.22,18,IID#57dd62bed10468945a21ac5c4f17eae2,Peterson,SKU#149e9d3008eb45be7b0b57c19065d57b,(418) 059-6228,gilesjoshua@yahoo.com,"8063 Ashley Street Port Kelsey, NV 45689"
11/22/2016,Christopher,578.25,15,IID#351098f8d5b10832922b2dc56e219c47,Mckee,SKU#e4ba279763e5e62ca52241fbde2634aa,(402) 431-0208,kvelazquez@gmail.com,"21525 Aaron Neck Suite 211 South Leah, DE 87095"
12/02/2016,Laura,2268.1800000000003,18,IID#424da0f17039b9b0608128969bc332f5,Arnold,SKU#bc6714be5c417fda4d3915f2eed0a6f5,(484) 103-4705,jamesbass@gmail.com,"468 Walton Lane Suite 098 East Michael, MA 33950"
12/06/2016,Kenneth,1575.84,12,IID#059d418a5979a9698fd49febaf59dc46,Delgado,SKU#98329e2280c1d2b49745384a2643ec6a,(125) 262-0135,marthapugh@elliott.com,"479 Kelly Brooks Apt. 427 New Kimberly, MD 26083"
12/08/2016,Omar,621.36,9,IID#692c52df9de829a43e59c27038c5d353,Anderson,SKU#9546c10433c45bfb9947449dd8d304de,(489) 555-9069,linda97@miller.net,"962 Joshua Center South Rebecca, MO 70722"
12/10/2016,Marissa,525.6899999999999,9,IID#46f8691cfbd472215e24c2726f378a3f,Gray,SKU#0fb569bd35d44c9ffa7d4728af4e734f,(286) 708-8458,craneroberto@lin-cohen.net,"9063 Moore Rapid Apt. 563 East Katherineside, HI 80818"
12/12/2016,Jared,2237.82,19,IID#ce04dc46024d9eae7a3f6976006718e0,Walker,SKU#c4a74966fcbe9818f465c7d7d8665695,(168) 877-9327,morenojay@yahoo.com,"805 Wood Plaza Suite 533 Lake Jessica, MA 07226"
12/13/2016,Eric,661.76,8,IID#a47d79a83c451aaf5d174ab18b6c6466,Wilson,SKU#86c94775bdc63a9581e975d11568b87d,(333) 587-7136,qshah@gmail.com,"417 Sarah Courts Suite 927 Rebekahview, KS 46502"
12/18/2016,Jacqueline,2756.5499999999997,23,IID#ee2b16145da57571a94581ba39fa24b6,Hensley,SKU#d20be465415527a913db5d2e3fb35127,(604) 934-0737,andressimmons@hotmail.com,"710 Brian Valley Apt. 016 Allenville, MN 79015"
12/18/2016,Terri,762.52,11,IID#7c1da8ae2508d613e30c2970eaaf3c9d,Fowler,SKU#f006e7d4dccfb3da2975fa59fc8f8079,(992) 865-0815,meganwright@jarvis-smith.com,"0341 Meyer Viaduct Apt. 474 Williamton, ID 64558"
12/21/2016,John,1148.62,23,IID#d25ff84cc114da7b38dcaa6634e60f3f,Smith,SKU#4034db804ab2f325a46c8c3d1a6c2d73,(665) 844-2557,twarren@cummings.net,"7732 Ryan Spring Suite 024 Villanuevaborough, IN 42394"
12/24/2016,Jessica,569.1,7,IID#1e19cf96277a6f54474ae3654037b6fe,Beasley,SKU#861326059a7e2bc74172c2fe8a841ba8,(760) 492-5290,jamesosborne@mendez-johnson.net,"9174 Osborn Forge Lake Todd, TN 54619"
12/26/2016,Roger,609.12,12,IID#f1275a4276d8f1588d073741694d9bce,Anderson,SKU#18532bc27a6d0133fd23067bef3f7e83,(595) 640-8441,tammypreston@yahoo.com,"897 Brown Shore Suite 743 Port Jasonport, NC 28911"
12/28/2016,Nathan,1063.8899999999999,9,IID#e47dff4e5afbc7c7683efd612a1b8bfc,Hamilton,SKU#c65115ef444af8b8a7c17d1b47136331,(099) 421-2592,ldonovan@guzman.com,"03047 Wesley Landing South Christopher, CA 16305"
01/07/2017,Daniel,2832.06,22,IID#6d5f0a9d7ea2b6c32edb8bdc096d9d72,Mcdonald,SKU#9adb218fe5fbdc211907c36cb81efefa,(664) 684-8587,lindsay83@yahoo.com,"USNV Rogers FPO AE 74033"
01/12/2017,Derek,2360.0,16,IID#6f0e5e8349563957fb454f2a4360c5e7,Dixon,SKU#bec4473fc43b77e28e60f89da4e29c00,(079) 025-8728,erinpreston@yahoo.com,"114 Alicia Parks Suite 545 Justinside, AK 33432"
01/13/2017,Michelle,2159.35,19,IID#20ed1cef8ee1bcaa87156af8798086b0,Lee,SKU#385bea3f7f645aa973e0f50400c25979,(098) 949-3710,johnsonkatherine@yahoo.com,"617 Heather Glens Suite 860 East Angela, ND 62064"
01/18/2017,Jeffery,1482.8999999999999,10,IID#196d4c3cd966507e25899d70fd794acc,Wade,SKU#fbaf48ec981a5eecdb57b929fdd426e8,(105) 425-6704,rellison@yahoo.com,"411 Christine Well North Jacobfort, OR 27008"
01/27/2017,Joseph,1680.79,17,IID#9f42c553f646179aff17f6d433da15f7,Marshall,SKU#b4b1cb3a3194e9d88e361273e66a1348,(791) 091-1784,michellemays@ayers.net,"78655 Williams Dam Apt. 830 New Justinhaven, RI 33595"
01/29/2017,Regina,1675.5900000000001,21,IID#f13cce2d17ec2d8529e80f92cda709b0,Clark,SKU#fd45e0b6af52af4341db1383cf2c627c,(972) 155-5578,mcbrideshannon@yahoo.com,"9914 Erica Square Johnsonshire, UT 45235"
02/04/2017,Joseph,3013.78,22,IID#06f2d7305d1eb23ace52fb982ba37d30,Flores,SKU#c39b7233fa0699b3cd333f9f0be738e4,(917) 130-7906,ileblanc@walters-alexander.biz,"12859 Antonio Shoal Perezfort, FL 94170"
02/16/2017,Nathan,823.14,17,IID#2f8ecedbf55128a02898ecd39895e0ec,Hamilton,SKU#be9a60d34f059d2adb8de94bcc620af6,(099) 421-2592,ldonovan@guzman.com,"03047 Wesley Landing South Christopher, CA 16305"
02/21/2017,Michelle,2228.82,22,IID#4413c14b3897f766ab438dbe15567d89,Higgins,SKU#b024a04198ed894b334178e411856122,(769) 061-8936,dmartinez@lopez.com,"714 Mindy Inlet Apt. 956 Port Vernonborough, NM 85033"
02/21/2017,William,1060.4,11,IID#0027b2b82b04086b444eeb765d2ea240,Oneill,SKU#6130cb9a0d04704aa199d1e67a7b528c,(542) 246-8861,garciaerica@hotmail.com,"USS Brown FPO AA 01970"
02/24/2017,Shane,1428.24,12,IID#376c9355bcacf35c5a68ea75967665e5,Briggs,SKU#38f4e73d8ddc59d241dcc3f503e56b22,(871) 246-9958,nguyensamantha@hall.com,"5186 Kemp Streets Apt. 987 Johnton, SC 70122"
03/02/2017,Jimmy,871.43,7,IID#fb7b63f88fcacd16ed93f3e94c926061,Garcia,SKU#ab9d8ef2ffa9145d6c325cefa41d5d4e,(924) 268-3179,matthew45@yahoo.com,"42574 Ball River New Donaldstad, VT 35867"
03/04/2017,Noah,775.0500000000001,15,IID#971a7dbd261c9dc889ef26d06a573242,Clark,SKU#946141e7eb0db0444844abd10ffec804,(827) 368-7999,kelly40@gmail.com,"8045 Phillips Plaza Suite 369 Timothyborough, FL 01671"
03/06/2017,Kelly,671.99,11,IID#0cf343cc189a8585849e46436315da84,Vargas,SKU#3855a48bda492173d92ea60e14af2730,(237) 824-2526,nprince@gmail.com,"29667 Allen Island Brianbury, HI 00893"
03/06/2017,Michael,874.0,23,IID#38cc1eb5a6b0c0d69ef9de5c4fe83901,Morse,SKU#811fcb5aa8ed5d192793ed0351858410,(727) 618-6794,russellemily@hotmail.com,"6743 Eaton Spur Suite 421 Port Daniel, GA 74600"
03/09/2017,David,1335.86,17,IID#e0faefee39e222fd2ab8e1a831891a6d,Kidd,SKU#8532d183833cfe73efad8eaaaf4bab92,(359) 478-9332,ecopeland@hotmail.com,"693 Joe Forks Apt. 941 East Kristenburgh, DC 32468"
03/21/2017,John,480.92,4,IID#9df4032f87a6498969f3cb4afb79e6c8,Smith,SKU#65cecfb980d72fde57d175d6ec1c3f64,(172) 701-9844,mariahryan@gmail.com,"40624 Gary Place Suite 414 East Michaelside, HI 02884"
03/23/2017,Kevin,524.0699999999999,9,IID#9c2d757bedd7effffb7abff0259b5dff,Sanders,SKU#dcf346fa83e19956e968b4d76e185ab1,(380) 294-3758,wendyjones@harris.biz,"793 Madison Lake Port Tylerbury, OK 08672"
03/24/2017,Stephen,2290.6800000000003,18,IID#9cc48cc21db9b06a22dd2c70b7e05ac5,Hudson,SKU#4b4201042e41e0a6e066614a9d7a0584,(454) 072-4106,reynoldshenry@juarez.com,"69189 Raymond Views Shannonburgh, CA 03674"
03/26/2017,Ashley,652.85,11,IID#001f4e539e66706c78f6a4932fea8549,Gill,SKU#5360ef677082dfe564ef95512b89995a,(498) 593-7850,csanchez@wheeler-ramirez.org,"65289 Vaughan Points East William, UT 37274"
03/28/2017,Laura,1586.8799999999999,18,IID#eede3a9f516468930e1ded8b4cc08c85,Hayes,SKU#b259e6ea164c6e479eec45c80772e515,(994) 998-8565,michaeldyer@lee.com,"901 Todd Wall Aliciaberg, OR 12471"
03/28/2017,Matthew,2981.16,18,IID#82a698d2e2f1f094867a97d96d04480a,Zimmerman,SKU#9adddd55865dc2c75e2e191c84de5979,(092) 542-7948,mindyguerrero@jimenez-simmons.com,"851 Terry Station Apt. 493 South Kelly, VA 79467"
03/30/2017,Kathleen,1046.3,10,IID#10c973b8b198be0a0473e7bb73469563,Miller,SKU#e998be3d3bb15661763e4ff1e1c9a3e7,(303) 748-4341,erica08@walker-fernandez.com,"07034 Jones Corner Janetmouth, NC 75831"
03/31/2017,Vickie,3348.05,29,IID#8709cd8cac42555b585a1928437cd391,Mckenzie,SKU#2c37f212012917a7a9a6410ebba1f27b,(902) 150-2292,stacy55@yahoo.com,"079 Joseph Fork Suite 463 Jeffreyburgh, FL 28806"
04/11/2017,Nathaniel,2804.94,18,IID#dd4a8cf3eb0ccb8d34a080bfea0c9bfd,Thomas,SKU#f129cbd00a7078a50655d1145feac97b,(786) 875-7099,mckenzie07@miller.com,"653 Bryant Forest Yvonnefort, MT 99240"
04/11/2017,Bryan,1479.92,13,IID#af1d9a90d3ac57b5fa1a71ca9521e1a7,Young,SKU#835977829ed7e5d4eda983e33dc7868e,(678) 945-6578,gonzalezteresa@gmail.com,"300 Rivera Roads Apt. 007 Vincentville, NC 19516"
04/12/2017,Mary,2123.2,20,IID#5401451554cdc3c03d150a1452ae79f4,Fitzgerald,SKU#2a78f84427d1d591409740722e60d793,(595) 887-9834,watersmichael@summers.com,"663 Autumn Fork Suite 529 East Nataliehaven, CO 07609"
04/12/2017,Michelle,1987.44,13,IID#014594d42b57a8047725bc6918f05d53,Mejia,SKU#27f4380737c6edbfc219e4bc35bc95a9,(918) 616-9579,bmcguire@yahoo.com,"022 Daniel Groves South Lauren, NJ 51444"
04/17/2017,Theresa,1587.83,19,IID#0b3392966a41fe81dedd290c53d93d1f,Smith,SKU#64fab0277e9b50a6b157b1360d4b6836,(700) 489-2609,zmay@salazar-wilson.com,"645 Figueroa Trace West Luke, DC 77767"
04/20/2017,Tamara,2045.34,18,IID#fbadf9cd49695ec2231ea1b43f0081f1,Garcia,SKU#04dbc66d8e4559769bb38a92cd6f7d9d,(930) 398-0837,mirandakaufman@gmail.com,"32745 Jones Valleys West Christopher, TX 01496"
04/23/2017,Regina,1140.0,19,IID#9324c121755cfb13ad7486ed638c3300,Clark,SKU#0aa29904a5fe988a41cc1b680e4d7b77,(972) 155-5578,mcbrideshannon@yahoo.com,"9914 Erica Square Johnsonshire, UT 45235"
04/28/2017,Renee,1750.42,14,IID#1d4765161bcb4b4d0d0823b58522d606,Brown,SKU#01b53ab60d1307f1db2f793377d3af08,(316) 080-5941,davidlyons@wilson.info,"Unit 2587 Box 0017 DPO AA 80150"
04/29/2017,Chad,1881.4899999999998,13,IID#5a41c0c137c981d9fd93d4911f3028b7,Morris,SKU#0188bed9647ab3c0f81dc3e4b5589baa,(171) 601-2668,michaelbrown@yahoo.com,"70383 Heather Mills Suite 441 Morenochester, NV 12346"
05/04/2017,Heidi,1740.12,17,IID#879253b3aa5c300c2b75c8c4fd8933ef,Sparks,SKU#80bda6f948a1289beefa36d2ba38194d,(656) 589-1325,rojaseric@wilson.com,"4677 Hernandez Extensions Lopezview, WI 94443"
05/15/2017,Paige,3117.2000000000003,20,IID#acb1c86f6577f946e80fcbc76e424710,Lee,SKU#91e913c8353cd64e9a401b93b1071e15,(776) 016-8862,carriejensen@boyer.com,"011 Jackson Gateway West Kylie, NH 41433"
05/23/2017,Natalie,729.6,19,IID#aa59580cb82e7be4e93ce40005e62d01,King,SKU#7d55ee3cd459ee3c66cf971fcbffeb10,(134) 490-3978,munozamy@miller.biz,"88515 Lori Square Suite 967 Karenland, MT 53094"
05/29/2017,David,398.31,17,IID#db073bae3c39ae52ae6e7a7a79d39595,Kidd,SKU#4f6e98693c8493169c2fc6216447880f,(359) 478-9332,ecopeland@hotmail.com,"693 Joe Forks Apt. 941 East Kristenburgh, DC 32468"
05/29/2017,Vincent,728.4200000000001,14,IID#c7f45da76e137a2e9f3250de089ff0fc,Sharp,SKU#e1666b23e76e17ab3c06e318adb7d113,(238) 937-8664,perryann@hotmail.com,"3999 Martin Circle Fernandezburgh, TN 63280"
06/16/2017,Jesse,1465.23,13,IID#6246eb45a1d37ad33b14758686162403,Miller,SKU#fc91658bb81ea407fd37a59d65f0d86e,(780) 180-8394,karenbrown@bass-rogers.org,"32343 Ramsey Cove Apt. 192 Port Tinaport, ID 94978"
06/20/2017,Dr.,3349.5,21,IID#fe6333150c017b0e5a3883d27b16bb1e,Caleb,SKU#e7b188938a141c90dda76cc258c01f8b,(722) 569-6735,smithtracy@yahoo.com,"05519 Le Port Apt. 195 Davidhaven, TX 73974"
06/20/2017,Natalie,2009.12,16,IID#eb6ce4071899ab6f28306ed09a929df5,King,SKU#88a4ef65b666e053c28c9e023d8579f5,(134) 490-3978,munozamy@miller.biz,"88515 Lori Square Suite 967 Karenland, MT 53094"
06/23/2017,Carlos,1149.88,19,IID#27a7cea3afd62bfea06b8b60dc12d4fa,Young,SKU#8a77e487095b9fc40c2ed1dfbb422892,(006) 397-3773,kathleen86@kennedy.com,"5261 David Cape South James, UT 50267"
06/27/2017,Shannon,1887.76,14,IID#df475be189b551f1412d42a50bcd9303,Johnston,SKU#884bb48a55da67b4812805cb8905277d,(218) 042-0005,emily65@evans.biz,"064 Hernandez Roads New Toddville, TN 56501"
07/07/2017,Marcus,2433.8599999999997,23,IID#3aeeebcff6973f89198b00d666a2aea7,Johnson,SKU#ab97b3f446a250a1a4837ef471084348,(136) 417-4607,griffinmichelle@gmail.com,"42878 Jesus Parks Suite 184 Dustinshire, AL 76355"
07/12/2017,Kenneth,1507.22,17,IID#a9c1e048ff0444dcbae8383c21fb14da,Collins,SKU#9498994000875ab9ff9f8bd5d33ce271,(695) 905-2034,xarcher@hotmail.com,"62898 Howard Gardens East Cynthia, MS 18245"
07/16/2017,Kathleen,374.88,16,IID#e2e002f8fb0e78f5989a2ff633e348a9,Gonzalez,SKU#4f6e98693c8493169c2fc6216447880f,(627) 120-8293,ksherman@hotmail.com,"Unit 9410 Box 1345 DPO AA 77284"
07/19/2017,Brandon,998.76,14,IID#d6efa3a7dfbea19c197bab665a448d48,Murphy,SKU#0c0753b0057a2f8db2ff040d916b016d,(995) 688-0725,melissaodom@johnson.info,"Unit 7605 Box 3721 DPO AE 31342"
07/31/2017,Tara,1593.12,16,IID#786808903b34008e7358bb09ce3af926,Walters,SKU#1a6514b5e65eeab78790c78c5cdd5953,(666) 622-7052,brian04@hotmail.com,"308 Farmer Cape East Leviview, VT 65753"
08/03/2017,Diamond,434.72,16,IID#e85c7b6fdb826fcc947e5cc95fea6a7b,Carter,SKU#a00c4336b61933a3b7eed1304d15427c,(029) 854-0340,tyler10@hicks.com,"6044 Robertson Streets Michaelmouth, ME 29438"
08/07/2017,Samantha,587.68,16,IID#c2f3fe5b98a56cc0e20c4976799e127e,Hale,SKU#ca9c491ac66b2c62500882e93f3719a8,(422) 299-9150,johngomez@hotmail.com,"7374 Linda Crescent Apt. 165 Markmouth, AK 83542"
08/08/2017,Matthew,2022.7399999999998,19,IID#b3392233ec3f96fd184e30429b107ace,Scott,SKU#f9aebae314ac2eadd56e1d9fa1d122f0,(776) 058-1145,john36@hall.com,"199 Mason View Suite 539 Brandonbury, OH 37209"
08/09/2017,Stephanie,853.92,16,IID#b9af1a33c5a8828a13a17b7b967c4cd8,Lam,SKU#3861facee9efc127e340387f1936b8fb,(890) 712-0545,jheath@arnold-koch.com,"2724 Gabrielle Stream Apt. 812 Port Alexanderland, IA 75952"
08/12/2017,Michael,1561.96,17,IID#743ad73d945b3074141d632622705d4d,Gregory,SKU#73317996ab3c253c043aecb299357229,(517) 796-3421,akline@yahoo.com,"USNS Nicholson FPO AA 26639"
08/20/2017,Chris,1463.04,24,IID#380f29c0ff2657f319e55a404f08759c,Franklin,SKU#6ac0a150c33a548595395c755a7ebba4,(305) 134-5120,julielarsen@yahoo.com,"59810 Jessica Dale Apt. 948 Spencemouth, MS 64678"
08/21/2017,Stacie,987.1500000000001,15,IID#f8ace8f250f8f865a13ed507717605bc,Keller,SKU#b1a232021c419a0243f14b3163dd4487,(971) 299-5859,kellyrobertson@gmail.com,"USS Parker FPO AP 88165"
08/29/2017,Joshua,1363.44,12,IID#0ece0365f13813312aac0fc9f0391a8d,Smith,SKU#e6ff7f3f04b9305cf28b21c5d08ef1e5,(939) 291-7616,brian54@yahoo.com,"0657 James Road Suite 521 Mccoyton, DE 22447"
09/01/2017,Robert,2637.25,25,IID#926c28d1dac26368c9abc5ef47d1c0a4,Bush,SKU#922e8babe37c749c0886a5fff0bec7a0,(984) 794-1064,matthewdorsey@gmail.com,"PSC 0089, Box 4172 APO AA 54372"
09/01/2017,Wendy,1619.55,15,IID#8aae3b0e2a2f377a82d9bafab0d0a90e,Hernandez,SKU#ea520dfad40b4e1c1c6a749d82e4a2c1,(536) 635-0044,chamberserik@hotmail.com,"3790 Melissa Hollow Rayton, WI 52224"
09/04/2017,Gabrielle,1560.0,15,IID#81478d4652442bf08eaec1deb2fa5e8e,Combs,SKU#c1f4483271dd550a418a1b55bf3c3ae0,(291) 196-5931,williamsutton@yahoo.com,"USNS Shields FPO AP 79312"
09/05/2017,David,718.92,9,IID#b0205c7ad1a230ff80ce8809c29011b3,Simpson,SKU#21ff8fd6ed7dd5c42ceac626bb9798cf,(018) 800-5183,courtneymclaughlin@yahoo.com,"723 Timothy Lights Susanshire, HI 41731"
09/06/2017,Caroline,1058.24,16,IID#c59e2c7c49981b57f359c0722d8be532,Cross,SKU#169c7a31eb0d6b96e4eae21bec189582,(938) 525-5824,melissa14@hotmail.com,"719 French Circle Parkerland, NH 55459"
09/16/2017,Julie,2581.28,17,IID#27252c356e7bb9973c432e6134b37a0e,Phillips,SKU#3953612797c9f3cee3a12e0774ccc984,(547) 474-6420,ronald05@gmail.com,"USCGC Fernandez FPO AE 56978"
09/26/2017,Jeremy,379.92,12,IID#26869ff5b26264e6685c646f787d03d4,Parker,SKU#0a1dfc18c8c8381f05f8ad9d2b4509b5,(488) 723-8325,ugreene@gmail.com,"4061 Smith Loop Suite 174 Klineborough, NV 16878"
10/03/2017,John,758.52,9,IID#eac4006b588177b4196a2f7de966164d,Johnson,SKU#345f88ce26c8fc82bc36f330303c1068,(658) 379-0604,victoria18@morris.com,"903 Roberts Court Apt. 032 West Raven, PA 43529"
10/03/2017,Craig,1143.25,17,IID#bff459f719c3009e6e0e3b861a9e30d3,Mullen,SKU#fc0bc7885ad356801903e7f9e01fba4c,(535) 113-1689,bryan59@white.com,"66509 Jason Tunnel Suite 591 Payneton, NH 18424"
10/06/2017,Christina,1600.7400000000002,18,IID#827be53f14884c0a9da54c53f9b21a09,Lin,SKU#b8f9731d34c384285638adb599028f86,(640) 098-1865,briggsjustin@lester.com,"800 Smith Plaza Suite 214 North Diane, NC 67687"
10/16/2017,Kaitlyn,1461.04,14,IID#b2431c58d851019f379001027924b99c,Bonilla,SKU#a27770954f1e6caf5875ab6ea6c4bfb5,(045) 851-5992,davidharris@hotmail.com,"492 Ian Wells Apt. 903 Grosshaven, TN 63670"
10/17/2017,Donna,748.6200000000001,9,IID#124f686ff5c157577e6024f9af53671a,Warner,SKU#f679f386067f41d85d54dd9d53f46e62,(059) 638-4103,afreeman@hughes.com,"Unit 1851 Box 1057 DPO AP 27113"
10/20/2017,Tiffany,1351.8000000000002,12,IID#acb4c16e87aa63e8844991fb4cedb11e,Thompson,SKU#d3681483d7d18fc19f3454d122ce2e4b,(330) 251-9668,matthewlee@castaneda.com,"9792 Alexander Station Apt. 582 Lake Tommyton, IL 49349"
10/21/2017,Joseph,613.2,5,IID#6fa75e63c21b2f1f72604a9954262a11,Marshall,SKU#7ec690b9bbbb7ed4aded30cfc17ef546,(791) 091-1784,michellemays@ayers.net,"78655 Williams Dam Apt. 830 New Justinhaven, RI 33595"
10/22/2017,Elizabeth,481.8,20,IID#679cdbb8fe0fb49c24d93a16c1c13958,Hines,SKU#aa5cc31a55a17c79fa3ccc1266d6f0ad,(683) 303-9454,mmoore@warner-leon.com,"505 Pamela Ports Apt. 634 Williamsmouth, AK 44126"
10/24/2017,James,809.28,18,IID#5f4dfe5b287fea6cb8478380f31a7f89,House,SKU#a4bd1877f0712efcc681d33d58777e55,(786) 932-1531,ipayne@gmail.com,"77678 Thomas Alley Apt. 471 Lake William, IA 27451"
10/24/2017,Brandon,2118.72,16,IID#1fdadb053f5f29df04198a1041274616,Wilson,SKU#e2a482a3896964675811dba0bfde2f0b,(183) 922-0808,christopherspencer@hotmail.com,"333 Brian Camp Apt. 582 Cynthiaton, SC 68062"
10/25/2017,Derek,2347.7,17,IID#dcc14d4accb94c9e7a99d3daf8af1a8c,Davenport,SKU#29003687900cad69c06a7907f2738e79,(040) 046-0992,jdaugherty@gmail.com,"8136 Leblanc Place East Dawnstad, WA 88747"
10/26/2017,John,483.46999999999997,13,IID#8623dec7d3c3e3957c6c8e17b19b1332,Dominguez,SKU#09ae7e40dd3c3cbdfa2304654014be6b,(667) 432-8084,ibowers@hotmail.com,"1632 Richard Bridge North Rebecca, MS 43470"
10/28/2017,Jessica,1245.45,23,IID#584c074b8b42fc7a5547d1858781133a,Barnes,SKU#685fa71c2a5da989cb57c7150484805a,(846) 855-0891,sean31@hotmail.com,"25444 Bennett Cape Gordonport, IA 64231"
10/29/2017,Gloria,1914.08,14,IID#1a3ee53ade68a08fd60c83217afca352,Peterson,SKU#f3a534d52e3fe0c7a85b30ca00ca7424,(428) 781-7578,hcarlson@gmail.com,"065 Robert Junctions South Gabriellachester, SD 04589"
11/05/2017,Michelle,1363.8000000000002,12,IID#815cca69af3e85c7f978a530c75e9c4b,Lee,SKU#385bea3f7f645aa973e0f50400c25979,(098) 949-3710,johnsonkatherine@yahoo.com,"617 Heather Glens Suite 860 East Angela, ND 62064"
11/12/2017,Nathan,2319.84,18,IID#498bfdc07a8e74414448050af8c33625,Mack,SKU#3c4d7919cbd17dcd366fa5c05fca42da,(651) 117-4804,drewphillips@hernandez-taylor.com,"57847 Colon Path Port Angelica, MT 42701"
11/13/2017,Anthony,281.21999999999997,6,IID#058fed1971461589f89882746b62957c,Nash,SKU#aed5961c4113ee9f2b80fdd169aec412,(490) 236-4683,rdavis@johnson.org,"6169 Andrew Isle Apt. 591 New Mark, UT 59086"
11/13/2017,Samuel,832.93,7,IID#a3c157faa9c7027af669fdf04451d270,Diaz,SKU#301657e2669b4c76979a15f801cc2adf,(248) 009-1247,tylergordon@yahoo.com,"5384 Watson Turnpike Suite 110 West Ashley, NC 57636"
11/13/2017,David,630.04,19,IID#4ffc14d2553e48ed4ffd13efde6e5e49,Rodgers,SKU#174dd930129aabe1739c4ceb4aee97b8,(238) 005-4408,cheryl17@yahoo.com,"3300 Reynolds Motorway Apt. 387 Foxmouth, MT 78301"
11/20/2017,Ryan,686.56,16,IID#dcb516757c35ba45fe322c011ec41225,Burke,SKU#d8b90f204f012b6fefa4fd49635d851b,(704) 660-9831,kathleen39@gmail.com,"278 Patty Heights South Thomas, HI 31749"
11/21/2017,Stephanie,2119.35,15,IID#f0c60a623c813410d4a087e6b9057b08,Adams,SKU#6df206f493cd799de3658973c3770b29,(755) 283-4722,spearsrichard@martin.biz,"363 Linda Mission Apt. 030 Gutierrezborough, NM 99606"
11/22/2017,Steven,433.68,8,IID#e27635202b3ac3733b34b4fecf18ecc3,Perez,SKU#305ed0cbcf4945a9a48dd0c51c0b6226,(545) 294-8792,randy85@rodriguez.org,"Unit 5207 Box 3925 DPO AA 73469"
11/22/2017,Luke,710.25,15,IID#69dee0c1be29142cab3668d808a0500b,Arnold,SKU#b2d9d5b06c044b2b0e6ecb4e66d28f1d,(089) 210-2271,cbryant@hotmail.com,"267 Katie Mall Suite 774 West Lisafurt, OK 04260"
11/25/2017,Nathaniel,1162.6499999999999,23,IID#2b0832ce546028c093388f1dda1eae8f,Brown,SKU#a63c90cc3684ad8b0a2176a6a8fe9005,(363) 971-5011,milleralexander@johnson.net,"53490 Bender Pass Port Johnborough, MT 51933"
11/28/2017,Michael,2886.8,20,IID#bdb760690a75b6c683e695c97bce2735,Galvan,SKU#4475f8fd1ea7e8a5d8fd14b519b1c23c,(267) 247-0958,adamsjared@carter.biz,"7599 Torres Port Taraborough, UT 72400"
11/28/2017,Kimberly,1121.95,19,IID#9f8bb5398acd555065e12a321cef73ad,Jones,SKU#e2b1e53f26985bc0bc2a99c7d107a1d1,(875) 536-2664,ericsalazar@cole.com,"556 Jackson Squares Markside, ND 93989"
11/28/2017,Barbara,2372.4,18,IID#1f6d11d2dfc37ae0bd3cc6c99363a9fa,White,SKU#385592b8ece89d5bb6c8ff79b132c562,(816) 560-6044,carrienelson@baxter-estrada.com,"67439 Michael Village Apt. 443 Joelside, NV 56665"
11/30/2017,Amy,487.89,9,IID#bbec8995ca956c79dd428f0add8a292f,Morgan,SKU#305ed0cbcf4945a9a48dd0c51c0b6226,(467) 719-1083,gabrielle16@hotmail.com,"07534 Christopher Roads Amandaview, MS 07047"
12/01/2017,Erica,1778.03,17,IID#541eff2e5b4563f69be451e51ff5ecc1,Wilson,SKU#071f4ede403a0a53ff2948a95ecbaace,(684) 988-0518,rbeard@gray.com,"122 Michele Light Lake Steven, NV 57490"
12/02/2017,Emily,2768.6000000000004,20,IID#8a9192f53c4ba1ce2133e4d641827436,Reed,SKU#e33688bb1ac37935479d2776e748674a,(100) 986-8688,morrisonjohn@blankenship.com,"22734 Massey Underpass Apt. 835 Port Anthony, DE 59601"
12/03/2017,Rachel,617.3100000000001,9,IID#23890095e86c59aecbe5dcfc8ef8a70e,Jackson,SKU#5363c96604a0db55e0fafc787385e36b,(986) 011-0628,carpenterkathleen@duncan.com,"8377 Bartlett Light Apt. 392 Bryantside, OR 80578"
12/06/2017,Kevin,1927.6599999999999,14,IID#0d6a66ac67e1bfd934802792d6e89f43,Sanders,SKU#9ce3b1ec053bb5a3b04ce82abafa835f,(380) 294-3758,wendyjones@harris.biz,"793 Madison Lake Port Tylerbury, OK 08672"
12/08/2017,Laura,1442.1,11,IID#60b7d7b58ba4dbe9298148f3f719c823,Lewis,SKU#1dd69f505b6b0a993b58a03ae51ada0c,(379) 154-6000,gabriellaelliott@alexander-wood.com,"USCGC Ortiz FPO AP 37483"
12/18/2017,Donna,1247.5,10,IID#1ae0e8da6d8b4f239f4ebcfdd8a74b68,Mitchell,SKU#5db52bfcf09a4b856640213f02b081ef,(141) 272-1647,andrewjackson@campbell-gonzalez.com,"19198 Alvarez Glens Beanview, AK 01681"
12/19/2017,Jasmin,2944.4,20,IID#85350f75a30cfdb92f294f36231f3086,Conner,SKU#02bb51ad32f9e8b994209161b275d5f5,(521) 942-9702,herrerajames@sanders-long.org,"59703 Yates Forge Port Anthony, TX 28923"
12/26/2017,Rhonda,823.03,13,IID#0ac7400f6707f5490243dc6f33abefcb,Rhodes,SKU#e5f8288470cf8bd14097505081e6341f,(860) 985-0833,joneswendy@davis-nichols.org,"7689 Douglas Inlet Suite 993 Anthonyport, UT 43024"
12/27/2017,Eric,1830.22,17,IID#c6e75486c960d8f317896ede8535cbf3,Wilson,SKU#c31dfcf948d8fbaffb2fc39e18001ea1,(333) 587-7136,qshah@gmail.com,"417 Sarah Courts Suite 927 Rebekahview, KS 46502"
12/29/2017,Raymond,534.96,18,IID#32132e6a09a9e0968e26d672d822b784,Russell,SKU#55b53f1413edc16c71b2ed8377f7cebf,(065) 541-8369,kristinfleming@hernandez.org,"704 Love Manors West Nicholas, DE 03988"
01/06/2018,Emily,1871.1000000000001,18,IID#8302ad6b177be1118122f10679e9c09b,Reed,SKU#2319ac34f4848755a639fd524038dfd3,(100) 986-8688,morrisonjohn@blankenship.com,"22734 Massey Underpass Apt. 835 Port Anthony, DE 59601"
01/17/2018,Stephen,603.9,9,IID#49e1fa1082439b8a58e33f8c47bfa54e,Berry,SKU#6d6746c8f9b9a672e1dddfbba370b679,(778) 567-8048,stapia@morales-robinson.com,"PSC 7384, Box 7666 APO AP 68971"
01/21/2018,Jordan,1384.3000000000002,10,IID#9b24d7ea8d22241b69bf657cb50dc0a6,Clark,SKU#e33688bb1ac37935479d2776e748674a,(258) 810-7007,iingram@hotmail.com,"591 Rodriguez Mountains Apt. 039 Christinebury, FL 62696"
01/23/2018,Joanna,1618.24,16,IID#ad4e2a86a10f7f2eb48ae667fa47257b,Flores,SKU#60277079fca3996d910efdfa812dac81,(223) 998-3440,chadjohnson@gmail.com,"8757 Lowery Mountain Suite 581 Mooreburgh, OR 60118"
01/28/2018,Don,1291.05,15,IID#090be6b1113c642877a9c8191e92a22f,Thompson,SKU#a5b789490e210929d6f33c8547e6c457,(612) 039-7219,watsoncody@hotmail.com,"021 Monroe Plain Suite 058 Larryton, HI 48480"
01/31/2018,Michelle,1224.6000000000001,13,IID#e36d53a8a5f0f74bd51cccdb9624416b,Mejia,SKU#d3fedce0593b389ea95e2f0abb26a14d,(918) 616-9579,bmcguire@yahoo.com,"022 Daniel Groves South Lauren, NJ 51444"
02/05/2018,Tina,1536.3,15,IID#4213ad09f1728838c4350964570e4be5,Shepard,SKU#9e292e386b7cebd21e02ad51f7ace213,(323) 092-0333,gabriellemunoz@hotmail.com,"254 James Junctions Apt. 724 Port Brian, NY 49943"
02/12/2018,Juan,889.57,11,IID#4b91d33d38df9b69037a07fbb5d7d6fb,Garcia,SKU#0b867e53c1d233ce9fe49d54549a2323,(955) 035-2607,qmcfarland@bell.info,"445 Duarte Village New Thomas, AL 94717"
02/13/2018,Melissa,801.5999999999999,12,IID#2ad741de92341421eee158a085b7e157,Taylor,SKU#a7e867cf39a53ef26a70614e2830b90c,(012) 415-8052,lowerypaul@yahoo.com,"73512 Richards Orchard New Seth, VA 25814"
02/15/2018,Adam,2144.0,20,IID#c8c7d40b975f3d42b218771e9f95e213,Johnson,SKU#a2c8b5101a5b7c68aaf82e8c71da8c1a,(135) 220-1298,palmercatherine@matthews-navarro.info,"452 Lisa Village Stevenfort, KS 25533"
02/17/2018,Jamie,1196.3,10,IID#0d014e4c4d057f175d7a315928002a8e,Cole,SKU#6e36ba0fe61f7c6334305d61299c04cf,(361) 934-2627,christophermckee@hotmail.com,"764 Johnson Center Suite 498 Nicholasview, IA 86278"
02/19/2018,Michael,1807.4699999999998,21,IID#a7bd2bdc7359935358ed79c74200ea76,Myers,SKU#a5b789490e210929d6f33c8547e6c457,(047) 524-4621,smithcynthia@hotmail.com,"817 Jennifer Stravenue East Timothy, MD 22465"
03/06/2018,Linda,1155.63,21,IID#65c7505806e4c55b4bf5195bd15e9e1b,Kennedy,SKU#b1fec41621e338896e2d26f232a6b006,(377) 321-1665,montoyakelly@smith-wilson.com,"7516 Carrie Fork Fosterport, MD 12943"
03/06/2018,Tina,734.35,19,IID#f372ed4e549b8541b7b514799ac15b02,Nichols,SKU#3ec27034eb407f4e005c159122e327fa,(217) 443-6390,brian69@hotmail.com,"46585 Douglas Port Andrewfort, CT 02095"
03/07/2018,Jason,2622.06,18,IID#2e489dbfe715182596032596b2385c8d,Bowman,SKU#c5a8fa007135596d5e1b0181c33eddc4,(477) 033-6169,gregoryleslie@smith.biz,"753 Nguyen Valley Garciachester, WA 45342"
03/07/2018,Michael,1647.36,13,IID#1eb7f89c4c1f51157967187dc11f9453,Cox,SKU#25a495be8250cc90b02a483e82df99c6,(986) 357-9896,hannah67@weaver.com,"8071 Jeremy Skyway Suite 019 South Troy, UT 57810"
03/09/2018,Christy,1506.84,12,IID#c4003e61891c17ff83807d4df7e576c1,Fry,SKU#88a4ef65b666e053c28c9e023d8579f5,(908) 537-3645,jenniferwest@anderson-lewis.net,"8049 Kimberly Plains Suite 814 North Victoria, NJ 49250"
03/14/2018,Sean,2294.46,18,IID#85eb5a677af36eed1d5d8a19c0d230f1,Fuentes,SKU#5fcfa8adf29eda71e622d3242e753a65,(529) 365-6325,vdavis@hotmail.com,"09262 Clark Road Port Jacob, NE 85482"
03/14/2018,James,1417.0800000000002,21,IID#bfde6207da269d1f48083fe991d1cf43,Farrell,SKU#4081915d3c4916b6ccc35b6943175e1f,(031) 504-6544,simpsonstephanie@parker-kelly.com,"4977 Duncan Route Caitlynview, IA 03919"
03/17/2018,Erica,1407.75,15,IID#26f4fe1f485792c7c454b37403dd2161,Conrad,SKU#bbba4c1a20f4f2868946f3bc6e2cfd83,(966) 647-7757,tonya35@russell.com,"00006 Stephanie Hill North Carol, ID 90483"
03/18/2018,Pamela,1469.78,13,IID#5b6f03d690bc441c785d93a5ef1aada9,Carpenter,SKU#83e0cba63de0511e1f933e9a662afaaa,(031) 094-0083,amanda83@castillo-benitez.com,"4873 Melissa Valley West Darryltown, ID 58989"
03/21/2018,Francisco,1502.8,20,IID#b2e3724ba87d0a7d2e89d2a76192f648,Hart,SKU#7328cf46ef5c72397dbe083a40bc131d,(538) 647-0243,jwatson@thompson.org,"7682 Michael Drive Tracymouth, OK 04761"
03/24/2018,Chelsea,1863.54,18,IID#3d8e6e024072e6efad09a66c5bb30639,Peterson,SKU#bfd4f3f518d771ed1e163a74360c8782,(418) 059-6228,gilesjoshua@yahoo.com,"8063 Ashley Street Port Kelsey, NV 45689"
03/25/2018,Sheila,1070.16,12,IID#8beb3e5065c7ab230cefab91271abaca,Berg,SKU#6cc45e0c18bfee68dc63d2d31524f9c5,(927) 693-0336,scott09@wallace.com,"26762 Travis Extension Suite 209 New Anna, SD 74688"
03/26/2018,John,2290.41,17,IID#1d82b24e9d40d3dc43699b5c2e75b272,Willis,SKU#e5b0327c41376ef19fc5edc9152529d0,(552) 358-8046,nicoledennis@kelly.com,"672 Brian Path Perrymouth, SD 89348"
03/26/2018,Michael,1310.6599999999999,13,IID#bf336d24abf5f9237ddc758202b18a24,Myers,SKU#bb5e3d4ca343bd970eb03674b015b9c5,(047) 524-4621,smithcynthia@hotmail.com,"817 Jennifer Stravenue East Timothy, MD 22465"
03/27/2018,Bob,2565.1899999999996,19,IID#958fab4891a2a89dd61833abbdd1c569,Benson,SKU#222f7d881ded1871724a1b9a1cb94247,(768) 246-5507,marcusfowler@clark-evans.com,"99075 Fox Hollow Suite 115 Dawnstad, NH 53299"
04/01/2018,Austin,609.31,13,IID#e1e2c6b464dac34c6f093e5d2203c9c4,Gonzalez,SKU#aed5961c4113ee9f2b80fdd169aec412,(644) 201-4523,eric08@yahoo.com,"2858 Jamie Ford Suite 225 West Victoria, TX 57326"
04/04/2018,Susan,2822.16,24,IID#abe4d41a8c184fefdf051ae19af2216e,Cook,SKU#862dec5c27142824a394bc6464928f48,(223) 098-6261,ccurtis@foley.org,"76099 Rivers Mills Apt. 829 Jenniferville, TN 71948"
04/10/2018,Benjamin,1333.44,24,IID#7b74e32e25531a4fb524c5c6d0ba6f47,Wright,SKU#d41d8cd98f00b204e9800998ecf8427e,(461) 200-7360,holly73@dominguez-williams.biz,"1374 Elijah Branch Suite 965 North Jennifer, OK 16963"
04/20/2018,Anthony,910.4399999999999,18,IID#d8f4474230801c73f2550a413f1369dc,Lane,SKU#5154ac663d45cfaf699056fe8cdd3085,(928) 611-1823,rmartin@allen.biz,"448 Timothy Port Apt. 602 Mariatown, OK 20301"
04/24/2018,Terry,1866.5400000000002,13,IID#749ac3eaa641fffdc32bdfe024ebc76f,Brown,SKU#fb3c6492a06de877a1137af9b2e852d7,(506) 298-1297,torresbradley@yahoo.com,"1589 Howard Landing South Rubenfurt, MT 99012"
04/24/2018,Sheila,560.08,8,IID#0bdcf8c9fe4993a9162caad26a5e3493,Berg,SKU#aa05044356e8e196bac7ada1f2a4778f,(927) 693-0336,scott09@wallace.com,"26762 Travis Extension Suite 209 New Anna, SD 74688"
04/30/2018,Albert,652.48,16,IID#871e942e2bc5facdff75d77432c553d2,Palmer,SKU#e2f00d570092fdbb8696d63e3d4d0fdb,(391) 154-1653,derrick21@holmes.info,"483 Sullivan Summit Myersburgh, WI 46578"
05/05/2018,Brooke,929.79,9,IID#af85af01f289614e37b1471d5803b107,Allen,SKU#402ffe63deabe286f6c3895b574fa973,(262) 392-4989,stevenmartinez@gmail.com,"USCGC Mccarthy FPO AP 05658"
05/07/2018,Richard,2722.86,18,IID#f1dc31af3f4110bb62e15ee5d6d37812,Myers,SKU#598e2e96502a47ec48ae6554d07960f8,(800) 957-0416,fgreen@brown-wright.net,"28721 Mendez Key Suite 897 North Wayneview, OR 02681"
05/07/2018,Christopher,1471.52,17,IID#d4af171859ee8e0d5a2827e4771e2128,Cameron,SKU#0820cd00c0563f5673ad6198c7c29a1c,(387) 934-8682,hgreene@brown.biz,"478 Henry Shores Lake Donnaborough, DC 90011"
05/10/2018,Robert,1650.18,21,IID#8c60a74b76e4491edbd46c678163a226,Stuart,SKU#8532d183833cfe73efad8eaaaf4bab92,(326) 928-3561,mezakathleen@stephens-ayala.com,"545 Williams Mills Suite 636 Davenportfort, DC 37051"
05/18/2018,Sarah,2390.64,21,IID#7ef20f2683352694e6aa3404ff295f64,Martinez,SKU#835977829ed7e5d4eda983e33dc7868e,(526) 392-9872,jamescopeland@gmail.com,"517 Donald Villages Henryport, LA 67252"
05/19/2018,Brandon,1950.6,15,IID#e4a89a5ba596c0878937d7c53006fc59,Proctor,SKU#ac3b5a19643ee5816a1df17f2fadaae3,(240) 451-8198,hhanna@gonzales.biz,"05605 William Mews Apt. 625 Francoville, OR 50179"
05/21/2018,Renee,1543.96,11,IID#faf6db0064f2c91cad1c075dc3f7c2a2,Brown,SKU#36df9540a5ef4996a9737657e4a8929c,(316) 080-5941,davidlyons@wilson.info,"Unit 2587 Box 0017 DPO AA 80150"
05/21/2018,Laura,1605.65,17,IID#11fe77a9a84a85ce7204c94f17f888e8,Hancock,SKU#0498cfb8aae1383c049e8ccdd85f3abf,(248) 537-9871,joyjones@jacobs.com,"67791 Christopher Views Suite 151 Grimesport, MN 35467"
06/03/2018,Kenneth,2377.2,20,IID#15aec2fe61f515d5a6a36f3518f0e8e0,Edwards,SKU#65417194f6d766568524ce96d0511311,(975) 580-1724,jenniferjenkins@spencer.biz,"7650 Parsons Ranch South Frankville, KS 09836"
06/09/2018,Mr.,1819.84,16,IID#52520d164a47c52c3c18767a31f576aa,Evan,SKU#905a0b9a5456ee962223033473666be3,(355) 904-1995,ujohnson@yahoo.com,"917 Bill Port Apt. 077 Williamsview, CT 53707"
06/13/2018,Jesse,1432.8,15,IID#18eeae87b78f728b08268fff2243251f,Miller,SKU#3b8151acfb469ae41d3f0449058076e1,(780) 180-8394,karenbrown@bass-rogers.org,"32343 Ramsey Cove Apt. 192 Port Tinaport, ID 94978"
06/16/2018,Chad,2543.7599999999998,24,IID#a4b94686b9c32df285aaf34d8cd67e27,Kelly,SKU#ff9a2d3be0b1b401f5bbae30ab62a24d,(137) 106-2971,meghan19@cantrell.com,"PSC 2969, Box 0544 APO AA 81348"
06/17/2018,Elizabeth,458.72,16,IID#2de57d629243db204a3c06ff5ece77a2,Hines,SKU#a13e1ab1656bcae9dbe8983cbd4e770d,(683) 303-9454,mmoore@warner-leon.com,"505 Pamela Ports Apt. 634 Williamsmouth, AK 44126"
06/19/2018,William,1354.73,17,IID#8d47546386d410e8b5e42aa5efa2a6bc,Hoffman,SKU#d0439fd37b50bf9818f12d47dc2dea78,(906) 901-0294,kaitlin79@hotmail.com,"1145 Bush Forks Apt. 954 Laceyborough, NE 69673"
06/23/2018,Kim,2204.56,17,IID#0eb1326a783618f56a14fe1804092b61,Kent,SKU#a9235453f1fb672db828a673ed597d2e,(539) 296-2718,nguyenrobert@gmail.com,"01335 Bethany Mount Apt. 689 Port Joshua, NM 25277"
06/23/2018,Melissa,3851.2799999999997,24,IID#dd4003da05bfddfc3290779114238934,Hill,SKU#47902827723dc1c2429c912746e28ac9,(197) 477-6140,todd78@moore.biz,"33207 Jeffrey Gardens Suite 246 Abbottstad, KY 60471"
07/03/2018,Christine,413.46,6,IID#efb56674d9362f732face4bbcf753285,Oconnor,SKU#4d0b69927be3bc37da9b870cc65cb37f,(949) 803-2963,grahamvalerie@gmail.com,"81612 Samantha Springs Thorntonport, MI 79102"
07/14/2018,Luis,2218.24,16,IID#c8fc5d4c3dffe82ccaf13a7981ff63d1,Roberts,SKU#3f7323acc829bc8b3799148d439b3d47,(292) 960-3959,veronica97@gmail.com,"371 Kevin Villages Mooremouth, VA 25995"
07/16/2018,Katrina,899.6400000000001,21,IID#51c91f07018a144c3d14acafc808d4f1,Camacho,SKU#2c02751412cdd185c01b53630e4fb8d2,(617) 355-7336,devon62@wright-cherry.com,"66316 Jessica Wells Apt. 188 South Claudia, ND 19103"
07/27/2018,Kevin,2496.03,19,IID#5db51212abc973d11a25de0db9d6527a,Brown,SKU#2807924fc18c958c38a7004a5dbd4091,(397) 852-6898,kenneth59@phillips.com,"9999 Willis Burgs Apt. 680 Jeanbury, KS 53182"
07/31/2018,Steven,2205.24,17,IID#d940cca923b181919013911d6c845939,Preston,SKU#14cb043bce71e268d3afd06e6dd6e1fd,(469) 739-2596,opotter@franklin-parker.biz,"523 Crystal Isle Apt. 264 South Lindamouth, SD 21910"
08/03/2018,Joe,1068.21,9,IID#9b489aa7706b21e08c36c04203264153,Wright,SKU#117007deac01acfeab6f3aaf7c368467,(459) 846-0979,ellisolivia@hamilton-chambers.org,"358 Lewis Island Apt. 716 Roblesshire, NC 27638"
08/03/2018,Amber,1804.96,16,IID#a726b460e192dd1770160ddf0085862a,Morris,SKU#59bcafcabdd1f16e7b9889ee10dec858,(290) 203-2670,harristaylor@yahoo.com,"298 Kenneth Lodge Wesleyfurt, DC 53179"
08/05/2018,Don,1883.55,15,IID#cdcfdfdb3c4242eec5f3be5d130aecbc,Nelson,SKU#88a4ef65b666e053c28c9e023d8579f5,(005) 047-3719,dianephillips@russell.com,"PSC 7429, Box 2472 APO AE 60463"
08/05/2018,Mary,459.36,9,IID#b8e3649845f29848ef9da8c9951d2327,Cross,SKU#e7a69f31047ea716eb8a425fce4853b4,(623) 609-5513,holly33@stewart.com,"938 Evan Motorway Vasquezberg, AL 64627"
08/09/2018,Jeffrey,1960.0499999999997,15,IID#baf3a3a7e492166e2b539a51c23184c7,Hernandez,SKU#f37e03f74576c53fda5164837a5fae01,(192) 395-7742,jessicameyer@gilbert.com,"21934 Christina Ford Vanessaport, WI 25628"
08/12/2018,James,1540.95,15,IID#8166003df0b65482d824a734a4d61f5d,Ashley,SKU#f38284ed47516389c1d0d0369b7b56cf,(445) 165-5124,tammy31@yahoo.com,"97785 Miller Pines Suite 040 North Dean, IA 42713"
08/12/2018,Derek,1253.91,21,IID#65673bc42534178e0197db97fcc01688,Dixon,SKU#f536fbf78e26387affb82ee89943b870,(079) 025-8728,erinpreston@yahoo.com,"114 Alicia Parks Suite 545 Justinside, AK 33432"
08/17/2018,Lisa,2218.24,16,IID#f942b3b2e926c0540ea6c980ced51c34,Fleming,SKU#3f7323acc829bc8b3799148d439b3d47,(370) 716-1372,brandonmoore@hotmail.com,"19385 Crystal Ville South Dan, CO 30892"
08/18/2018,Pamela,1442.88,16,IID#94710152682567b2c5399d0ed267e6ee,Robles,SKU#1a7c3b4c28eb0673aa12037a2b9739f0,(809) 943-4744,andersontina@ritter.info,"USNS Bowman FPO AP 72606"
08/23/2018,Darlene,1473.4499999999998,11,IID#c9a9153d285607955dff81322cf21058,Bailey,SKU#05640f18f5c0807dd96697e31fc5d8ba,(150) 299-9588,mbecker@yahoo.com,"53024 Hamilton Flat Suite 137 Emilyport, AZ 46859"
08/27/2018,Mary,1154.72,8,IID#918ceb1cf502d3de092aeaeb36bd4f1f,Miller,SKU#4475f8fd1ea7e8a5d8fd14b519b1c23c,(046) 606-3189,nathangardner@bass.com,"152 Knight Radial Apt. 818 Bonnieborough, OR 54878"
08/29/2018,Charles,512.16,8,IID#a0d8fc6ceded8d035d077cee517c4957,Harris,SKU#23767199512e559bc0ad8c024ce107e5,(441) 513-6295,natalielynch@smith.net,"9376 Mueller Village Apt. 974 Latoyamouth, MT 24995"
08/31/2018,Nathaniel,2518.56,18,IID#7117a4eb05a16f0c4f6f39b7b1134b17,Thomas,SKU#120bc01b4688cadcaf28acca2edc6497,(786) 875-7099,mckenzie07@miller.com,"653 Bryant Forest Yvonnefort, MT 99240"
09/03/2018,David,1592.36,14,IID#8d353eb40d49d96346bb322f3170bf91,Banks,SKU#905a0b9a5456ee962223033473666be3,(627) 440-7926,lorettahall@garcia.com,"686 Trevino Mountain Apt. 242 Lake Michaelstad, AR 88044"
09/05/2018,Kimberly,1661.75,17,IID#8cc6792cef2567c1440fd87e27275c68,Morales,SKU#34d7059bd123fd040f9011bab33c44b5,(181) 575-2420,smithlaura@sparks-fletcher.com,"722 Fuentes Radial New Richardland, AL 24843"
09/13/2018,Arthur,2325.76,16,IID#851aefb7dde5e0c231b6a03f2e1f78ed,Jones,SKU#74ca2c01b07af0dda4bb39ac330fc49c,(751) 595-3849,dustinrichardson@hotmail.com,"3361 Scott Orchard Apt. 766 Mccormickchester, WV 05363"
09/15/2018,Daniel,1989.8999999999999,18,IID#dbb2e87a7524cbc43da10f5a1f771288,Ramirez,SKU#14f0fa909920cc3feb6f0868f38b685b,(484) 781-8993,tiffany98@hotmail.com,"996 Hector Cape Suite 854 Evelynborough, WA 69964"
09/16/2018,Tammy,1274.8500000000001,9,IID#fcd16f1364be296172d79e02e238ff14,Gross,SKU#3f1151e276816a851f7d8b831a109e59,(912) 795-6104,lbrown@deleon-morrow.com,"8188 Amy Drives Darinburgh, MD 39814"
09/23/2018,Mr.,638.1,18,IID#760c729cdbcfdd509076cdea07ff0380,Raymond,SKU#409d6c19451dd39d4a94e42d2ff2c834,(059) 274-0330,joshua32@campbell.com,"58364 Burke Islands Martinezberg, UT 47551"
09/30/2018,Daniel,2007.9399999999998,22,IID#c8dc702138d5fc28ccae3963c0902a83,Davis,SKU#ccbdf684d154d86984b984bef22fb71f,(708) 700-1461,laurenmanning@stanley.com,"8240 Blankenship Drive Apt. 679 Cartermouth, VA 93317"
10/01/2018,William,856.8000000000001,20,IID#c146c23bc6fd871e1ceed901de0516ad,Hoffman,SKU#2c02751412cdd185c01b53630e4fb8d2,(906) 901-0294,kaitlin79@hotmail.com,"1145 Bush Forks Apt. 954 Laceyborough, NE 69673"
10/06/2018,Sarah,1294.89,17,IID#d5dc7bef1d03a340914565265ec9ea6a,Rivera,SKU#cc47869e3b4a5dedfc1831bb15dee3a9,(550) 811-5123,michael74@hardy-contreras.org,"641 Alexandra Grove Apt. 734 Lake Gregory, CA 87943"
10/09/2018,Michael,1152.1399999999999,22,IID#b3090ffd8c7ff34b93cc643397aeebb8,Morse,SKU#8d7d1020185f9b09cc22e789887be328,(727) 618-6794,russellemily@hotmail.com,"6743 Eaton Spur Suite 421 Port Daniel, GA 74600"
10/18/2018,Karen,985.71,11,IID#9bb83c89498462df961e456c115ef8b6,Fletcher,SKU#b54fcc17e63f9858a2f50c46d3dbe6c7,(413) 480-5130,smithmisty@yahoo.com,"086 Aaron Islands Apt. 873 Brownfurt, OK 67856"
10/18/2018,Becky,971.1899999999999,9,IID#79e0b217107a57fd518ca0de2aa5e754,Garcia,SKU#914841b68ebe1171b88afe454b9c6aec,(749) 167-9134,mhuynh@anderson.com,"0775 Anderson Port Russellfurt, VT 64021"
10/20/2018,Elizabeth,3038.7,21,IID#5e78302fba220f52fa8582e33ae75cda,Bruce,SKU#4ac4df397d427c2b3ddd1b728188213d,(782) 763-3132,danielwebb@gmail.com,"2795 Angela Branch Wrightmouth, MN 50715"
10/21/2018,Anthony,954.21,17,IID#87e3f69f06e92654a5b899ecf0bcc7cf,Henry,SKU#809457c05fe696f5d34ac5ac8768cdd4,(994) 470-1338,christopher87@reed-frank.info,"11255 Maria Trail Suite 328 Susanshire, CA 61855"
10/23/2018,Andrea,1917.8600000000001,14,IID#cf12a228db2c9f1af3d64977b95bb3ec,Smith,SKU#c39b7233fa0699b3cd333f9f0be738e4,(478) 861-1007,jasonedwards@gmail.com,"31943 King Squares Bowerstown, IL 06756"
10/23/2018,Jessica,1160.3899999999999,11,IID#2b2e4b313fdd4740878dba70315e1413,Barnes,SKU#922e8babe37c749c0886a5fff0bec7a0,(846) 855-0891,sean31@hotmail.com,"25444 Bennett Cape Gordonport, IA 64231"
10/24/2018,Sarah,761.88,12,IID#87befeca7db6c1a2b47545f8ec05d893,Ruiz,SKU#8dd6bb7329a71449b0a1b292b5999164,(571) 548-1349,nkey@scott.com,"9602 Chen Flat West Ianland, WY 10324"
10/30/2018,Matthew,1631.1899999999998,11,IID#2c6747c0dea3e48884b2c755ea045319,Henderson,SKU#fbaf48ec981a5eecdb57b929fdd426e8,(700) 071-1271,codywebb@keith.com,"866 Karen Inlet West Sherry, CO 45603"
11/03/2018,Christopher,965.76,12,IID#947a148c4e25d3f90f9b2af67304a67a,Wood,SKU#e2aa232794d64feb5851d2e48454c4c2,(113) 145-1781,stacyjones@hutchinson-mccarthy.com,"72512 Garcia Lodge Suite 069 Alexside, NE 10325"
11/03/2018,Sydney,1464.82,14,IID#0528bf54754b4f70761c7b24b6ec8ae7,Allen,SKU#e998be3d3bb15661763e4ff1e1c9a3e7,(733) 866-5944,ibrown@gmail.com,"98415 Gabriella Port Apt. 408 Caseymouth, IN 89807"
11/03/2018,Ashley,1630.92,12,IID#c3c71db6490241e14cb630ab0b8a10fb,Suarez,SKU#2137363a8eb7a264d120a221e4b61ec8,(705) 852-0571,adam88@yahoo.com,"999 Marie Glen East Jennaburgh, DE 01577"
11/06/2018,Christine,1072.7,10,IID#36ad3d007eb0e51718303fe0c02dcaca,Murphy,SKU#aba916524277db53210ede106ba4f0f4,(002) 621-2319,wayers@hotmail.com,"867 Fernandez Track Apt. 062 East Maryport, VT 27760"
11/15/2018,Travis,1189.8,15,IID#b38f96a1121c8fdfa32ef15cf83a6f34,Rowe,SKU#b7d01d15f7334eed7ea235515822f7d5,(769) 210-4386,kimberlyhernandez@gmail.com,"354 Hurley Shoals Apt. 105 Leahmouth, CO 11869"
11/20/2018,Justin,1593.9,11,IID#9fbf266068b8ebbd43ff7b90a0ade305,Harris,SKU#411ba3566ca9760d63aa6039f00b58cf,(632) 404-6153,michaelgordon@ramsey.net,"120 Mcdaniel Forest Tammyview, DE 72045"
11/21/2018,Sydney,608.0,16,IID#4b3396fd0c40fa8dc2b9d8481da05ae4,Allen,SKU#811fcb5aa8ed5d192793ed0351858410,(733) 866-5944,ibrown@gmail.com,"98415 Gabriella Port Apt. 408 Caseymouth, IN 89807"
11/21/2018,Michael,847.33,11,IID#49a638da16d679328c4eaf76bd4d638e,Day,SKU#70bc8f4b72a86921468bf8e8441dce51,(213) 264-7307,alopez@yahoo.com,"113 Smith Knolls West Erica, TX 24011"
11/22/2018,Adriana,882.72,18,IID#d97e36fed367f2a750f126905cf188dd,Butler,SKU#df096d542fa7fe37032f5d4828155ebc,(810) 898-0100,talexander@gmail.com,"03537 Bryan Prairie Apt. 958 South Taraport, ID 35576"
11/26/2018,Amy,1236.6000000000001,9,IID#08953adf2384a67a742ae945ef8f36b4,Wyatt,SKU#faee174ece449bca53aea3129d925069,(199) 454-6793,mmaxwell@murray-lane.biz,"4356 Brown Locks Port Amandaville, IN 22168"
11/27/2018,Walter,1264.2,15,IID#9dbf6bc504a4322ed1994d61c663aa4e,Henderson,SKU#345f88ce26c8fc82bc36f330303c1068,(975) 194-6140,dunnanthony@rodriguez.com,"1360 Velasquez Views North Cheyenneborough, KY 62143"
11/30/2018,Amy,1669.23,17,IID#034c0f76037d26aeb59d0fd3489be08d,Smith,SKU#f7e37e1dcd863eb173400ce074cab807,(946) 924-8435,sarahwagner@williams-nelson.com,"724 Johnny Mission West Jeffreyburgh, WY 08526"
12/03/2018,Jeffrey,1058.8,10,IID#c30e9f8a4868ed10c66413e0c67e436f,Fisher,SKU#9de28a432cf27be561e783b3be67fa4e,(954) 271-8074,jacob60@yahoo.com,"944 David Cliff Suite 330 Bradleyhaven, CA 26865"
12/05/2018,Tiffany,829.98,9,IID#7a2c7dd537e0a187f33549dfe43b2bb9,Gonzales,SKU#e111197534abdbff0427985d2db30f48,(773) 737-4216,kevin27@young.com,"9065 Patton Parkways Apt. 196 Sarahhaven, NV 33663"
12/11/2018,Jason,1744.8200000000002,22,IID#4a21e5410d83e637e7e2d54c096d71c6,Copeland,SKU#9d1101f2c45ce53f2ead40247bc2629f,(422) 092-7816,jerome36@lee-porter.com,"6878 Edwin Groves New Nancy, DC 49122"
12/16/2018,Michael,2950.21,23,IID#1ca6cf20485ca94d9a3587f54dc24bcf,Chambers,SKU#d493286dbbb40d11add825ca2181a83b,(456) 661-2511,kimberlybryant@fowler.org,"489 Johnson Trail Apt. 903 Lake Brittanyborough, CT 44315"
12/23/2018,Brandon,2155.86,14,IID#99a55535f0bdf613bb513fe5b0fdc299,Wilson,SKU#ec532088fb20a5ee48d6c8ad1186f05f,(183) 922-0808,christopherspencer@hotmail.com,"333 Brian Camp Apt. 582 Cynthiaton, SC 68062"
12/27/2018,Laura,1171.92,19,IID#eec242586be64494469c85990c2799d1,Hayes,SKU#55215e8f92d35f26cca06fa9d5d221e9,(994) 998-8565,michaeldyer@lee.com,"901 Todd Wall Aliciaberg, OR 12471"
12/29/2018,Kerry,2229.6,15,IID#c9707fa20ff812adb6d7669f5203e39f,Harris,SKU#7c909b3e2820c8b47ed418753698a6da,(455) 292-2897,bettybennett@gmail.com,"PSC 1168, Box 7854 APO AP 68460"
12/31/2018,Grant,722.4,8,IID#740277b52caea65ceeac12a6152d674d,Hernandez,SKU#c3e1e839b9c0260095e628839a879503,(338) 561-2163,johnnelson@petty.net,"4819 Nancy Springs Apt. 965 West Mary, WA 21256"
01/08/2019,Patricia,788.8,17,IID#a3236f0c44be6ebcee9537268b4221af,Allen,SKU#421cd12b43e660f10da31bee36e85f4b,(883) 411-4019,ydavis@gmail.com,"634 Murphy Via Donaldfort, DC 06992"
01/12/2019,Rachel,986.3000000000001,14,IID#6cb99db0f54d65f844db08d98205cd4b,Jackson,SKU#7a232b079f30771ada44ab6a1843ec14,(986) 011-0628,carpenterkathleen@duncan.com,"8377 Bartlett Light Apt. 392 Bryantside, OR 80578"
01/16/2019,Ryan,728.77,7,IID#86681946300ec5bcbea29a976bde06f3,Burke,SKU#bf619eac0cdf3f68d496ea9344137e8b,(704) 660-9831,kathleen39@gmail.com,"278 Patty Heights South Thomas, HI 31749"
01/20/2019,Michael,1136.79,17,IID#ebe41acb9c4f58342578defdf022552c,Gutierrez,SKU#7d8302df4582de342a31d0335e979ae7,(360) 456-9544,keithperez@lewis-brewer.com,"2933 Martin Vista Suite 127 Petersview, WV 69109"
01/21/2019,Erin,1170.96,12,IID#d60e31b165528d7c1e9848137edbedda,Ali,SKU#7622214b8536afe7b89b1c6606069b0d,(036) 645-2002,erica52@yahoo.com,"09276 Charles Radial Suite 751 Jerrychester, PA 19572"
01/24/2019,Michael,1962.89,19,IID#ccbd0e96539ced0580d46ad8eacfcae9,Myers,SKU#402ffe63deabe286f6c3895b574fa973,(047) 524-4621,smithcynthia@hotmail.com,"817 Jennifer Stravenue East Timothy, MD 22465"
01/28/2019,Holly,422.4,11,IID#d8299bb0f185eefadfbb22caaf69a2af,Meadows,SKU#7d55ee3cd459ee3c66cf971fcbffeb10,(433) 718-1226,cameronbrian@jones.net,"57992 James Valleys Suite 011 Port Nicoleside, NH 94576"
01/29/2019,Mary,475.57000000000005,19,IID#706c091ab5a8c6f21a42329de6c602ae,Cross,SKU#850609a3835cbf281ef8afd0e655c1d3,(623) 609-5513,holly33@stewart.com,"938 Evan Motorway Vasquezberg, AL 64627"
01/29/2019,Tara,1296.6799999999998,22,IID#1ae2794c999f377f8ca939ba5eee67a0,Harper,SKU#98bbc43168e01b27573c64fb9cfc0627,(767) 446-3748,tanya51@hotmail.com,"032 Brown Corners Suite 500 North Timothyton, ID 51760"
01/30/2019,Nicholas,718.5,10,IID#e242286bc19484442d804a47972350ff,Griffith,SKU#b5d466335d65b171b686700dee05ef74,(574) 665-1378,rojascandice@gmail.com,"9947 Perry Fork Rollinsview, IN 79951"
01/31/2019,Hunter,84.36,3,IID#9bb21aa1c4e7625e5279e459d1f384a1,Cooper,SKU#8c3dd65e8c58f99f970296b73a6be417,(759) 856-3085,scottphilip@gmail.com,"65940 Ward Mountain Suite 941 Anitachester, NM 87233"
02/02/2019,Natalie,1021.65,15,IID#9767cd0e32c1db1b0ea178b9bd6ec678,Cruz,SKU#0812baf5bd7cbc7b149e49c8611d9046,(871) 595-8409,rodneyking@king.org,"5611 Joanne Green Apt. 641 New Christopher, MA 02184"
02/09/2019,Thomas,855.9,18,IID#226231bef5fe42b069d7fce3a8229be6,Rodriguez,SKU#efa94f64068c70cdf0270381ad3cb34d,(718) 266-4687,lovelinda@gmail.com,"003 Murray Vista Apt. 677 Elizabethside, WV 16596"
02/09/2019,Steven,2155.68,16,IID#89c95831286d3812b485e0e267f3a0d2,Oconnell,SKU#e5b0327c41376ef19fc5edc9152529d0,(024) 489-4176,grahamdavid@gmail.com,"991 Catherine Lodge Apt. 046 South Madisonbury, UT 07333"
02/10/2019,Johnny,959.76,12,IID#75727e183133dc897b4bc334371312fc,Smith,SKU#e7dd479dbec55c2f8de230625a87e3cc,(071) 039-5905,david93@yahoo.com,"USNS Fitzpatrick FPO AP 73798"
02/16/2019,Joseph,1277.51,13,IID#b8459b2c25be104ccbda29e292f9d758,Marshall,SKU#f448a877f3d3f4b40a15fca17c62a2b5,(791) 091-1784,michellemays@ayers.net,"78655 Williams Dam Apt. 830 New Justinhaven, RI 33595"
02/19/2019,Stephanie,905.24,14,IID#653de0f173fd33d7cbc6253c2ce7b6f1,Brown,SKU#07d9b08eaa0a26f9771ee72f21e2b29d,(543) 188-3442,bhernandez@watson-floyd.biz,"PSC 6572, Box 7042 APO AP 39385"
03/06/2019,Cynthia,335.92,13,IID#f9fa983957a603e610ee6482a8776dff,Phillips,SKU#efdaddb1fa2fdce326c52fb89c220863,(241) 145-0627,elizabethwalker@short.com,"5069 Aaron Parkways Suite 498 East Danielport, AL 21608"
03/07/2019,Carolyn,459.36,9,IID#17dcfeaff72380c843a640eec0fdacb5,Young,SKU#e7a69f31047ea716eb8a425fce4853b4,(145) 848-5117,jeffrey34@brewer.com,"27970 Owens Loaf Floresport, MT 25189"
03/10/2019,Gregory,668.59,13,IID#aa9e6c8b9b44782727bea0c84a9e3477,Gardner,SKU#06c61bcbf2ecd1295dd9a282ae253546,(993) 939-7687,meyerkimberly@gmail.com,"419 Devon Villages New Donna, PA 87518"
03/12/2019,Maria,1034.56,16,IID#d8d5e6fa6c1d20d7469a91d51711ade3,Salazar,SKU#07d9b08eaa0a26f9771ee72f21e2b29d,(559) 916-0048,mfreeman@gmail.com,"5285 Barnes Rue Suite 590 South Matthewborough, IA 46938"
03/17/2019,Robert,829.8399999999999,11,IID#b14a8cad7497d911aa8f460250a3f946,Stuart,SKU#32b5e7886d1928c44fadc040471cc550,(326) 928-3561,mezakathleen@stephens-ayala.com,"545 Williams Mills Suite 636 Davenportfort, DC 37051"
03/18/2019,Daniel,1327.5300000000002,19,IID#43e8879e64ff707a53e7b3595dab237a,Davis,SKU#9fdedcb815fb656c25878b5ec7c29fec,(708) 700-1461,laurenmanning@stanley.com,"8240 Blankenship Drive Apt. 679 Cartermouth, VA 93317"
03/19/2019,Paul,1609.25,25,IID#6d4c89213a25fb6d5d6c76b03f38e049,Cross,SKU#90c805bcb9fa376aacfb38d598ec7bb6,(510) 616-2863,qcharles@hotmail.com,"592 Brandon Loop Scotthaven, CO 37602"
03/30/2019,Courtney,455.40000000000003,6,IID#bb91078e66c0a631f99723ab17444833,Gutierrez,SKU#348cf1fcc695c82009f0b906c2d8fdff,(759) 822-9776,jsanders@jones.com,"034 Romero Lodge Jeffreymouth, SD 88936"
04/06/2019,Dr.,2297.46,22,IID#d9d07b491ae4ebdc022f280b644fb2f5,Kristen,SKU#435eae56fda2f77c534ce3c916573cf3,(444) 046-0656,ronald26@stephens.biz,"330 Angelica Forges Suite 077 New Shawnchester, NV 68541"
04/06/2019,Rachel,1701.3,15,IID#20a4494c2f64d280df784ce19d6a8272,Clark,SKU#881996a3045c5de73795fa31aa6d10ef,(289) 846-2694,montgomerytracy@johnson.com,"293 Austin Spur Suite 994 Dustinview, TN 08354"
05/03/2019,April,1002.24,12,IID#db441ea161159878640d05619b104e1f,Newman,SKU#8f869fc4a3473614660a422d11365947,(298) 508-2988,andrewspencer@simpson.com,"301 Suarez Forks Apt. 657 Jamesmouth, SD 75561"
05/08/2019,Mark,2417.94,18,IID#9d3b7a53298bb4c721d456ef8047da6a,Perez,SKU#c1eb90438323ae0a11bfc963d464fede,(355) 232-2659,rwest@yahoo.com,"50983 Cruz Alley Apt. 398 Hunterfurt, KS 67098"
05/10/2019,Nicole,594.08,16,IID#7d6bb0405e676cd5c5d4f4cfa4e9ada2,Ray,SKU#2fcd4070a198ccd99cc243ff1979f984,(258) 228-0527,esaunders@larson-waller.com,"578 Paul Station Apt. 965 South Jesse, ID 42600"
05/13/2019,Emily,1999.76,14,IID#93eba8100aaf1c39818d9dab8e1e9e3f,Shields,SKU#0d4ec840c1db49efd9ea0f2dd0a7c66e,(666) 074-9048,crystalmassey@yahoo.com,"10216 Rios Mills West Michaelstad, AR 20639"
05/13/2019,John,969.0,20,IID#be282881bfe6d8af9f8ef7e22a2413d2,Bowen,SKU#53b7e0c722494b606239078e112cbc86,(689) 160-0517,rtaylor@hotmail.com,"082 Harris Ridges Morrisburgh, HI 31634"
05/16/2019,Dawn,2226.0,20,IID#791d7739b4583d32757e06fec514e3e0,Robertson,SKU#c06c6123a8d3723eeefe8ed813b0658d,(267) 556-4121,bfry@singh-peterson.biz,"332 Morrow Crossing Erikabury, TX 68991"
05/20/2019,Brooke,351.45,9,IID#4146c19fce2b0ba1336cd5b2d10de123,Riley,SKU#436dde36c9fc294189932638f3789898,(483) 516-6247,nealmary@reese-brown.com,"93025 Michael Roads North Nicholas, RI 07228"
05/23/2019,Stephen,1503.18,14,IID#32d2a7655d91b7ff7da6c44f5d806281,Berry,SKU#9cb5fb90f42219febcadbc6eb57257f6,(778) 567-8048,stapia@morales-robinson.com,"PSC 7384, Box 7666 APO AP 68971"
05/28/2019,Luke,339.35,11,IID#f4685069d1933528f2fa79840373e57a,Clark,SKU#d00e81a86830948bf7d7ed15874c46b5,(926) 091-1231,coxmelanie@frank-stewart.com,"51880 Hunt Glen Suite 019 South Candaceberg, TN 60866"
05/29/2019,Peter,415.91,11,IID#3d8d6ddd9123c15076afe7bb095ad0af,Buckley,SKU#c3c9945cae188df73afd04c6251ba98d,(268) 700-4665,usanchez@brown.org,"89381 Skinner Stream Lake Danielmouth, NE 48659"
05/30/2019,Pamela,2954.9,26,IID#444abaed3982af75bee2e383579460f8,Robles,SKU#385bea3f7f645aa973e0f50400c25979,(809) 943-4744,andersontina@ritter.info,"USNS Bowman FPO AP 72606"
06/01/2019,Laura,1743.72,12,IID#8bb7a030617aaf1f9c0e5bf87f7ce671,Clarke,SKU#aceb486e7e4b2d2f1c5f2328b503502b,(797) 254-5641,kathleen98@gmail.com,"6123 Montgomery Mall Apt. 422 Johnview, DE 93664"
06/03/2019,Rhonda,2198.08,16,IID#2bd3f37a3441de4668852d4e2fb68a52,Rhodes,SKU#e201927c77f2c0a3e0c3950ae931b6e6,(860) 985-0833,joneswendy@davis-nichols.org,"7689 Douglas Inlet Suite 993 Anthonyport, UT 43024"
06/05/2019,John,910.96,8,IID#33907b0f64ad2ec51deed9db4fae67e7,Dominguez,SKU#443e36e2a145d6a6dfa8fb6f120f0e1b,(667) 432-8084,ibowers@hotmail.com,"1632 Richard Bridge North Rebecca, MS 43470"
06/06/2019,Christy,917.9000000000001,10,IID#27b8df6db167ffb4efe18c39ae435e3d,Fry,SKU#c710e5c03f09182686c59a220b566232,(908) 537-3645,jenniferwest@anderson-lewis.net,"8049 Kimberly Plains Suite 814 North Victoria, NJ 49250"
06/09/2019,Shelby,1373.9,11,IID#d543dd126008dc12328ac048d778abda,Johnson,SKU#67130d31b6048171a64ed87d36022a6e,(666) 382-9707,andreafowler@yahoo.com,"567 Williams Islands Mckenzieville, ME 73476"
06/11/2019,Wendy,1113.42,21,IID#43829f1147db015c7a30bb41219e5412,Hernandez,SKU#e9d467e187231d4ba17391865b98b2e7,(536) 635-0044,chamberserik@hotmail.com,"3790 Melissa Hollow Rayton, WI 52224"
06/16/2019,Jason,938.3,22,IID#217d9512b47e1134e3ed1084cd8c1317,Gallegos,SKU#668fabd7829e5b8c5a58853bea0dbe1e,(548) 721-9806,millerwilliam@vazquez-norris.biz,"USNS Lynch FPO AA 04811"
06/19/2019,Amy,387.78999999999996,13,IID#09c711bb2c25292136193c24391f4881,Smith,SKU#5ccb2c1dfcfbff9adba49b72793b8762,(946) 924-8435,sarahwagner@williams-nelson.com,"724 Johnny Mission West Jeffreyburgh, WY 08526"
07/05/2019,Michael,1969.35,15,IID#30e23f293ea155be11ee4de61620b772,Gutierrez,SKU#693e9af84d3dfcc71e640e005bdc5e2e,(360) 456-9544,keithperez@lewis-brewer.com,"2933 Martin Vista Suite 127 Petersview, WV 69109"
07/07/2019,Jonathan,1928.6800000000003,13,IID#f84bdd21c4756490315f029e96e80aa3,Fisher,SKU#21e2e8fe686ed0003b67d698b1273481,(736) 266-1662,mbrown@smith-murphy.net,"5401 Nguyen Causeway Apt. 967 Villanuevaport, IA 97358"
07/10/2019,Shawn,324.54,18,IID#6ed8f5cef358870400ea2615b88a9085,Freeman,SKU#ec8d9cf15661e1e246997637ac868ca2,(399) 748-4462,chadwilliams@yahoo.com,"581 Newton Tunnel Candaceside, ID 92924"
07/22/2019,Shelby,855.0,10,IID#bf0d4d7f300812bb76f4f4dc7068b205,Johnson,SKU#3d35b336ebb3fbfe61ea1e1041d510b7,(666) 382-9707,andreafowler@yahoo.com,"567 Williams Islands Mckenzieville, ME 73476"
07/29/2019,Carolyn,260.68,7,IID#e31051ff73691c9321b95205a6720592,Young,SKU#5d9e9d21b9c597f74c4e4b41dfd9a6ee,(145) 848-5117,jeffrey34@brewer.com,"27970 Owens Loaf Floresport, MT 25189"
07/31/2019,Kyle,2039.3799999999999,14,IID#d08aac9b724205f2f004c914a19ccff2,Mccall,SKU#c5a8fa007135596d5e1b0181c33eddc4,(454) 398-9638,robbinsrichard@yahoo.com,"Unit 5721 Box 1699 DPO AP 54182"
08/01/2019,Austin,1064.98,14,IID#9fb51dfc0a64f43f25cb36730a3afa57,Washington,SKU#8e9d6c6d61e72b094ff58e3d75a99a83,(616) 383-5564,craig15@yahoo.com,"38192 Johnson Island Johnsonmouth, NV 33138"
08/09/2019,Paula,1814.7599999999998,18,IID#db61c3b24de5b5921879477e788afdee,Peterson,SKU#bb5e3d4ca343bd970eb03674b015b9c5,(743) 793-1866,maria36@gmail.com,"5198 Joe Court New Brooke, NC 47016"
08/13/2019,Pamela,1113.3,15,IID#0bda63a894a566896f395516e9cd82b9,Robles,SKU#83a9475b33cad765c41dd3deb5be2254,(809) 943-4744,andersontina@ritter.info,"USNS Bowman FPO AP 72606"
08/15/2019,Elizabeth,1153.8,15,IID#078a9c5ba273111a9b942c8fba35b1ec,Hines,SKU#1268b3656a9b07a7c18f2184cf46e8fc,(683) 303-9454,mmoore@warner-leon.com,"505 Pamela Ports Apt. 634 Williamsmouth, AK 44126"
08/15/2019,John,708.2199999999999,17,IID#fb64750033a57c485d9396c58a67caaf,Smith,SKU#d585e8dcb6b35de1212e2b54b34c3eef,(523) 645-1383,samantha59@hotmail.com,"6626 Padilla Court Suite 009 Lake Michaelville, GA 18266"
08/16/2019,Ryan,965.76,12,IID#4b82a133dc634dd50deabdd8df6f99c3,Goodwin,SKU#e2aa232794d64feb5851d2e48454c4c2,(714) 773-8597,aimee02@hotmail.com,"0908 Michele Overpass Suite 884 Port Robertbury, OH 87620"
08/17/2019,Amy,1893.7800000000002,21,IID#e70b6a6a386c7217d6a3ea8e3476f34d,Johnston,SKU#1a7c3b4c28eb0673aa12037a2b9739f0,(165) 286-4033,jessica06@hotmail.com,"048 Obrien Plains Apt. 812 Stephenhaven, TN 35957"
08/20/2019,Kathleen,1055.8,10,IID#12e6d1ddba791c11b9b1bc0ac578781c,Miller,SKU#3450caec0d21971e42a0f6947f5e4f1f,(303) 748-4341,erica08@walker-fernandez.com,"07034 Jones Corner Janetmouth, NC 75831"
08/27/2019,Nathaniel,2244.51,17,IID#4b6799830726cd5a3f78c3500b77eeac,Thomas,SKU#0a27702196614b5c0baa864a52b86db1,(786) 875-7099,mckenzie07@miller.com,"653 Bryant Forest Yvonnefort, MT 99240"
08/31/2019,Matthew,1598.9399999999998,14,IID#83e56e002319a89241b86b1becd11e2b,Henderson,SKU#6b431bf2da7c9312b3e5c21e67f6591b,(700) 071-1271,codywebb@keith.com,"866 Karen Inlet West Sherry, CO 45603"
09/05/2019,Stephen,257.7,5,IID#23bb6c491d9c2e97461aeed34c61a836,Robinson,SKU#491d4857e02191839fe07d27d2aac519,(453) 864-2749,brittany63@davis.com,"433 Justin Trace Ericland, VT 56304"
09/07/2019,Joanna,1106.37,19,IID#598cc59424cf7181732d3bbab7eb9888,Flores,SKU#dcf346fa83e19956e968b4d76e185ab1,(223) 998-3440,chadjohnson@gmail.com,"8757 Lowery Mountain Suite 581 Mooreburgh, OR 60118"
09/15/2019,Nancy,1144.6200000000001,18,IID#f02217bb63be821c2384b8ab5f9d19e3,Sheppard,SKU#a8d00da54c45a7415fb0726b2c773d34,(860) 516-8263,monica79@campbell-wilson.com,"477 Ray Glen Suite 953 New Austin, DC 83840"
09/22/2019,Lori,894.8499999999999,11,IID#c0b98f66c05ca81c5d2e3918b4ae520c,Riley,SKU#2dcea950234175e3edf672936843ab5f,(405) 929-0514,carriewelch@hotmail.com,"75020 Alvarez Tunnel Suite 249 West Heather, NC 46782"
09/23/2019,Cheryl,2763.36,19,IID#345654bddbe7d4c9df53363009bbe9fd,Acosta,SKU#e732f97e91f3dc2cc2e03d18916e982c,(977) 174-8264,schmidtnicole@morse.com,"55986 Wright Oval Suite 025 Johnsonshire, RI 84607"
09/26/2019,Patrick,1781.1000000000001,18,IID#06240c5ad6280faaa63fdd7c12e6c51b,Ellis,SKU#5fb38429d5d77768867c76dcbdb35194,(414) 339-7469,hjenkins@preston.com,"585 Debra Parkway West Michael, NC 33557"
10/01/2019,Sarah,1655.82,18,IID#60c7ee5f7b867ec7c2afec0209dc91ba,Ruiz,SKU#256abfbb6883823718eaf33f62510d6a,(571) 548-1349,nkey@scott.com,"9602 Chen Flat West Ianland, WY 10324"
10/05/2019,Christopher,768.0,15,IID#ef3fc8ba9899ce87295d244ebaa3d9e2,Hodge,SKU#8c1d71b2bf2d4d1eea6a825412dd4544,(871) 062-5298,dennisgarcia@wagner.com,"80270 Weeks Crescent South Jason, NY 58801"
10/06/2019,Darin,376.11,9,IID#f2fb709f013f37b115caa5fb9d4b5374,Thomas,SKU#7c97756c2c035ebcfe9208dd86591df7,(332) 249-6827,gilesanna@terry.com,"93136 Jamie Mission Apt. 693 North Ryanstad, NM 40946"
10/14/2019,Mark,611.7,15,IID#f3b1f65c7dbf2786b5d4d90e6344ed8a,Campbell,SKU#e2f00d570092fdbb8696d63e3d4d0fdb,(049) 990-1546,kennethlewis@stephens-coleman.com,"972 Kimberly Crescent Port Roberto, CO 34640"
10/14/2019,Desiree,1115.36,16,IID#b14b4b09b329d773eed7cff008b345b6,Yu,SKU#b9205d5c0a413e022f6c36d4bdfa0750,(171) 785-4946,vbrooks@gmail.com,"722 Moore Grove Danielberg, DC 30786"
10/17/2019,Alejandro,662.72,16,IID#5103212186e975618650b4e8419c4e92,Rodriguez,SKU#f00346db02cfcc5b1f056a794009ffeb,(507) 593-9055,michaelheather@price-brown.com,"06661 William Loaf Apt. 470 Hansonchester, FL 71595"
10/17/2019,Shelby,2606.61,17,IID#2f18d5fc053aa25475d47541f16ccaee,Johnson,SKU#13cacb82b004ab4cea9089f6d4c8c1f8,(666) 382-9707,andreafowler@yahoo.com,"567 Williams Islands Mckenzieville, ME 73476"
10/19/2019,Elizabeth,1109.12,16,IID#d7e9474880439f1bbc67387f8397320b,Lawson,SKU#f006e7d4dccfb3da2975fa59fc8f8079,(366) 351-7608,sheppardcody@meyer.com,"95282 Michael Glen Suite 216 Jamesfurt, AL 61002"
10/24/2019,William,662.46,6,IID#314306061b97dbd929f3351b35fff4e0,Rivas,SKU#0e2e640b11f60ae0769bca010bdc6ecc,(522) 452-2145,zmoyer@gmail.com,"4416 Barbara River Port Shannonfort, KS 96607"
10/26/2019,Edward,1037.19,11,IID#78ad4559729643fdf9dd9b850d30882e,Davenport,SKU#149e9d3008eb45be7b0b57c19065d57b,(432) 683-1796,udavis@yahoo.com,"304 Valdez Avenue Suite 265 Collinston, GA 25068"
10/29/2019,Jody,1518.84,18,IID#2a8e0a6005d9c7f7d78d9f510f091e97,Peterson,SKU#a80531c733584acfb5e1fe05e1e1ac1a,(263) 703-1597,haleylucero@ray.com,"0659 Frederick Cape Apt. 962 Matthewview, CA 47662"
10/30/2019,Nicholas,1469.78,13,IID#e1a505ef75565cdab93077ec142f2514,Griffith,SKU#83e0cba63de0511e1f933e9a662afaaa,(574) 665-1378,rojascandice@gmail.com,"9947 Perry Fork Rollinsview, IN 79951"
11/03/2019,Russell,1362.24,16,IID#fe08ba210bc1981bb31cce2f797f35cb,Orozco,SKU#08d4c7e304644e9b4ed461e24db02d90,(414) 270-3893,carloscantu@wright.net,"PSC 7566, Box 7656 APO AP 05525"
11/10/2019,Stephanie,2119.7999999999997,20,IID#fa62beba172280b4e4d6cf74be72401b,Wilson,SKU#ff9a2d3be0b1b401f5bbae30ab62a24d,(297) 170-8051,johnfischer@brown.com,"849 Lopez Oval Suite 445 Deckerstad, GA 84444"
11/11/2019,Diane,1928.0,20,IID#950dbd8d61e5085f29981fd50ebbc05b,Pace,SKU#6130cb9a0d04704aa199d1e67a7b528c,(485) 414-2707,jeffrey52@yahoo.com,"USS Johnson FPO AP 36097"
11/16/2019,Renee,1044.3000000000002,10,IID#076f179eb711d5d9392deaa485821622,Lee,SKU#435eae56fda2f77c534ce3c916573cf3,(653) 658-9032,qperkins@yahoo.com,"665 David Springs Johnmouth, CO 74854"
11/18/2019,Raymond,792.1200000000001,12,IID#08e70b6a7341b45471412888fccb8a37,Lowe,SKU#2a5af264f823064d58259632271cd180,(453) 318-9587,rogersheidi@gmail.com,"PSC 2317, Box 2998 APO AP 94254"
11/21/2019,Karen,860.75,11,IID#caa2f763d33a1540c261393d72113d5b,Boyer,SKU#e457fbae1dd166a0c89d244ac03f4e93,(515) 074-9869,robinsonamanda@smith-quinn.com,"Unit 7554 Box 2915 DPO AA 49965"
11/23/2019,Anthony,1800.15,15,IID#e4287fb377e163029902f9dc62f66659,Mclaughlin,SKU#eb8faf6b2c22464c49898a38d634afe4,(340) 106-6376,smithmelanie@aguilar-ramsey.com,"9486 Miranda Groves Apt. 729 Kanetown, IN 83664"
11/26/2019,Nathan,1950.2,20,IID#bba6cc5d3113d066fae74aa61822a870,Hamilton,SKU#e6b62b76fb2eb2a0e0adde0c067da680,(099) 421-2592,ldonovan@guzman.com,"03047 Wesley Landing South Christopher, CA 16305"
11/26/2019,Renee,279.63,13,IID#ddd863d679c1a8090dd52f746ef8316f,Wilson,SKU#19a167cbf43523d7a0d6175b8fd7f0d4,(926) 367-2417,steven15@clark.com,"2631 Steele Landing Suite 274 Collinsmouth, NM 18846"
11/28/2019,Beth,1939.98,14,IID#6ba7166c8a35b7eec0daaaa0e46466e4,Bailey,SKU#b4bc0edccf4b0c7d74a2ffe3b63afd9a,(156) 906-1531,kenttanya@yahoo.com,"911 Vance Fall Christophermouth, MO 91937"
12/02/2019,Sean,2634.16,19,IID#a93e1b7bf69f92aa62513e33dfec731e,Miller,SKU#3f7323acc829bc8b3799148d439b3d47,(146) 651-6430,rivasstephanie@castro.com,"763 Higgins Ranch Apt. 730 South Raymondview, WA 36133"
12/02/2019,Alex,870.77,19,IID#9185c01fa40ec0cd61a319183bc962c3,Hayes,SKU#68cf4c147c95c7e6a1e5a6ee6dc7a185,(319) 127-7522,ascott@warren-johnson.com,"PSC 9609, Box 9612 APO AE 87157"
12/04/2019,Richard,2207.2,20,IID#f0edf3f09de16fab321de67c5326d68a,Hill,SKU#1c9e99e48a495fe81d388fdb4900e59f,(984) 662-4963,zjohnston@yahoo.com,"32101 Ruiz Estates Suite 803 West Marietown, MO 81058"
12/07/2019,Emily,428.04,6,IID#8f2a6f9f090845e2b8fdc5dd0f3354f8,Shields,SKU#0c0753b0057a2f8db2ff040d916b016d,(666) 074-9048,crystalmassey@yahoo.com,"10216 Rios Mills West Michaelstad, AR 20639"
12/08/2019,Katelyn,967.3499999999999,15,IID#2c1bcaf22c1ea1bf831db03b0ea211ef,Valdez,SKU#ed926b069c86b5ad2c1f2f9e6d799fde,(788) 987-9593,kpeck@hotmail.com,"PSC 0247, Box 8913 APO AA 66113"
12/09/2019,Caleb,1600.92,12,IID#ccd5df9e6cc10626ac9795e02c0201d5,Smith,SKU#468d0dd7a404f5ec971c8fd62d0c9f2c,(345) 493-3185,daniel61@hotmail.com,"290 Christine Forks Suite 428 Norrisburgh, MD 00734"
12/17/2019,Roger,1316.32,16,IID#e9f07cab70b1fe74102d60532c16f63e,Anderson,SKU#55da46e7b387bce5c1fef34f97063beb,(595) 640-8441,tammypreston@yahoo.com,"897 Brown Shore Suite 743 Port Jasonport, NC 28911"
12/18/2019,Anna,1581.0,15,IID#55ac9c2b206a6e7d98586ab8f191e9a0,Martinez,SKU#617f292bebf954b26d56f326b51c8a82,(638) 017-7745,jenna73@gmail.com,"972 Edwards Heights Catherineport, MN 64875"
12/21/2019,Bryan,1887.76,14,IID#d4deaebb7b81bb85262542ad919917fb,Walker,SKU#884bb48a55da67b4812805cb8905277d,(973) 986-8194,michael92@wise-edwards.com,"3814 Gonzalez Skyway Melissastad, UT 79848"
12/22/2019,John,766.26,18,IID#1b06a62bdae5c92fd91e630d5e2eb134,Booth,SKU#bf471a8e510e61a31dfbb1696594d56d,(430) 483-4356,fgibson@gmail.com,"751 Greg Underpass Apt. 824 Leeburgh, CA 54499"
12/28/2019,Derek,2129.2,20,IID#0eaf5e6f604f57ce9f5728fe1eabdbe3,Dixon,SKU#f9aebae314ac2eadd56e1d9fa1d122f0,(079) 025-8728,erinpreston@yahoo.com,"114 Alicia Parks Suite 545 Justinside, AK 33432"
12/29/2019,Karen,727.38,6,IID#645c65059aea8834f1cbf58122e7eccb,Morris,SKU#92f1f77de0ce17e9486d53787f69618e,(464) 184-4224,karen78@simmons.net,"212 Jeremy Bypass Jessicaside, WA 23550"
01/02/2020,Melvin,2244.28,19,IID#10bf06e7d1f0a57d526258d32467c5cb,Mason,SKU#e9ec8abba3c25796e027afd2cd2ef77d,(672) 348-2710,oford@gmail.com,"40766 Scott Tunnel Suite 808 New Jillbury, WV 91481"
01/04/2020,Robert,762.88,16,IID#29ce48f7c60d87840336bcb31126e8a7,Ware,SKU#608fe08a986da43e511914797e9d2a7c,(061) 601-2448,johnnyibarra@yahoo.com,"288 Stephanie Land Suite 787 Simmonschester, TN 14883"
01/07/2020,Joe,929.88,14,IID#24e30a07c1a03102500cf9dac99c44b0,Payne,SKU#db46e81649d6863b16bd99ab139c865b,(058) 851-5283,cindy95@gmail.com,"054 Matthew Meadow Suite 658 Matthewfort, NM 36822"
01/12/2020,Shane,923.21,19,IID#89d063ef40abf6f3059982db6e1c040c,Griffith,SKU#9c1b2a47c87f33de47ccfcdc098e1806,(322) 192-1653,rodriguezbrittany@gmail.com,"37269 Lisa Squares Suite 488 West Jill, CO 99354"
01/13/2020,Chad,1468.11,21,IID#c26ad806b0f34e34a43b5eed4b8755b3,Frey,SKU#2c1cf4f76fa1cecc0c4737cfd8d95118,(084) 220-1625,sierra43@ramos.net,"7301 William Ferry Suite 609 Stevenport, MA 24231"
01/15/2020,James,531.8,10,IID#eac3413638a61eed9a9a476f8e82732d,Salazar,SKU#dbc7cd01110560706c0574ecb971e5d5,(886) 760-7099,sarah01@gmail.com,"36713 Stone Islands Port Marc, MD 70013"
01/16/2020,Maria,723.38,14,IID#eefd15c0359f507136a010404ee75345,Mckenzie,SKU#946141e7eb0db0444844abd10ffec804,(045) 246-1381,katrina60@cole-lopez.com,"36726 Kyle Vista Suite 752 Leblancborough, ND 80233"
01/16/2020,April,619.9499999999999,15,IID#a6e9ce7b7d3ee5f54c2693d39c0cb04b,Rivera,SKU#1c920801aa88d000ce966facc8ba734a,(508) 661-3202,gary27@hotmail.com,"0850 Anna Trail Jenniferfort, VT 26002"
01/17/2020,Elizabeth,804.8000000000001,10,IID#6a8bc923029da9f38a2b12db3da815e6,Robinson,SKU#e2aa232794d64feb5851d2e48454c4c2,(573) 275-1544,hannah66@merritt.com,"9514 Edward Ways Rodneyside, CO 59261"
01/18/2020,Sharon,1745.12,16,IID#95eaf22ad598c5861b24b065c65b8853,Kennedy,SKU#d4eb46822a508ffc9c440fd1d6081f8e,(158) 246-1079,victoriabutler@gmail.com,"621 Joseph Stravenue Dawnville, SC 37974"
01/23/2020,Christian,1932.3199999999997,13,IID#0a7b3d5d820cc35a714f43fd72998ebb,Schroeder,SKU#7c909b3e2820c8b47ed418753698a6da,(400) 955-2315,hannahbennett@hotmail.com,"392 Ferguson Island Apt. 834 Port Linda, MO 75052"
01/23/2020,Kimberly,1348.4399999999998,17,IID#fd5967e8b73f5d5682c624deb0b5887a,Charles,SKU#b7d01d15f7334eed7ea235515822f7d5,(533) 836-6768,ccardenas@gmail.com,"5130 Lisa Shores Mitchellmouth, OR 11196"
01/24/2020,Elizabeth,1316.16,18,IID#79944ee8b2dcbb53edbcf516950434d6,Jones,SKU#87f5d8a4e70684e420eade3a1c662bc2,(002) 760-4792,vgriffin@walton.net,"6502 Robinson Lakes Suite 750 Taylorburgh, AK 36808"
01/27/2020,Rachel,1469.7,10,IID#3b6fd1c4a94921b3cc73478a867291a8,Case,SKU#e62da29ac3a82185101eb38cb426322a,(752) 015-7291,arthur23@green.com,"66555 Russell Throughway Larrystad, WA 89297"
01/27/2020,Kristina,629.12,8,IID#65974db8fa7676e9bca39ca91bdada83,Obrien,SKU#3561c0dffdb90248fa1fc2d4fb86f08a,(410) 264-9179,melissaclay@hunter.com,"1537 Bell Fall Apt. 091 Halemouth, NM 43934"
02/07/2020,Chad,1650.18,14,IID#8fefb29585a0eabaa9671156c95ef6e2,Morris,SKU#d56f9775d4421043ef8e90641d93b07f,(171) 601-2668,michaelbrown@yahoo.com,"70383 Heather Mills Suite 441 Morenochester, NV 12346"
02/08/2020,Gloria,1456.65,15,IID#fc91c516c9119ed30e9b663b5d7ba43e,Peterson,SKU#49a0e45ae8dfba5e4161b60ab5330a45,(428) 781-7578,hcarlson@gmail.com,"065 Robert Junctions South Gabriellachester, SD 04589"
02/09/2020,Austin,459.96,12,IID#b0414c225058bbfb65a1eb2ca317cf78,Washington,SKU#27a7404c386f389ca798dcafa2b279d2,(616) 383-5564,craig15@yahoo.com,"38192 Johnson Island Johnsonmouth, NV 33138"
02/11/2020,Marcia,1225.95,15,IID#47522bb1f543b44403f78ccac81a1cd5,Moore,SKU#a4350863c6fae54f9d8ef4de7095e3f4,(304) 014-9458,murraymelissa@hotmail.com,"89029 Mckenzie Manor Nicoleton, ME 21240"
02/16/2020,Kyle,661.14,18,IID#31d3d9f55c72590ad2157ca3dc8f12db,Little,SKU#ca9c491ac66b2c62500882e93f3719a8,(991) 136-4445,aaron64@yahoo.com,"8614 Brittany Falls Jamesmouth, RI 44387"
02/18/2020,Darlene,1616.3,14,IID#37f261e97a606e47dba0f7f10e334969,Bailey,SKU#2c37f212012917a7a9a6410ebba1f27b,(150) 299-9588,mbecker@yahoo.com,"53024 Hamilton Flat Suite 137 Emilyport, AZ 46859"
02/19/2020,Luis,941.5,14,IID#d17d5531bec168cb9b3a975a1ba3ed22,Charles,SKU#fc0bc7885ad356801903e7f9e01fba4c,(646) 505-9943,cowens@tanner.com,"83762 Dean Plaza Ellisbury, NM 40079"
02/25/2020,Charles,959.5600000000001,14,IID#f55f417e38ce4678267eca071bb77710,Scott,SKU#d310a40483f9399dd7ed1712e0fdd702,(810) 163-1875,taylorian@yahoo.com,"46474 Brown Loaf Apt. 416 New Veronica, ND 59633"
02/26/2020,Christian,509.58,18,IID#48c09474a54f203fd22f4e8fe6ec2dde,Carlson,SKU#251a7e1401487e69a415fde9d5128b27,(491) 715-2207,beltranchristopher@gmail.com,"Unit 4350 Box 3229 DPO AE 68501"
03/06/2020,John,1039.08,14,IID#4c6a8190343470a55adee0c7574fc714,Booth,SKU#83a9475b33cad765c41dd3deb5be2254,(430) 483-4356,fgibson@gmail.com,"751 Greg Underpass Apt. 824 Leeburgh, CA 54499"
03/24/2020,Mrs.,771.8000000000001,20,IID#6e982b986fffbe54e19b5a172a125dd5,Misty,SKU#eda6a5ecad2070fad8cb1a94359f9f57,(036) 649-0054,wbutler@yahoo.com,"8085 Luke Squares Apt. 124 North Candacefort, IA 24916"
03/27/2020,Jessica,384.96,6,IID#e29861ed2b1252953feb00be05394ae2,Barnes,SKU#cb415e05b85be31494ae1bc233beb58b,(846) 855-0891,sean31@hotmail.com,"25444 Bennett Cape Gordonport, IA 64231"
03/28/2020,Becky,1504.2599999999998,18,IID#925d7dbeaaa0bf77270084bf7a17fdb4,Garcia,SKU#64fab0277e9b50a6b157b1360d4b6836,(749) 167-9134,mhuynh@anderson.com,"0775 Anderson Port Russellfurt, VT 64021"
03/28/2020,Courtney,1648.6499999999999,15,IID#45aca6d58464669d51a06ea6d6b32e0c,Deleon,SKU#d1950d80f172e80f1c48685c51835807,(231) 969-1413,meagan28@hotmail.com,"939 Kara Ville Apt. 590 Bowersbury, KY 35853"
04/01/2020,Sarah,540.26,14,IID#59b13f33ba77145aa62b66785d0dc8bd,Mckay,SKU#eda6a5ecad2070fad8cb1a94359f9f57,(428) 981-0096,anna61@taylor.com,"PSC 9738, Box 8636 APO AP 80792"
04/04/2020,Jessica,1001.0,13,IID#abbbfff56f1dd573cb460e52e502d9cf,Williams,SKU#004955e30603d8c06c1ff917736eb418,(499) 896-5202,katrina29@yahoo.com,"43044 Michelle Parks New Bethanytown, NJ 99313"
04/08/2020,Chelsea,1333.53,11,IID#60fb8c457108b687449ea2b1a9afde07,Peterson,SKU#92f1f77de0ce17e9486d53787f69618e,(418) 059-6228,gilesjoshua@yahoo.com,"8063 Ashley Street Port Kelsey, NV 45689"
04/13/2020,Donna,1344.53,11,IID#a66549341a2bbe15d169d0d090366edf,Mitchell,SKU#aa663b8f24e39226e4a42cd4effb1b4d,(141) 272-1647,andrewjackson@campbell-gonzalez.com,"19198 Alvarez Glens Beanview, AK 01681"
04/16/2020,Thomas,1418.0600000000002,14,IID#4821350c0a8a483decedbfd53a359973,Obrien,SKU#790d869f1712d38358a3f692f5e1484a,(999) 806-8489,pamelabarrera@hotmail.com,"30568 Kristina Lodge Suite 650 Williamsmouth, MS 05251"
04/22/2020,Cameron,619.6500000000001,15,IID#a0741d7fab24451617553daf56f59db8,Mckee,SKU#9e9ce8da0aa4d8def53db58387caa205,(949) 257-7033,eobrien@jones.info,"PSC 5767, Box 5687 APO AA 92019"
04/27/2020,Melissa,2415.82,22,IID#dafceef747ce99934abcaab8395e96e1,Taylor,SKU#66fb9404eb7435d1cd534ece06c97004,(012) 415-8052,lowerypaul@yahoo.com,"73512 Richards Orchard New Seth, VA 25814"
04/30/2020,Bobby,725.4,13,IID#4f103d3531698a76328f8c7141b98c8d,Vasquez,SKU#7d0a27db87cbd4243eacad312e5d7f41,(267) 213-9161,susancain@johns.com,"74311 Wilson Hill Carolynland, DE 07012"
04/30/2020,Matthew,2169.99,19,IID#f686e19abe168add1606da8bd7b7a66c,Tucker,SKU#6b431bf2da7c9312b3e5c21e67f6591b,(320) 407-0086,wongvirginia@hotmail.com,"1696 Thomas Hollow Suite 778 Jessicaburgh, UT 28481"
04/30/2020,Matthew,493.46999999999997,9,IID#6616f435dae0bf9a3240937578bfc862,Torres,SKU#81e4bf29a6552cb0df60980b937ed4a3,(027) 657-6861,michaelsimpson@paul.com,"PSC 4970, Box 1960 APO AP 94255"
05/03/2020,Diane,289.08000000000004,11,IID#723a1cf8215d8470d60d5ef675786d28,Pace,SKU#3e586cd8128ba5d03ccbc121909e7421,(485) 414-2707,jeffrey52@yahoo.com,"USS Johnson FPO AP 36097"
05/04/2020,Kara,1071.8999999999999,15,IID#e32bfba6b2d837e6a27cb46a896d0bd0,Mccann,SKU#420d8ce955a48dbad2fcb7acbdee3d06,(705) 236-5803,robert85@hotmail.com,"166 Pamela Harbors Smithview, IN 74321"
05/06/2020,Anthony,451.8,20,IID#84a190902a4bf0f1d099786975d5d3d0,Lewis,SKU#842600aca2a24743312498c864b51d9d,(380) 248-4799,lbennett@mcguire-adams.com,"135 Baker Turnpike Port Tiffanyville, OR 53565"
05/15/2020,Megan,1852.6299999999999,13,IID#2dc7fdc8fbaaedb83b516fbd0efb22e1,Jacobson,SKU#7dea362b3fac8e00956a4952a3d4f474,(705) 089-7226,qdonovan@gmail.com,"032 Turner Port Suite 679 Dominguezberg, AL 29802"
05/20/2020,Susan,1442.88,16,IID#39ef04890f2f4b4aa6e7000b29ba1069,Carlson,SKU#1a7c3b4c28eb0673aa12037a2b9739f0,(476) 838-3365,kimriggs@benson-thornton.net,"60923 Allen Motorway Whiteton, KS 31993"
