Date,Phone Number,Total Cost,Email,Amount,Last Name,Address,First Name,Invoice Id,Sku#
2016-09-09,7245577736,2129.59,oliviasnyder@wood.com,17,Gilmore,"8825 Hall Spurs Suite 192 New Brandon, NM 47717",Elizabeth,IID#662a30d7d8138762b151d8e088966316,SKU#0b0d4b77b1494ca873f4311cc88a9fde
2016-09-14,2319691413,2287.34,meagan28@hotmail.com,22,Deleon,"939 Kara Ville Apt. 590 Bowersbury, KY 35853",Courtney,IID#9097727cfdd8e6f125b62ad4e52dc601,SKU#bceef68cb887519b438771840de07a60
2016-09-16,0006917917,1836.8999999999999,robertjennings@ross-brooks.net,18,Ortiz,"425 Cynthia Port Antoniostad, PA 52976",Lori,IID#13ad0dbaa4a227a1e6201adcb74c4125,SKU#a9320a41ac8208a54979900a8ff67dd9
2016-09-16,0050473719,598.77,dianephillips@russell.com,9,Nelson,"PSC 7429, Box 2472 APO AE 60463",Don,IID#6d6e4044af0d70067cd981370f2571c4,SKU#f00cce6ef25de2d633f344b62423863c
2016-09-19,0935680523,1756.1999999999998,nancystephens@cooper.com,12,Mccann,"56304 Andrea Islands Suite 026 Davidfort, VT 64952",Meghan,IID#041cbbfdbd0fbb4d8eb7487bd07d561a,SKU#d4897692e4e8fd9d6057240671619925
2016-09-21,6163397848,829.14,raventran@hotmail.com,13,Reynolds,"USNV Morris FPO AP 45975",Ronald,IID#73d4d98aa9822dcf0c102a67ddfece9c,SKU#c183857770364b05c2011bdebb914ed3
2016-09-24,7598563085,601.68,scottphilip@gmail.com,8,Cooper,"65940 Ward Mountain Suite 941 Anitachester, NM 87233",Hunter,IID#4b80cf6a1d26ed33caa44d4805385363,SKU#9bee828c5de502e00aee1e671bf43bd8
2016-09-30,3311375622,1669.5900000000001,fclark@dominguez.info,13,Long,"632 Jennifer Radial Apt. 772 Stephanieshire, KS 39320",Robert,IID#6e818db9b636338f832e25ec433bf316,SKU#f159f67739ff0623442a955c060d49bc
2016-10-02,7070350405,2752.15,john20@jones.org,19,Walker,"PSC 5432, Box 2924 APO AE 90452",Nicole,IID#304b477fd0d496a4a2f2b81a565e5f20,SKU#c9e547be3e3a1f035bf4b987dc1ea897
2016-10-05,7901091385,3532.76,millerpamela@hotmail.com,22,Allen,"827 Jonathan Mission South Shannonborough, RI 62664",Stephanie,IID#7ec0519ea7b727e4c309014fb234987f,SKU#49a599e1d83dba28fc110fbde5e42340
2016-10-05,3459559923,3071.0,rebecca44@hawkins-rogers.info,20,Nguyen,"19165 Hayley Landing Suite 395 Markberg, NY 38243",Nicole,IID#391c6181d51dc6df87b3c1ebec59cc53,SKU#1ef5e829303a139ce967440e0cdca10c
2016-10-08,9069010294,997.6899999999999,kaitlin79@hotmail.com,19,Hoffman,"1145 Bush Forks Apt. 954 Laceyborough, NE 69673",William,IID#ac807bec7337c00ffdf2fcf732674105,SKU#2b62a30906a2b8bf3b68abd2ef9d105b
2016-10-13,8101631875,284.1,taylorian@yahoo.com,6,Scott,"46474 Brown Loaf Apt. 416 New Veronica, ND 59633",Charles,IID#aa8f6af9c235425ad463cec6e1659c43,SKU#b2d9d5b06c044b2b0e6ecb4e66d28f1d
2016-10-14,9949988565,2461.2599999999998,michaeldyer@lee.com,19,Hayes,"901 Todd Wall Aliciaberg, OR 12471",Laura,IID#006b55925837a3e388dff6e306abf25b,SKU#e2365bc6a6fbd41287fae648437296fa
2016-10-15,6596997593,1079.04,twatson@peterson.com,24,Hicks,"0736 Williams Loaf Mcgeetown, KS 84124",Angela,IID#413d2db5d597f427a8fd60fdf005d2d2,SKU#a4bd1877f0712efcc681d33d58777e55
2016-10-16,1916034164,676.89,joshuacaldwell@jackson-shaw.com,9,Hill,"202 Aaron Forges Suite 784 Lake Lindaside, DE 76261",Debbie,IID#a26ee4d95a9dc1f3ef048d5ba2f1617f,SKU#9bee828c5de502e00aee1e671bf43bd8
2016-10-17,7737374216,3669.12,kevin27@young.com,24,Gonzales,"9065 Patton Parkways Apt. 196 Sarahhaven, NV 33663",Tiffany,IID#6d748b05ce45f74e96043142d02f7e1b,SKU#27f4380737c6edbfc219e4bc35bc95a9
2016-11-03,3169540579,894.6,maria02@hotmail.com,9,Jordan,"484 Kenneth Cape Davismouth, DC 73252",Kelly,IID#029665bf2f07121aab04297478057018,SKU#c509359f498aa0d1f98b7c29ca3c9bfe
2016-11-08,7358597957,777.14,pennymoore@sanchez-herrera.com,13,Holmes,"146 Jeffrey Stream Suite 997 South Carla, MS 05137",Sydney,IID#2e59457f819f498329095068fbe8442b,SKU#96228de58ca280b629fcb6069cb085b5
2016-11-10,8622608721,2191.84,vrose@howard.net,16,Robinson,"Unit 1240 Box 9785 DPO AP 62669",Christina,IID#e989e7160d11527eb05bfa3dc3095ac2,SKU#c39b7233fa0699b3cd333f9f0be738e4
2016-11-12,2773083693,738.1999999999999,broberts@hotmail.com,10,Fleming,"110 Boone Freeway East Juantown, RI 78544",Cheryl,IID#941c34651d15a5dbb95f40d3b583a6a4,SKU#ea7d7bd6eece99eb35daa1e5f1decd60
2016-11-14,6163835564,771.5500000000001,craig15@yahoo.com,13,Washington,"38192 Johnson Island Johnsonmouth, NV 33138",Austin,IID#0a399844bd6891644382ea3dc2efc7e0,SKU#5360ef677082dfe564ef95512b89995a
2016-11-16,9084810814,1000.4399999999999,odonnellamanda@conway-kennedy.info,14,Moore,"USCGC Fields FPO AE 05601",Kimberly,IID#eca6f6fbd024c5796e42ce72b31805e9,SKU#420d8ce955a48dbad2fcb7acbdee3d06
2016-11-19,8070469240,755.8,carla38@yahoo.com,10,Williams,"55122 Johnson Ford New Terrenceshire, CO 32678",Chelsea,IID#ab4b16c3e5f695970226481f3276e6da,SKU#56f8973f2639280b45ca0ac1ffc486f7
2016-11-19,4768383365,766.2199999999999,kimriggs@benson-thornton.net,14,Carlson,"60923 Allen Motorway Whiteton, KS 31993",Susan,IID#2faf421bb69c9bacdfba0a87875ae4a4,SKU#eaed3e93aeb3c33f31c3b1e573974fdd
2016-12-01,4377312197,1168.7400000000002,wjohnson@hill.biz,18,Lewis,"95622 Crystal Forest Suite 020 Margaretfort, MA 98624",Steve,IID#77c44bab4bf68b04578e3b7061d5b67f,SKU#a5918ee1d73725c199f00b9d09e9ef4f
2016-12-03,8977888191,2552.0,erneststein@schneider.info,16,Green,"500 Scott Plaza Suite 052 Jamesview, MS 92260",Timothy,IID#a448d3fc2e8209e90375d847deafbf49,SKU#e7b188938a141c90dda76cc258c01f8b
2016-12-03,3997484462,2237.82,chadwilliams@yahoo.com,19,Freeman,"581 Newton Tunnel Candaceside, ID 92924",Shawn,IID#582bc7384cd5d68c429ef9431c10e21e,SKU#c4a74966fcbe9818f465c7d7d8665695
2016-12-12,6271208293,1353.84,ksherman@hotmail.com,24,Gonzalez,"Unit 9410 Box 1345 DPO AA 77284",Kathleen,IID#0b89999c7f3e86214a754afcc401efc5,SKU#2545788bb1d4ac5ab99547c491dff7d5
2016-12-16,4326831796,741.93,udavis@yahoo.com,7,Davenport,"304 Valdez Avenue Suite 265 Collinston, GA 25068",Edward,IID#623d6cc6062ee902fffd0690909cf073,SKU#ff9a2d3be0b1b401f5bbae30ab62a24d
2016-12-17,3311375622,1107.84,fclark@dominguez.info,12,Long,"632 Jennifer Radial Apt. 772 Stephanieshire, KS 39320",Robert,IID#229dc8ef0583e037b02a4cedcf9fb58c,SKU#add75a57dfc7c20c1759a6c6a7aa9065
2016-12-25,2370920856,547.1700000000001,omarlewis@hotmail.com,13,Coleman,"23115 Davis Coves Harrismouth, SD 84717",Steven,IID#22651934a705f0f3a8f900c7f8a91790,SKU#7a265747dc11d8a73c0ce39f3d0c6b7a
2017-01-08,4013638793,764.8199999999999,mejiarandy@garcia.com,6,Wilkins,"8253 Johnson Islands New Crystal, MA 71833",Eric,IID#b646a66d28eb3d942b8e2531bb5a84a6,SKU#5fcfa8adf29eda71e622d3242e753a65
2017-01-16,9065154852,1834.47,steven62@gmail.com,17,Joseph,"97374 Mcintosh Street Lake Jennifermouth, ND 71802",Mr.,IID#42559a007301583d1b491c1eb38e3132,SKU#914841b68ebe1171b88afe454b9c6aec
2017-01-22,1182350621,497.4,vsimmons@yahoo.com,15,Evans,"26146 Justin Skyway Suite 501 Hillbury, NE 83188",Casey,IID#d331b11854f966cb4e5265a971af8f44,SKU#174dd930129aabe1739c4ceb4aee97b8
2017-01-25,5431883442,3232.32,bhernandez@watson-floyd.biz,24,Brown,"PSC 6572, Box 7042 APO AP 39385",Stephanie,IID#c04fa11a7495254ca7f30df86a35ff0e,SKU#a3e4a389dc43d310923fb62d5ab16a1c
2017-01-27,7176210457,637.77,fparsons@hotmail.com,21,Jackson,"09069 Mann Fort Reedbury, CO 89271",Emily,IID#d3833edde038d53b65843ea8184393ed,SKU#6682f9baf3150eadb9e47d4d8b59780b
2017-02-01,4887238325,728.27,ugreene@gmail.com,19,Parker,"4061 Smith Loop Suite 174 Klineborough, NV 16878",Jeremy,IID#e1cfbea18a28949ee17d5c1b84ed34d0,SKU#27a7404c386f389ca798dcafa2b279d2
2017-02-08,1513778273,1234.68,cheryljohnson@hotmail.com,12,William,"5844 Hayes Flats Robertborough, CT 56340",Mr.,IID#8c4b0cbb781e839318d9bca266024c83,SKU#4fb90e5f1623b15a43cc85e33b0aa82f
2017-02-10,2174436390,624.9,brian69@hotmail.com,15,Nichols,"46585 Douglas Port Andrewfort, CT 02095",Tina,IID#c967daf6f23543aa832eb5a0354095cd,SKU#d585e8dcb6b35de1212e2b54b34c3eef
2017-02-15,8238205002,686.88,jason61@hotmail.com,16,Morgan,"39274 Cox Islands Apt. 421 New Jonathan, SD 80248",Thomas,IID#b9c5242ac83157848f07751e95ed14bd,SKU#86ae25fd8fc8ff16262133e5e6b578bc
2017-02-17,6932057507,1769.25,ricenatasha@hotmail.com,15,Moreno,"7985 Flores Mountains Suite 296 West Melindastad, PA 57088",Melissa,IID#822859125e73ebced6569e2469a1face,SKU#40c597f6feffcb98183b78890754bb60
2017-02-18,5007692859,1745.52,christine69@hotmail.com,12,Morris,"658 Kyle Row Suite 256 Lawrenceshire, ID 36032",Lauren,IID#0e356568ffea4015e85e7c6987ef9ef6,SKU#78d9c664c638a1d59b95c322a29da3f9
2017-02-21,4880440333,3023.6000000000004,barbara01@blevins.org,20,Levy,"61159 Jason Courts Jackieside, IA 83081",Tiffany,IID#a4c289b2848d8a5442d78d94245cd201,SKU#772875461e04d2cea8f9b108987ddf52
2017-03-05,9889869193,2165.12,rjohnson@hotmail.com,16,Hart,"6634 Shannon Turnpike Apt. 517 New Karen, NY 00676",Joel,IID#40706592bc0655820391fe0194176334,SKU#3b5d3c7d207e37dceeedd301e35e2e58
2017-03-08,0935680523,744.99,nancystephens@cooper.com,19,Mccann,"56304 Andrea Islands Suite 026 Davidfort, VT 64952",Meghan,IID#3e8970565b8f365d1df8f17cb06abd11,SKU#d13b5ffdeb538f15ee1d30f2788601d5
2017-03-08,9653944569,1275.0,zmorales@hotmail.com,17,Owen,"7322 Kennedy Light Morrisville, NV 70526",Mary,IID#08abe502ec8188e798db9abb2054740e,SKU#47ff153f1d7396fa513426e9b17c9670
2017-03-16,2462191110,1381.14,qcohen@yahoo.com,18,Hill,"2791 Edwards Island Timchester, OR 75702",Deborah,IID#90350327dab6735145cd87f83e766bcf,SKU#0a1d79402574d8958b3bf6006ffeb52e
2017-03-17,5487219806,1995.1399999999999,millerwilliam@vazquez-norris.biz,14,Gallegos,"USNS Lynch FPO AA 04811",Jason,IID#c8bb7c3d07150c9375ccc3ca1f9f7309,SKU#7dea362b3fac8e00956a4952a3d4f474
2017-03-21,8194276641,1393.92,holly92@gmail.com,12,Brown,"365 Chad Cliffs Suite 659 South Tracy, MT 35327",David,IID#ef9215c0d6500e6e3cacfce9a333d788,SKU#295952536db5fbb6a2a731247021f555
2017-03-23,3067095628,965.76,jamesschultz@yahoo.com,12,Gomez,"9335 Sanders Heights Suite 348 Lindseyfurt, ME 60169",William,IID#fa942e41197de4ad364dd4ca1f8d78f2,SKU#e2aa232794d64feb5851d2e48454c4c2
2017-03-26,4870612113,1162.98,santosmelissa@hotmail.com,21,Green,"2630 Cooper Orchard Timothyshire, DC 05186",Sabrina,IID#a15ed86f89931863756e95cdde5b8dae,SKU#1ef0dd39f3e292cb93ad6ffaebe33c83
2017-04-08,7542696642,1566.74,lauracoffey@hotmail.com,14,Campbell,"6345 Smith Crossing Port Alexander, CO 10294",Holly,IID#7d361d33a8ed4c6d8c26c24e5908f182,SKU#530760e26291763b437871583c568557
2017-04-09,0499901546,3187.38,kennethlewis@stephens-coleman.com,21,Campbell,"972 Kimberly Crescent Port Roberto, CO 34640",Mark,IID#935e37bc1184b5ad5de39eb66e7865b1,SKU#7932190646d24e951872b8885857ebde
2017-04-10,2406940389,1072.6100000000001,michellewilson@yahoo.com,11,Watson,"4595 Sanchez Overpass East Frederick, AK 98097",Timothy,IID#7524577abdc9b549350a8143c7ce32c1,SKU#e6b62b76fb2eb2a0e0adde0c067da680
2017-04-13,3604569544,1938.95,keithperez@lewis-brewer.com,19,Gutierrez,"2933 Martin Vista Suite 127 Petersview, WV 69109",Michael,IID#50f73546ef97f11467f884d6ce7e2db2,SKU#a9320a41ac8208a54979900a8ff67dd9
2017-04-16,5323948124,1306.1399999999999,cindysampson@hotmail.com,22,Roach,"2247 Andrew Rapid Suite 675 North Ashleyview, MN 19167",Kathleen,IID#54c665deb4e233cc03fd64f3d97f5e36,SKU#6cbbe3240a203b0ff387d9bbdadd49ef
2017-04-18,5764350379,1755.42,fwilliams@yahoo.com,17,Cameron,"012 Santiago Meadow Bradshawfurt, UT 35833",Thomas,IID#153301137aa15a28b87efb0dc5f84876,SKU#c0b93373a888cd938e2ffa94a2f1c4bc
2017-04-24,5386470243,2657.76,jwatson@thompson.org,21,Hart,"7682 Michael Drive Tracymouth, OK 04761",Francisco,IID#b1d4bc7df418b4c6ab5fdf8c244914c6,SKU#654285e76e3062621bb2a7abadeb9214
2017-05-07,3385612163,422.4,johnnelson@petty.net,11,Hernandez,"4819 Nancy Springs Apt. 965 West Mary, WA 21256",Grant,IID#52e2e682fa237e7d192531d60e20a909,SKU#7d55ee3cd459ee3c66cf971fcbffeb10
2017-05-16,4065874171,2133.44,gcuevas@gmail.com,16,Boyle,"92060 Berg Coves Jimmyview, NH 05895",Eric,IID#8d8b18b1db8a6ae8c30577cc236fb7a9,SKU#897208d5df122e307ab837d982b2c085
2017-06-01,6666227052,926.64,brian04@hotmail.com,11,Walters,"308 Farmer Cape East Leviview, VT 65753",Tara,IID#97e1ff60b72d42bc90ae1ee79aff8026,SKU#d898504a722bff1524134c6ab6a5eaa5
2017-06-07,9911364445,1272.6000000000001,aaron64@yahoo.com,10,Little,"8614 Brittany Falls Jamesmouth, RI 44387",Kyle,IID#9f4ab5b5ce1cb15a2f8f007c4c502ea0,SKU#4b4201042e41e0a6e066614a9d7a0584
2017-06-12,3663517608,1857.9599999999998,sheppardcody@meyer.com,26,Lawson,"95282 Michael Glen Suite 216 Jamesfurt, AL 61002",Elizabeth,IID#dd7e76e4d8f1fbce6111b421b8893a82,SKU#420d8ce955a48dbad2fcb7acbdee3d06
2017-06-16,9860110628,1417.7800000000002,carpenterkathleen@duncan.com,19,Jackson,"8377 Bartlett Light Apt. 392 Bryantside, OR 80578",Rachel,IID#cd338091155bf6e753c5df3d9ce0af23,SKU#bd38f281632881248ac7f09eef8a6319
2017-06-18,8195325780,1848.6,brandon69@simon-young.biz,15,Arroyo,"110 Summers Court Apt. 900 Oliverchester, NV 89784",Terri,IID#0cb0ac7e72f3a963fe6b6aa2b371d80e,SKU#15120767b40b12ccc180202acd5b968a
2017-06-22,9385255824,1115.73,melissa14@hotmail.com,11,Cross,"719 French Circle Parkerland, NH 55459",Caroline,IID#98a7f9fba72176f6c516aaeb49473e18,SKU#56ddc7efc29d7dfb0d59d10321298727
2017-06-27,8662221243,655.29,rachelwilliams@hotmail.com,9,Baker,"0084 Jennifer Mission North Ethan, AL 81815",Rebecca,IID#1074f1296dc0c467c2c1b860c9d25ee3,SKU#b9d0bbf41234c5021f8d5f280421c4b6
2017-06-27,7068480847,2974.75,erin90@young.com,25,Daniels,"507 Katherine Lakes Apt. 725 Emilymouth, CA 34183",Diane,IID#ff28b4e9fed207b9c3b4bab4bc0b4fff,SKU#301657e2669b4c76979a15f801cc2adf
2017-06-28,2305641796,1059.63,romerodanielle@woods.com,19,George,"PSC 3408, Box 2441 APO AA 77274",Frederick,IID#98e98fb72db2c197760ff082b3d0ffc1,SKU#4f8314c91ac9fe6397eafe6355213999
2017-06-30,9263672417,1756.1999999999998,steven15@clark.com,12,Wilson,"2631 Steele Landing Suite 274 Collinsmouth, NM 18846",Renee,IID#3ce4bc93e22c293b17d0f6785de4c125,SKU#d4897692e4e8fd9d6057240671619925
2017-07-05,7022626404,2892.02,garrettmelissa@hotmail.com,23,Palmer,"52785 Stafford Path Apt. 493 South Stephen, MA 07350",William,IID#ea941df0a2524914e85c7c143b96c3d4,SKU#9ed1bb09f1363bd8feca8a5702f45b5b
2017-07-11,9674970759,949.8000000000001,paul43@wilcox.com,12,Richard,"2527 Roach Roads Raymondton, TN 15452",Willie,IID#021e75ba0e1eb239c00a8e9e36a3f412,SKU#bf7abfdb63237357df8b9ac253005496
2017-07-12,2672470958,1750.35,adamsjared@carter.biz,15,Galvan,"7599 Torres Port Taraborough, UT 72400",Michael,IID#3185e8f013f615689bdb198a9b1ea7f6,SKU#49e885c1bd66fc43e856a00e59d71188
2017-07-16,8105513466,333.96,christina11@yahoo.com,12,Martinez,"159 Diaz Field Suite 921 New Philip, PA 98298",Darren,IID#1b00cc34df208f978f5c1400ffef4c65,SKU#48e296d8287ae11c252e4277ee885161
2017-07-29,8534479176,1666.08,hjackson@fox.com,12,Clark,"29302 Jacob Ports Suite 998 New Amyport, NV 48852",Brandy,IID#d429a0ab44054373398ae079d9f0b0f8,SKU#d3bce61532ced65bb969696f79f01172
2017-07-30,6113843042,1007.6,jason40@jenkins.info,20,Vasquez,"46416 Lopez Trail Jenniferstad, KS 43196",Wayne,IID#a2f53dc69e82d8e863e4fa0a3641fb13,SKU#f3c8bdb6b9df478f227af2ce61c8a5a1
2017-07-30,9629868657,1046.69,dgarcia@gmail.com,17,Mitchell,"45868 Melissa Shoal Suite 009 Thomasfort, RI 95176",Bruce,IID#bfa7a947265f3fb113b82029bbef4e16,SKU#93908b8b3f9dc8a6ffadacc8c2f8098a
2017-07-31,9186169579,870.4000000000001,bmcguire@yahoo.com,17,Mejia,"022 Daniel Groves South Lauren, NJ 51444",Michelle,IID#fe0c852d4596232b7662252968352daf,SKU#8c1d71b2bf2d4d1eea6a825412dd4544
2017-08-02,8622608721,1280.89,vrose@howard.net,13,Robinson,"Unit 1240 Box 9785 DPO AP 62669",Christina,IID#a15a946d6b77e8dd0324b8f6f4ed6cb9,SKU#c95483c701c7fc677e89f2c44f98a30b
2017-08-04,9398068768,1472.37,iwade@ray.com,17,Reese,"87792 Hernandez Pine South Christopherview, NM 93532",Matthew,IID#5093abf7619bdc160b96704c1f7eb3b7,SKU#dc69f44be7d9431c3fc97a266c2c147b
2017-08-06,1054256704,1403.16,rellison@yahoo.com,22,Wade,"411 Christine Well North Jacobfort, OR 27008",Jeffery,IID#5ce34af430fe41b096eaa85baa44de43,SKU#c183857770364b05c2011bdebb914ed3
2017-08-11,3137263005,668.0,shester@yahoo.com,10,Ryan,"77036 David Mountain Suite 094 New Briannaberg, TN 75777",Matthew,IID#4f44900567504913b191c21363bef369,SKU#a7e867cf39a53ef26a70614e2830b90c
2017-08-25,5710875085,631.8000000000001,samantha25@yahoo.com,18,Rodriguez,"3855 Shannon Rest North Victorland, DE 72436",Amanda,IID#309e5eca3b305a6582c76e0889244802,SKU#6b43b583e2b662724b6fbb5189f6ab28
2017-08-25,7050897226,959.28,qdonovan@gmail.com,21,Jacobson,"032 Turner Port Suite 679 Dominguezberg, AL 29802",Megan,IID#8f1633acdde1e42079a0cc2ffdb365a2,SKU#186129784bd76837125350e15ff96118
2017-08-26,7490347399,2647.0,medinabrittany@gmail.com,20,Villa,"4254 Travis Fords Suite 631 Charlestown, MS 12550",Ashley,IID#51845ffa20c091b1a61aff47dcdcd00a,SKU#ead9e956ece48d39b5f5a4f685c7d63f
2017-08-28,7427962511,1745.6999999999998,markolson@hotmail.com,22,Harris,"504 Monroe Run Suite 370 Denisemouth, WV 60558",Jose,IID#20f169174ca7c94c8c925d04d04c8b6d,SKU#23c4b75a013f079d2b01dd6d9cb25855
2017-09-09,6574015691,1102.1999999999998,sbooker@yahoo.com,12,Petty,"081 Love Motorway Suite 382 New Ryanchester, CT 12287",Tristan,IID#b0a2e13b7116980765f6993de846c801,SKU#6289d77cc58fd2a1816d396fdc5696c6
2017-09-11,6646848587,1112.76,lindsay83@yahoo.com,22,Mcdonald,"USNV Rogers FPO AE 74033",Daniel,IID#50d062958142f91f72a0a656d1a9f18c,SKU#5154ac663d45cfaf699056fe8cdd3085
2017-09-18,6796237169,2300.44,howardherrera@lewis.com,17,Wise,"14091 Howard Extension Suite 862 Kevinton, MD 38969",Theresa,IID#0fb5c3298438eec505ec74a68f13825b,SKU#3b5d3c7d207e37dceeedd301e35e2e58
2017-09-18,6042347137,2644.2000000000003,veronica16@ross-chen.com,20,Munoz,"73161 Andrew Point Tuckermouth, MO 43674",Robert,IID#ba11b834657837fe246e6c1571e00e5e,SKU#0219d056409b3b29171b3b2ed66edcf7
2017-09-20,5849012196,1518.84,anelson@wilkinson.org,12,Gibson,"65749 Vaughn Rapid Apt. 868 North Kathleen, LA 65839",Carmen,IID#0231a10415a008d131d2b5ecd0e794c8,SKU#881bd819b630b74c878755bdc8a8a83a
2017-10-11,4612007360,1559.55,holly73@dominguez-williams.biz,15,Wright,"1374 Elijah Branch Suite 965 North Jennifer, OK 16963",Benjamin,IID#78fe452c564a6182ade7894e28cf2b28,SKU#bceef68cb887519b438771840de07a60
2017-10-12,5732751544,1456.62,hannah66@merritt.com,11,Robinson,"9514 Edward Ways Rodneyside, CO 59261",Elizabeth,IID#d447234d382e728f962adf3025d04fad,SKU#e2a482a3896964675811dba0bfde2f0b
2017-10-15,3593688752,1818.4,nward@schwartz.biz,16,Jones,"79217 Bryan Fork East Davidport, WI 65880",Xavier,IID#e11e9a8e7d51b29bf926fd23f1387840,SKU#385bea3f7f645aa973e0f50400c25979
2017-10-22,2189662383,969.15,uelliott@manning.com,15,Fry,"5285 Marcus Route Bobbyfort, AL 61659",Christine,IID#7bfb93af7af0bfae8ce4f360c9bc06b1,SKU#4e457115e6bd5c9e87ee47ab909229f3
2017-10-24,0188005183,1517.01,courtneymclaughlin@yahoo.com,11,Simpson,"723 Timothy Lights Susanshire, HI 41731",David,IID#1bea22e184dbcbb48461b3dd97053fe1,SKU#17536ccbe836e9925123bcb6f1dae7a0
2017-10-24,5392962718,828.75,nguyenrobert@gmail.com,17,Kent,"01335 Bethany Mount Apt. 689 Port Joshua, NM 25277",Kim,IID#9c5a249e27c988a9832bfe192bd99a70,SKU#7789b96e540c3937f4d29c97af4ee529
2017-10-27,9542718074,909.5,jacob60@yahoo.com,10,Fisher,"944 David Cliff Suite 330 Bradleyhaven, CA 26865",Jeffrey,IID#7c39738779c81f22b054fecde26f6b55,SKU#0d7db7ff842f89a36b58fa2541de2a6c
2017-10-30,5688507549,900.0,teresa01@yahoo.com,12,Murphy,"3871 Kimberly Curve Brownbury, SD 87780",Rodney,IID#a05a4b18bc683d07ecdc50b05d6bceab,SKU#47ff153f1d7396fa513426e9b17c9670
2017-10-31,4533189587,1114.82,rogersheidi@gmail.com,14,Lowe,"PSC 2317, Box 2998 APO AP 94254",Raymond,IID#d7245e6a20023aa3a607ae450eb89163,SKU#0dc1064a99d6b21485f3f758b2dfd8e0
2017-11-04,2432739256,2725.7400000000002,chelsea71@edwards.info,18,Santana,"383 Hansen Rapid Stephanieside, WA 76637",Rachel,IID#08144faa65595547a63801505c39079f,SKU#3bac3955df083f05f22216471cb87fe0
2017-11-09,6908180547,751.68,marylee@gmail.com,9,Owens,"32801 Cameron Villages South Rachaelchester, MO 72930",Gail,IID#4f2f6451bcba5018f7a2ddd05e5b3642,SKU#8f869fc4a3473614660a422d11365947
2017-11-09,8342319079,2408.25,michael88@gmail.com,19,Walls,"1669 Monica Court Apt. 689 East Kelsey, MS 04340",Amanda,IID#c9a45af5502233d7d0e4a352175b7173,SKU#60c6b126049a35e50fffeadf17279275
2017-11-14,1732677859,500.93999999999994,cassandra76@gmail.com,18,Howard,"418 Ford Landing Lake Chelsea, MT 37531",Devin,IID#215a763a238fb1ff471b95f3076eeea2,SKU#48e296d8287ae11c252e4277ee885161
2017-11-14,1831779973,1324.92,derrickrose@gmail.com,12,Potter,"4368 Jackson Street Apt. 220 Lake Jamesville, CA 69436",Timothy,IID#c3162a59db68fd2aa56f96be8afc25c6,SKU#0e2e640b11f60ae0769bca010bdc6ecc
2017-11-18,4452718076,2765.6,cmartinez@obrien.biz,20,Shelton,"58137 Boyd Route Cheryltown, ID 84114",Toni,IID#bebe7e3a4e3f5f52e28446dae8bc9e7e,SKU#bec7e4f13de9f987d917998cf040754d
2017-11-20,7757904075,1568.7,hfuentes@gmail.com,21,Thomas,"5422 Michael Knoll Susanborough, LA 38505",Laura,IID#ccb311d9e34229bb52934ebf9623e810,SKU#26ed62afc80812fb9b14ad6ca4f32b86
2017-11-23,5855711565,3086.37,parkerkaren@hughes.com,21,Carlson,"293 Flowers Islands Apt. 224 Lake Robertbury, TX 16743",James,IID#3ab80355b29a6b562fe52e956a118210,SKU#e62da29ac3a82185101eb38cb426322a
2017-11-23,6959052034,640.53,xarcher@hotmail.com,11,Collins,"62898 Howard Gardens East Cynthia, MS 18245",Kenneth,IID#9ae48815fb29c96ae69deadb3a56475c,SKU#dcf346fa83e19956e968b4d76e185ab1
2017-12-03,6049340737,2318.8,andressimmons@hotmail.com,22,Hensley,"710 Brian Valley Apt. 016 Allenville, MN 79015",Jacqueline,IID#5a394e22a840b35716a65ed800cc3f8f,SKU#617f292bebf954b26d56f326b51c8a82
2017-12-04,3157173662,255.36,george42@williams.com,16,Harmon,"16548 Williams Heights Apt. 804 Tammyfurt, NM 63315",Adrian,IID#7c38d8fcbbaa874f960e7a015e89931e,SKU#c0dff1da881341b4e8b54a9cb6c91fff
2017-12-04,9242683179,2266.4,matthew45@yahoo.com,16,Garcia,"42574 Ball River New Donaldstad, VT 35867",Jimmy,IID#a2e9e0732f25ce334c65b03600a6790b,SKU#3f1151e276816a851f7d8b831a109e59
2017-12-12,0281423627,405.46,brian45@gmail.com,11,Ortiz,"208 Holt Corners Port Christina, GA 93792",Mitchell,IID#a5ccd1ea524620d87e89abdb041249ac,SKU#0a25e7fe3131a04b8683607a189dcba7
2017-12-14,4046437920,866.64,sking@hotmail.com,12,Edwards,"9519 Kayla Spurs Apt. 190 New Benjamin, TX 76128",Jennifer,IID#e0a4e5e688e621ea4f95362d923be710,SKU#9a921c4351f15b4a634f0d4ba412952e
2017-12-15,5858543773,1441.26,caitlinmcdaniel@murphy-jenkins.info,17,Hamilton,"69017 Chang Course Apt. 336 Kennethstad, WI 81770",Matthew,IID#ebefd6a1623743cf4d5038d16a675a25,SKU#6d0bb00954ceb7fbee436bb55a8397a9
2017-12-16,3436887849,2418.88,dana28@powell.com,16,Kirk,"819 Susan Road Elizabethbury, UT 40634",Ashley,IID#119983fca3c9150abd1283c0f61b0c35,SKU#772875461e04d2cea8f9b108987ddf52
2017-12-22,4715691734,1417.9,lynchbrian@bradford-martin.org,22,Hansen,"1797 Jamie Alley Lake Melissa, AL 30563",Diana,IID#7cd798b8f0348aedfe3a64b543235e1c,SKU#3676e04cd30ad97e0534f53d580be89a
2017-12-26,2230986261,1619.6399999999999,ccurtis@foley.org,12,Cook,"76099 Rivers Mills Apt. 829 Jenniferville, TN 71948",Susan,IID#6818cd9a22022b9953ebff575360ff82,SKU#0b91f1d54f932dc6382dc69f197900cf
2017-12-27,4861617739,252.42000000000002,jacob97@anderson.com,14,Aguirre,"49855 Hale Park Carrside, CO 18332",Andrea,IID#0a802c50e94c66716e7c16aa9b8ba6aa,SKU#ec8d9cf15661e1e246997637ac868ca2
2017-12-29,0355044790,974.6999999999999,juanross@yahoo.com,18,Gaines,"2627 Andrews Alley West David, GA 94198",Carla,IID#70d5734b13ee49a73e5ac445ce481946,SKU#685fa71c2a5da989cb57c7150484805a
2018-01-01,3657450310,919.38,abentley@hotmail.com,22,Wilson,"620 Robert Valley Anthonyport, RI 43878",Daniel,IID#b49a06ab59426e2309f98127f62eac37,SKU#7c97756c2c035ebcfe9208dd86591df7
2018-01-07,7262173560,1371.15,ruthhall@johnson.info,11,Wilson,"49941 Parker Burgs Suite 801 New Aprilfurt, MT 19655",Zachary,IID#ece1697e87b129b5c0f921bd57bbf16e,SKU#65c9f3fb24b80d8c470d518f901b9c60
2018-01-14,6891600517,1457.8700000000001,rtaylor@hotmail.com,19,Bowen,"082 Harris Ridges Morrisburgh, HI 31634",John,IID#7def55f71578da9eb02fd3bb6a824790,SKU#0a1d79402574d8958b3bf6006ffeb52e
2018-01-14,4612007360,1169.55,holly73@dominguez-williams.biz,23,Wright,"1374 Elijah Branch Suite 965 North Jennifer, OK 16963",Benjamin,IID#8c31da672f4b5cb2cc914e89f7cdaeeb,SKU#cd0df1f985456c7aec307c9864ca9d18
2018-01-24,1584431961,2641.32,zgraham@lopez.com,23,Wiggins,"37859 Nielsen Extensions New Elizabeth, AL 46898",Michael,IID#7868d169e17f3e74d7283acd9bb0673d,SKU#92c4e1d4dc466fe795ad3790b1a5d402
2018-01-24,3466170766,1580.6999999999998,murphyjulia@aguirre.com,22,Obrien,"798 Peter Village Suite 773 Ericksonfurt, CA 99502",Colleen,IID#7897850613216ea2436d81507b39eb89,SKU#b5d466335d65b171b686700dee05ef74
2018-02-10,4749995277,274.15,edwinclark@ortiz.biz,5,Mcguire,"7864 Kevin Islands Apt. 954 Belindaton, AZ 75155",Amanda,IID#9f0e28e681e8d594ddef6efa4e484223,SKU#81e4bf29a6552cb0df60980b937ed4a3
2018-02-10,6663820206,1771.8400000000001,wardderek@duncan-evans.biz,14,Hansen,"37775 Jacobson Radial Erikhaven, AZ 23183",Robert,IID#5951064d8c26497e4fc31ccfd1a01b3d,SKU#654285e76e3062621bb2a7abadeb9214
2018-02-11,4456583411,1883.05,owenmary@grant.com,13,Curry,"254 Gary Extensions Allenport, MD 90109",Judy,IID#050d9659598440f4e2c705607bd82a89,SKU#c9e547be3e3a1f035bf4b987dc1ea897
2018-02-13,1720017270,2060.96,andersonmelissa@cardenas.com,16,Mitchell,"710 Riley Stream East Jamesfurt, MS 44198",Amanda,IID#e54d3a0769032d45fee17a30e648c0f4,SKU#9514014b584e9f64861edce0cc3440d7
2018-02-15,9727844847,755.99,greed@houston-livingston.biz,17,Patterson,"41684 Cline Burgs Suite 108 Lake Brenda, NH 78167",Paige,IID#a7fb94b217b93ed6c37b9c660e508ded,SKU#1db1bd9f0f3d2c261347ca9b278351e8
2018-02-16,1443627946,1755.42,christopherhubbard@yahoo.com,17,Shelton,"433 Maria Streets Apt. 772 Danielside, OK 67123",Victoria,IID#20bd14076cff2ee330a8684c8dca439d,SKU#c0b93373a888cd938e2ffa94a2f1c4bc
2018-02-18,9629868657,1856.92,dgarcia@gmail.com,13,Mitchell,"45868 Melissa Shoal Suite 009 Thomasfort, RI 95176",Bruce,IID#2758e5dca0d0fde497883d8e35f96774,SKU#0d4ec840c1db49efd9ea0f2dd0a7c66e
2018-02-18,6574015691,482.37,sbooker@yahoo.com,7,Petty,"081 Love Motorway Suite 382 New Ryanchester, CT 12287",Tristan,IID#62451722a2d872face477f1449deaa87,SKU#4d0b69927be3bc37da9b870cc65cb37f
2018-02-21,1416948908,1043.25,rsantiago@hernandez.org,13,Kaiser,"113 Chelsey Lodge East Valerieburgh, OH 68619",Amanda,IID#2e00c6e6491f023a7f4a50c4a893e8bf,SKU#81684c2e68ade2cd4bf9f2e8a67dd4fe
2018-02-24,8458161473,2986.4100000000003,jessicajuarez@yahoo.com,21,Shelton,"819 Alexander Oval Suite 898 Josephmouth, IN 31631",Margaret,IID#bb2f96b48678e5abfc1fc039819d24b0,SKU#d5b18e724efca67d16ef493ad8941281
2018-02-26,9091889361,894.9,janice40@hotmail.com,15,Young,"944 Justin Oval Brittanyside, OR 07525",Vanessa,IID#f1781dd7b47986288a3380f0df52add7,SKU#0941260343df16d8d62682611c1220e7
2018-03-11,6789456578,904.72,gonzalezteresa@gmail.com,8,Young,"300 Rivera Roads Apt. 007 Vincentville, NC 19516",Bryan,IID#32c4095dd90664c892415959695bb04b,SKU#a45b79d07fca5434ec3ac8f6ebdca02d
2018-03-12,5487219806,660.45,millerwilliam@vazquez-norris.biz,15,Gallegos,"USNS Lynch FPO AA 04811",Jason,IID#414623a31e1d2bc82481462db2a9704f,SKU#90b9f5f36ab38f3fef5692014ceceb78
2018-03-20,2533581502,3064.82,jenkinsstephen@cunningham.info,22,Green,"03818 Robert Estates North Thomasfort, NE 79071",Andre,IID#ae83259ead63852e873601f80f4de5fc,SKU#d71669de10ad49507e3593f5c6f6f8e4
2018-03-24,1797859453,1055.2,jacksongabriel@gmail.com,10,Arnold,"147 Travis Lights Apt. 526 Smithmouth, VT 77454",John,IID#a04da16ddee440c45d85b192b39c2191,SKU#289d79fa1b3f72457d66d918f4065e2b
2018-03-25,9928650815,1017.28,meganwright@jarvis-smith.com,16,Fowler,"0341 Meyer Viaduct Apt. 474 Williamton, ID 64558",Terri,IID#5af5bd88e1905062f571e6c733415d5a,SKU#01734878c05d2dded8c726a622fdba9e
2018-04-03,0039859893,380.4,johnny04@boyer.com,8,Brown,"58910 Alexander Land Apt. 863 New Jessica, CO 92471",Donald,IID#4a4b51e07f09f4b1fef49f387a1d30e6,SKU#efa94f64068c70cdf0270381ad3cb34d
2018-04-05,1132804651,425.7,edwardhansen@hotmail.com,10,Pena,"6928 Karla Parkways Thomasshire, IL 11828",Michael,IID#adf526d444c932bc5de2690d82493ef7,SKU#bf471a8e510e61a31dfbb1696594d56d
2018-04-07,2853523357,733.3299999999999,jessicafarrell@gmail.com,13,Young,"568 Joseph Meadows Apt. 936 Jenkinsborough, CT 34820",James,IID#373ef6d4d1fa8330a62c1e28515cea94,SKU#2545788bb1d4ac5ab99547c491dff7d5
2018-04-09,2397450058,512.05,michaelhanna@gmail.com,19,Boyd,"8704 Jeffrey Oval South Stacyview, CA 37806",Robyn,IID#9df90bd43eeece6f074a2e434a2e11f0,SKU#5ff7d39f746825178890c870b0e6562d
2018-04-10,1569061531,1932.15,kenttanya@yahoo.com,15,Bailey,"911 Vance Fall Christophermouth, MO 91937",Beth,IID#d70bb6b8e585d361d030bd6b20c3a963,SKU#9514014b584e9f64861edce0cc3440d7
2018-04-13,2911965931,1766.7,williamsutton@yahoo.com,15,Combs,"USNS Shields FPO AP 79312",Gabrielle,IID#867f51d01763a78d9c7581a3f739a56c,SKU#c4a74966fcbe9818f465c7d7d8665695
2018-04-15,5971551273,1311.6,deleonmadison@hotmail.com,20,Santos,"3205 Smith Crescent New Edwardchester, AZ 28986",Gary,IID#48c7406c6fa17206541b317912ba6133,SKU#9b1a44b7ba3d3637eba0c5ae8817ba92
2018-04-17,6204080374,1355.46,wheelermary@yahoo.com,19,Evans,"01763 Lydia Views New Shelleyville, ME 86515",Manuel,IID#148b22ee82a0ab3e0a0361db70fcb8f9,SKU#0c0753b0057a2f8db2ff040d916b016d
2018-04-21,6596997593,1114.19,twatson@peterson.com,11,Hicks,"0736 Williams Loaf Mcgeetown, KS 84124",Angela,IID#3e51a794be615b126c1718e46a99db1a,SKU#790d869f1712d38358a3f692f5e1484a
2018-04-26,4538642749,2110.5,brittany63@davis.com,15,Robinson,"433 Justin Trace Ericland, VT 56304",Stephen,IID#b38eebe8a3435b252580e091510212d6,SKU#d856b2079a58090623063f7c209ba9d7
2018-04-27,9847941064,577.04,matthewdorsey@gmail.com,8,Bush,"PSC 0089, Box 4172 APO AA 54372",Robert,IID#8df6d0e20b7c7656287a9d4735cda671,SKU#c5b7a97bda04c48435a145f2d1f9bb42
2018-04-28,6736355193,668.34,evelynmahoney@hotmail.com,18,Heath,"4035 Thompson Passage Port Alexis, KS 78260",Ronnie,IID#9e29bafbc56ad20647d373e7383d37e5,SKU#2fcd4070a198ccd99cc243ff1979f984
2018-04-29,2577232541,1557.9,walter94@gmail.com,15,Gilbert,"50690 Timothy Curve Michealtown, NY 74411",Robert,IID#fc21fe5ab88e80b7a719ee6e968dc5f0,SKU#51a0f2ace29ef86f6f71a72f908f3add
2018-05-02,2241556159,680.26,kristanguyen@scott-lawson.com,14,Williams,"6189 Shannon Forest West James, WV 74970",Adam,IID#2bad9a4407c108f12e5fb133df781db7,SKU#9c1b2a47c87f33de47ccfcdc098e1806
2018-05-07,7889879593,660.0300000000001,kpeck@hotmail.com,7,Valdez,"PSC 0247, Box 8913 APO AA 66113",Katelyn,IID#84e711fa0dd478da9a0ba6e5b49e17d0,SKU#149e9d3008eb45be7b0b57c19065d57b
2018-05-08,4949623172,495.41999999999996,mackenzie65@gmail.com,6,Jones,"97308 Davis Crest Apt. 557 West Alexanderstad, AR 63074",Jose,IID#115e636ccfaf78dc0b76825ac2a802de,SKU#f4332cb4ea9179c3b4d5f039fe518947
2018-05-16,6746116570,1726.56,nicole08@hotmail.com,16,Taylor,"6075 Sanders Pike Suite 077 New Johnville, NE 04665",Emma,IID#b209e78e8f03fb404b195958ae679dcc,SKU#914841b68ebe1171b88afe454b9c6aec
2018-05-17,4092375810,2401.38,rfoster@gmail.com,18,Smith,"Unit 4455 Box 8234 DPO AA 01389",Gilbert,IID#3b3fdf8193158db70f7a8589523dca5e,SKU#468d0dd7a404f5ec971c8fd62d0c9f2c
2018-05-23,0208807195,1982.84,kimberly60@bell.org,19,Bradford,"780 Rogers Walks Suite 241 Amandatown, MN 88931",Tim,IID#31e876b1d0b8a6fd326dd459ae21149b,SKU#a27770954f1e6caf5875ab6ea6c4bfb5
2018-05-25,2404518198,1120.98,hhanna@gonzales.biz,14,Proctor,"05605 William Mews Apt. 625 Francoville, OR 50179",Brandon,IID#9926e8ce863e053489d56085134014cb,SKU#5360b12f6a07af7be93437d215f72fca
2018-05-25,0475829686,1768.0,david01@yahoo.com,17,Nelson,"02911 Perkins Haven Apt. 454 Morganside, MS 58966",Michael,IID#00bfe1881852b0efca21a27e2be0f5ce,SKU#c1f4483271dd550a418a1b55bf3c3ae0
2018-05-29,4916270331,1038.44,owensbrian@anderson-torres.com,13,Stone,"4573 Hamilton Manor Markbury, OH 15917",Elizabeth,IID#2279879b13936cd34c7f72a865381bd3,SKU#21ff8fd6ed7dd5c42ceac626bb9798cf
2018-06-06,7598229776,1479.5,jsanders@jones.com,22,Gutierrez,"034 Romero Lodge Jeffreymouth, SD 88936",Courtney,IID#0158aae0f7bfd20b739e10214f882101,SKU#fc0bc7885ad356801903e7f9e01fba4c
2018-06-07,1192508119,2142.6800000000003,oscar99@yahoo.com,17,Thompson,"680 David Club Apt. 420 Edwardsville, NY 10974",Todd,IID#d6ddf19f16318c507642edff49e3864d,SKU#c3cb46f9be79146ac74261975eedc107
2018-06-21,8108980100,1402.1000000000001,talexander@gmail.com,14,Butler,"03537 Bryan Prairie Apt. 958 South Taraport, ID 35576",Adriana,IID#f64ac7a0b64060309f16262c4e81fd63,SKU#7319468847d7b1aee40dbf5dd963c999
2018-06-21,1732677859,490.5,cassandra76@gmail.com,18,Howard,"418 Ford Landing Lake Chelsea, MT 37531",Devin,IID#16234ade6bdd6962e499ef55d5db0c6e,SKU#323821054750939d32c26fec3a5ab7a5
2018-06-22,6451301139,1088.45,vjackson@jones.com,11,Santana,"12839 Tracy Brook Maloneview, CT 53794",Elizabeth,IID#42826148b8fa4a5ca38482f5a9f8517a,SKU#5fb38429d5d77768867c76dcbdb35194
2018-06-24,1884624591,2311.3999999999996,patricia80@larsen.com,20,West,"02231 Raymond Forest South Elizabeth, CA 31939",Megan,IID#b647268a2a265ca5e371693480f1d498,SKU#9b7eeab7d5643bb97d4595d6b3ba7c6a
2018-06-30,8829974983,1497.2400000000002,travishernandez@yahoo.com,18,Shaw,"0842 Massey Track Suite 605 South Carol, OK 40211",Kevin,IID#f0ca8d69516a29bc3db6f2b5a75a683f,SKU#f679f386067f41d85d54dd9d53f46e62
2018-07-02,6908180547,1408.4,marylee@gmail.com,20,Owens,"32801 Cameron Villages South Rachaelchester, MO 72930",Gail,IID#641e09e1c599c845315dfc9475ddf48f,SKU#94549eaabb68b67f351e0e911f88333f
2018-07-07,0484753781,758.89,gonzalezandrea@yahoo.com,11,Simmons,"Unit 4094 Box 3241 DPO AA 43026",Sarah,IID#c4ced3be1399b502b6d7583cd4b73884,SKU#05169e0f72370d5c723c60555d9d9370
2018-07-10,5062981297,2196.39,torresbradley@yahoo.com,21,Brown,"1589 Howard Landing South Rubenfurt, MT 99012",Terry,IID#bd7aa14f6770169e4cd42feea325fa93,SKU#071f4ede403a0a53ff2948a95ecbaace
2018-07-12,0001842211,2221.39,amandahill@mcdaniel-herrera.com,17,Alexander,"731 Yvonne Station Apt. 277 Kimberlyberg, NM 85448",Cindy,IID#dbd6a6715fbfeb4cfdd3144edd393083,SKU#f37e03f74576c53fda5164837a5fae01
2018-07-14,9353012709,1516.6999999999998,woodjuan@johnson-campos.info,10,Aguirre,"9888 Woods Plaza Suite 551 Steintown, AL 28965",Kyle,IID#bece4dfa8c17f8ce64f22629c510a27f,SKU#f7c78514872f9cb5585f8d69532cd2d0
2018-07-24,0367734293,2330.13,williammora@hale.com,23,Harris,"USNV Clark FPO AP 85861",Robin,IID#e34e6893abc8a66f1b473e0129025f6e,SKU#b024a04198ed894b334178e411856122
2018-07-27,8742251912,797.9399999999999,paul36@martinez.net,9,Flynn,"610 Richard Tunnel Apt. 412 North Tanyaton, IL 06850",Alyssa,IID#48ed2b5b91ec0346eb77ee63417c633f,SKU#9498994000875ab9ff9f8bd5d33ce271
2018-07-27,3552322659,1778.7599999999998,rwest@yahoo.com,18,Perez,"50983 Cruz Alley Apt. 398 Hunterfurt, KS 67098",Mark,IID#d98120a810e2d41cfe9f570564aa7348,SKU#97d6d52a254a9cbd2bad939ce1926af8
2018-07-27,2192939245,1150.64,lcole@turner-conway.org,8,Howe,"0871 Diane Common Humphreyhaven, WA 31928",Vanessa,IID#cbfd7fd57115a89c0c500a15923df472,SKU#668765baf858733a6f53e53dd878755c
2018-08-03,7655614467,1950.52,kenneth35@yahoo.com,13,Gomez,"465 Tyler Throughway Apt. 567 Williamschester, GA 83906",Philip,IID#4dd44bdbf5c205fccefff45fb9635984,SKU#33c250bf306b7cbbd3dd71b6029b8784
2018-08-18,0208807195,1450.26,kimberly60@bell.org,14,Bradford,"780 Rogers Walks Suite 241 Amandatown, MN 88931",Tim,IID#2db70238c76b8edb824f2b0d059f0112,SKU#b89c9e6a775567fb289ff3a4e15e9f5a
2018-08-19,9550352607,712.4699999999999,qmcfarland@bell.info,11,Garcia,"445 Duarte Village New Thomas, AL 94717",Juan,IID#f88649ed960ba16ade27919429ab010c,SKU#23d7bbb69fe74c98ae030ff56c1a3b95
2018-08-23,1916034164,2622.76,joshuacaldwell@jackson-shaw.com,17,Hill,"202 Aaron Forges Suite 784 Lake Lindaside, DE 76261",Debbie,IID#b0d9b4670e5f5512dd632a19776a4a34,SKU#4ae71336e44bf9bf79d2752e234818a5
2018-08-25,2495727550,1966.32,ashleenoble@williams.com,18,Walker,"6623 Joseph Brooks Suite 492 Harveybury, KS 26015",Monica,IID#d5b43883dab22cea7b5285451a019de8,SKU#a43c9e7a92068183a58b4c6c4f75bd99
2018-08-29,5036971294,594.0,rosesusan@fox.org,5,Smith,"14513 William Meadow Kathyborough, GA 03469",Brenda,IID#c91e0023704ee93f369e192e3cc1c4db,SKU#ecd0f02b413c556a1402880dd4e4fe79
2018-09-05,0515851118,1254.9399999999998,bradley58@hotmail.com,17,White,"851 Anne Fall Apt. 029 Port Benjamin, OH 42542",Peggy,IID#d016853d021a1a3620113abb9235bdb6,SKU#ea7d7bd6eece99eb35daa1e5f1decd60
2018-09-06,8822331766,1599.6000000000001,lorettaford@hotmail.com,20,Blake,"375 Meadows Grove South Krystal, CT 83962",Linda,IID#d30226e5fd33212291ec0fd0fe4e4bc1,SKU#e7dd479dbec55c2f8de230625a87e3cc
2018-09-15,9771748264,1030.92,schmidtnicole@morse.com,11,Acosta,"55986 Wright Oval Suite 025 Johnsonshire, RI 84607",Cheryl,IID#d8a2fcb3a097dde93857f3a2a88ad11a,SKU#c4f30de85d94d65331ebdaa066be7be4
2018-09-29,0857875489,603.84,huertadaniel@hotmail.com,16,Smith,"25826 Alan Views Suite 273 New Paulmouth, NJ 97030",Stefanie,IID#5428ffb92e0b85422bdf82e55067cee9,SKU#c7fc95def1d53bd3e747248ecbd3cd5e
2018-10-02,1930551398,1452.57,osmith@yahoo.com,21,Anderson,"USS Kidd FPO AP 45162",Lorraine,IID#7e29507257236bbec69a8809276416fd,SKU#f615e219175d923e1a35183696a98c91
2018-10-09,6855765182,1615.1999999999998,carlacarter@hotmail.com,12,Keith,"7664 Timothy Stream Lake Nancyborough, OH 59954",Christina,IID#74bbd138c3a3bee6f694b66175386be3,SKU#2199d3381c925a326f5e84d81a3821a6
2018-10-11,5599160048,1018.0799999999999,mfreeman@gmail.com,7,Salazar,"5285 Barnes Rue Suite 590 South Matthewborough, IA 46938",Maria,IID#f025e93037980f666d5a8fb613c178f5,SKU#e732f97e91f3dc2cc2e03d18916e982c
2018-10-21,8399672640,1707.68,mitchelljennifer@barnes.com,16,Adams,"34859 Oliver Brooks Suite 849 Michellechester, MA 08695",Lori,IID#82a29e72416683d30eda24953b0d13b7,SKU#1079e8f69138f626c4065e314d2ba525
2018-10-22,3062762492,1312.08,usanchez@barnes.com,14,Bradley,"12826 Hendrix Fields Suite 790 Lake Williamchester, SC 93960",Keith,IID#ddc933b43c3b92d022f86838fb6b1efd,SKU#c4f30de85d94d65331ebdaa066be7be4
2018-10-26,1916034164,1045.36,joshuacaldwell@jackson-shaw.com,8,Hill,"202 Aaron Forges Suite 784 Lake Lindaside, DE 76261",Debbie,IID#94b85effa0d06246ca8e538cacd90e53,SKU#f37e03f74576c53fda5164837a5fae01
2018-10-26,9432315739,761.4,adamslaura@hotmail.com,15,Stuart,"5961 Daniel Row North Bradleyfort, DC 37648",Tanner,IID#4e575a262d601ae3f1bc9d50373923fe,SKU#18532bc27a6d0133fd23067bef3f7e83
2018-10-28,8977888191,1116.28,erneststein@schneider.info,22,Green,"500 Scott Plaza Suite 052 Jamesview, MS 92260",Timothy,IID#2d1ece8daed116882d0a06ce672cc920,SKU#ea331ac42de50273f00ee4b73fda90ad
2018-10-30,3076018781,901.1800000000001,brandy57@hotmail.com,14,Smith,"0388 Allen Rapids Matthewside, KS 04292",Peter,IID#e85ea615d8c84e5fc27087dd56be5c5f,SKU#90c805bcb9fa376aacfb38d598ec7bb6
2018-11-07,2123921059,1964.52,christian08@harris.com,17,Webb,"6463 Young Lakes Apt. 723 Eduardofort, CO 79814",Megan,IID#e3768089024adc25ab878d3a3bdf93ca,SKU#f66fc0bca6c6c54502dd321de6d3df89
2018-11-22,7901091385,1329.3000000000002,millerpamela@hotmail.com,15,Allen,"827 Jonathan Mission South Shannonborough, RI 62664",Stephanie,IID#f45077defebfe7a375e01c94a1c230ef,SKU#a9d5728f9b0e997753288b3a140c5335
2018-11-23,6547959922,1094.6,rkemp@yahoo.com,20,Armstrong,"51000 Angela Glens Suite 778 Port Jorgeside, AL 19766",Diane,IID#56b644080a3c6b508edf531d8087e510,SKU#eaed3e93aeb3c33f31c3b1e573974fdd
2018-11-24,6940222487,567.98,bellderek@mccoy.biz,14,Miller,"24874 Michelle Burgs New Lisamouth, CO 85502",Matthew,IID#a650961c289e185b9c74d29b7d6dc64d,SKU#3cc6142f4b034d89493334655228d611
2018-11-28,2075528693,1475.0,radams@smith.com,10,Randolph,"PSC 7057, Box 6975 APO AA 03497",Rebecca,IID#20267a80e5d81f3b28701f21f9027282,SKU#bec4473fc43b77e28e60f89da4e29c00
2018-12-02,0027604792,2066.2,vgriffin@walton.net,20,Jones,"6502 Robinson Lakes Suite 750 Taylorburgh, AK 36808",Elizabeth,IID#19241cbe00110f4b9ef730644e2a2856,SKU#bc9b6e84cda86c0df0a708638ee4a2b1
2018-12-08,5093137155,857.0900000000001,nancyoliver@fernandez.info,13,Brooks,"740 Boone Street Lake Shanetown, KY 32189",Kevin,IID#7e9119df1927f34d9cad4e5fb30d4888,SKU#a67d568fd3cd6d93504c1352708fd8ba
2018-12-08,2959752640,1071.6,joel55@bird.org,8,Rivera,"556 Susan Mountain Nathanielfort, ID 60427",Jose,IID#40aabf182c4c9c519cc3bd8acc4378af,SKU#05640f18f5c0807dd96697e31fc5d8ba
2018-12-09,4683276424,818.5799999999999,mcclurelucas@conley.org,21,Foster,"30112 Brittney Hills Suite 966 Careyborough, IN 61376",Shawn,IID#c44ff37be30efd11d313beab44bda9c4,SKU#f7458cbaa064f1b2ece4f685559cafac
2018-12-10,3008110463,1693.54,scott81@taylor.info,17,Johnson,"14930 Austin Springs New Graceburgh, RI 69845",Joseph,IID#e2358abcab89c5a2cab8606600bb643d,SKU#d37af2d76d58a29f7cadadabd2ad6f3c
2018-12-24,7113781826,1187.85,alyons@hotmail.com,15,Harris,"96166 Eddie Plain Perezland, SC 91430",Alexandria,IID#8ad249f6e35a3e6d78410ca18cf4ee2b,SKU#608d462d9f197b52d6d380827088c8a6
2018-12-25,6674328084,386.22,ibowers@hotmail.com,6,Dominguez,"1632 Richard Bridge North Rebecca, MS 43470",John,IID#f489d4b0b99116dd950557b8b8cae8d1,SKU#90c805bcb9fa376aacfb38d598ec7bb6
2018-12-27,7734610710,1578.72,hmiller@gmail.com,22,Hughes,"859 West Lake Apt. 157 Lake Carolinemouth, WY 46307",Sandra,IID#27cd98ccad16dc652f6b7989164aecd1,SKU#167801ebcbcc7fa238fe2c62900c6f8a
2019-01-04,2577232541,823.14,walter94@gmail.com,17,Gilbert,"50690 Timothy Curve Michealtown, NY 74411",Robert,IID#9b156147cb98176b908b16c7ce5a939f,SKU#be9a60d34f059d2adb8de94bcc620af6
2019-01-12,6751889803,1516.39,gsavage@stafford.net,23,Cole,"300 Cole Loaf Brightport, ID 92113",Michelle,IID#7a3a45030cf968124abcb2237da9552f,SKU#a67d568fd3cd6d93504c1352708fd8ba
2019-01-21,2389378664,2001.75,perryann@hotmail.com,17,Sharp,"3999 Martin Circle Fernandezburgh, TN 63280",Vincent,IID#4fcf98b1cfb83c9eb8499627350849ae,SKU#d900292143678bd768ab3fc620883eae
2019-01-24,6241175612,401.28,denisegonzales@yahoo.com,11,Henry,"984 Mason Dam Apt. 752 Warrentown, NC 14200",Christopher,IID#33d0eb7f4e91b24332860d0f4da51f73,SKU#53e079183ddf7a114aed02f9f4d3efbd
2019-01-24,4550010841,1055.64,harrisjill@caldwell.com,19,Maxwell,"6477 John Ramp Suite 076 Lake Kimberlyport, MA 51602",Joseph,IID#86531a1d48ab340651f7641a008e9a91,SKU#d41d8cd98f00b204e9800998ecf8427e
2019-01-27,6400981865,1204.05,briggsjustin@lester.com,15,Lin,"800 Smith Plaza Suite 214 North Diane, NC 67687",Christina,IID#222cd6a1fcffb499f10a3690a11d3eba,SKU#565aba2aa486212bffe024fefb3a8ba0
2019-01-31,6721202165,909.3000000000001,jackrocha@hotmail.com,14,Graham,"068 Johnston Burg Suite 787 South Williamville, AZ 28994",Brian,IID#076f6c6d61b3d49ce03c957c5da400e0,SKU#f44a1000506e2f6a96e3e803ead50529
2019-01-31,7321194208,1119.1,markporter@gmail.com,10,Nichols,"654 Jose Tunnel Lake Carlton, TN 66673",Cynthia,IID#dfb5b49db232f9cde9e72f131d5e9b54,SKU#530760e26291763b437871583c568557
2019-02-01,1582461079,2625.6499999999996,victoriabutler@gmail.com,17,Kennedy,"621 Joseph Stravenue Dawnville, SC 37974",Sharon,IID#7f3d7b5bbde183e270aa0a682fa88945,SKU#5632090e276f96fe6f833a2e0f75cdf9
2019-02-04,7945579848,793.3199999999999,nichole45@hotmail.com,12,Conner,"4083 Julie Turnpike Apt. 550 New Lisa, SD 21600",James,IID#c956986fee145ccb578e8500f718992d,SKU#a2bb242dc046bacdc58e7fbbe03cce85
2019-02-11,9458129654,1999.76,michaelpruitt@roberts-walls.net,14,Jones,"035 Jesse Prairie Apt. 911 Jarvisville, VA 37178",Anthony,IID#39811f64b8ab9f32e578115405a3bfd6,SKU#0d4ec840c1db49efd9ea0f2dd0a7c66e
2019-02-19,9939397687,967.32,meyerkimberly@gmail.com,9,Gardner,"419 Devon Villages New Donna, PA 87518",Gregory,IID#825566ab00119d95a73be4adab73c702,SKU#c399fddacad7fd55c5ff8f4fbaa52961
2019-02-21,6292942016,537.32,imorrow@gmail.com,4,Peterson,"PSC 2657, Box 5164 APO AP 52347",Nathan,IID#5fc71b7dea4c442c0f5cfcb736fb4ad0,SKU#c1eb90438323ae0a11bfc963d464fede
2019-03-03,9021502292,604.92,stacy55@yahoo.com,6,Mckenzie,"079 Joseph Fork Suite 463 Jeffreyburgh, FL 28806",Vickie,IID#ef7f8f73c6ee65b5d969d21d9fca6ccc,SKU#bb5e3d4ca343bd970eb03674b015b9c5
2019-03-04,0951635950,1202.3999999999999,chadgarcia@gmail.com,18,Monroe,"5869 John Hills Ortizbury, WA 21709",Jamie,IID#da1c7564acdc3cbf0b9ef0604961f65e,SKU#a7e867cf39a53ef26a70614e2830b90c
2019-03-06,9398068768,865.04,iwade@ray.com,11,Reese,"87792 Hernandez Pine South Christopherview, NM 93532",Matthew,IID#8b148505542b3fc85f2fd625158c92f4,SKU#3561c0dffdb90248fa1fc2d4fb86f08a
2019-03-10,8070469240,616.8,carla38@yahoo.com,16,Williams,"55122 Johnson Ford New Terrenceshire, CO 32678",Chelsea,IID#fd6f6bb2c894bd978c053d735a322fe3,SKU#e4ba279763e5e62ca52241fbde2634aa
2019-03-14,2075528693,2446.92,radams@smith.com,21,Randolph,"PSC 7057, Box 6975 APO AA 03497",Rebecca,IID#803d30d08c1af355f66d058804f74bb5,SKU#a507e79e534884fd6eba4efcd891ec40
2019-03-17,1344903978,506.28,munozamy@miller.biz,6,King,"88515 Lori Square Suite 967 Karenland, MT 53094",Natalie,IID#bd5dd2fbe8c9bbadc6e575ac118a2f5b,SKU#a80531c733584acfb5e1fe05e1e1ac1a
2019-03-21,1502999588,1627.05,mbecker@yahoo.com,15,Bailey,"53024 Hamilton Flat Suite 137 Emilyport, AZ 46859",Darlene,IID#db92aa2c33e85dac0de93eef6d7e2953,SKU#a7df3766ea38999716bcf1033b36fad3
2019-03-21,5466100863,496.16,eddiesmith@pena.org,8,James,"8550 Frazier Manors Lake Lisa, MS 17754",Kendra,IID#109e8ced24350d5edf5caab6f49c1c1e,SKU#eaf25f841c19e96c5ad6217e6286e28b
2019-03-31,9274322765,808.06,gberg@yahoo.com,22,Hughes,"208 Wayne Spring East Loganton, OR 16032",Cindy,IID#d5d62bb4c3d95a0ea81ce718cd7d2b86,SKU#ca9c491ac66b2c62500882e93f3719a8
2019-04-03,8194276641,2489.7999999999997,holly92@gmail.com,20,Brown,"365 Chad Cliffs Suite 659 South Tracy, MT 35327",David,IID#b3d9a1b1944cf5f02d157ae9e1c5b380,SKU#ab9d8ef2ffa9145d6c325cefa41d5d4e
2019-04-03,9949988565,469.48999999999995,michaeldyer@lee.com,7,Hayes,"901 Todd Wall Aliciaberg, OR 12471",Laura,IID#d4421ec254d010109881748407cf3fb9,SKU#90947e3479154523f3bdf3ea242538c8
2019-04-04,2985082988,1339.5,andrewspencer@simpson.com,10,Newman,"301 Suarez Forks Apt. 657 Jamesmouth, SD 75561",April,IID#be8bbfa729d6e26ecfe0fcac2416000f,SKU#05640f18f5c0807dd96697e31fc5d8ba
2019-04-06,5261569387,620.04,daniel49@walker.com,12,Wilson,"2787 Christy Plains Apt. 341 Port Stephanieburgh, WA 38902",Timothy,IID#86eb3b836ae32f49d71f2b91d5a10cf2,SKU#946141e7eb0db0444844abd10ffec804
2019-04-09,6173557336,988.3800000000001,devon62@wright-cherry.com,19,Camacho,"66316 Jessica Wells Apt. 188 South Claudia, ND 19103",Katrina,IID#3a5a9d7467a1c37703c9a23f036657db,SKU#dc63172a798a0445eb28d0faa053ef42
2019-04-16,9645702397,797.76,brownkaren@hotmail.com,12,Mann,"19529 Marshall Green Port Melissa, SC 71521",Susan,IID#0b807ed1f0eabc2a13161c7851bb19ea,SKU#cea67ffae620e6410ed0590dc6ec9b92
2019-04-16,4326831796,2417.94,udavis@yahoo.com,19,Davenport,"304 Valdez Avenue Suite 265 Collinston, GA 25068",Edward,IID#7a3539325f8b87de419ca4754e3f9a0c,SKU#4b4201042e41e0a6e066614a9d7a0584
2019-04-19,3322496827,728.8,gilesanna@terry.com,16,Thomas,"93136 Jamie Mission Apt. 693 North Ryanstad, NM 40946",Darin,IID#cd2fc0668477276f5683901581528962,SKU#b84ae69de4df8dcf4e21ed3dee2264d6
2019-04-23,2380054408,2838.6000000000004,cheryl17@yahoo.com,20,Rodgers,"3300 Reynolds Motorway Apt. 387 Foxmouth, MT 78301",David,IID#960f5c9287791599e94d445777053b61,SKU#3287282fa1a1523a294fb018e3679872
2019-04-24,8410468420,1198.1999999999998,madison40@rogers.com,15,Garcia,"4772 Paige Hollow New Danielborough, DE 86151",Jennifer,IID#5cb352131b95f7c06e063cce5d3040fa,SKU#21ff8fd6ed7dd5c42ceac626bb9798cf
2019-05-03,1332451586,1878.0300000000002,jtate@gmail.com,21,Lopez,"77586 Hernandez Orchard Apt. 209 Laurabury, DC 93005",Dawn,IID#914ea9c58f257e04b2bed5d76dc14aef,SKU#798b4a7c5a9f20d24f36ba8daf7b8f70
2019-05-03,8342319079,1789.97,michael88@gmail.com,13,Walls,"1669 Monica Court Apt. 689 East Kelsey, MS 04340",Amanda,IID#be64b8ca58f2990a8236460ec1bdab92,SKU#9ce3b1ec053bb5a3b04ce82abafa835f
2019-05-03,5958879834,2028.48,watersmichael@summers.com,16,Fitzgerald,"663 Autumn Fork Suite 529 East Nataliehaven, CO 07609",Mary,IID#b91b93134c370ae1ca77b663c7259796,SKU#bf4c31c85e0802a52a6aad0e3ae4578a
2019-05-04,3707161372,382.59,brandonmoore@hotmail.com,13,Fleming,"19385 Crystal Ville South Dan, CO 30892",Lisa,IID#a0c28dd78803070edc7d4045a869bd2e,SKU#36ab5bbc84127288a4bfbab259005f93
2019-05-05,2893680906,1881.6,brett91@martin.org,20,Velazquez,"83968 Gina Squares Thomasmouth, OH 48742",Sharon,IID#6888470a57f6078e01c469f3f9574dea,SKU#aa9ecdc8d4e3ecddb3cdc851ea2eeb61
2019-05-16,9782752659,1936.4399999999998,stephensontammy@gmail.com,22,Miller,"3405 Sanders Throughway North Johnny, WY 43700",Debbie,IID#cf65034806b8e073c9f8ac53293aa445,SKU#1bfac55f37835bdd353e49156690f8b3
2019-05-28,5478185703,886.0,hcampos@gmail.com,20,Bullock,"728 Richards Route Lake Julieport, PA 91683",Chelsea,IID#5fc07a05076650f7343ebc08ee29c2d1,SKU#b79abf5c5f2244956c7246e9112595ce
2019-06-03,6833039454,417.62,mmoore@warner-leon.com,14,Hines,"505 Pamela Ports Apt. 634 Williamsmouth, AK 44126",Elizabeth,IID#432437afd93c3f6f3ffc065d17d39cdc,SKU#5ccb2c1dfcfbff9adba49b72793b8762
2019-06-04,0389256692,2655.0,lynchrobert@chang.com,18,Johnson,"03587 Benjamin Streets Suite 827 East Christopherborough, LA 28700",Paul,IID#532ecf9830381e1ebf3f4dd6d1045681,SKU#bec4473fc43b77e28e60f89da4e29c00
2019-06-06,4180596228,1598.96,gilesjoshua@yahoo.com,11,Peterson,"8063 Ashley Street Port Kelsey, NV 45689",Chelsea,IID#bdc7c912abc56c4f2d61fc2c0e5a172f,SKU#74ca2c01b07af0dda4bb39ac330fc49c
2019-06-09,0994212592,1101.65,ldonovan@guzman.com,11,Hamilton,"03047 Wesley Landing South Christopher, CA 16305",Nathan,IID#0e4cdd84419aeab7cdc7ee341798fe83,SKU#7319468847d7b1aee40dbf5dd963c999
2019-06-12,5086613202,408.75,gary27@hotmail.com,15,Rivera,"0850 Anna Trail Jenniferfort, VT 26002",April,IID#0a09b64b733c6181ae006a75f7cea8f2,SKU#323821054750939d32c26fec3a5ab7a5
2019-06-13,5849012196,700.34,anelson@wilkinson.org,19,Gibson,"65749 Vaughn Rapid Apt. 868 North Kathleen, LA 65839",Carmen,IID#7807f035ab805e532a5a3eef1459d036,SKU#0a25e7fe3131a04b8683607a189dcba7
2019-06-14,7737374216,918.72,kevin27@young.com,18,Gonzales,"9065 Patton Parkways Apt. 196 Sarahhaven, NV 33663",Tiffany,IID#6ee7ff8a32af4d24358ef4518db78a1e,SKU#e7a69f31047ea716eb8a425fce4853b4
2019-06-16,6772185253,1647.3,patriciastevens@yahoo.com,15,Cook,"92986 Nash Viaduct Apt. 634 Lake Gary, WA 38540",Anne,IID#d375fc52e237ee2c98fd9eda0c33b0ce,SKU#a1c8dcbd11c543b1e52a5ed5eab69994
2019-06-17,7058520571,1560.16,adam88@yahoo.com,16,Suarez,"999 Marie Glen East Jennaburgh, DE 01577",Ashley,IID#806911d21b27843a560478bfd30697fc,SKU#e6b62b76fb2eb2a0e0adde0c067da680
2019-06-19,3511027721,911.0,williamsleslie@hotmail.com,20,Ali,"8492 Sellers Throughway Apt. 221 Port Theresaland, AR 76056",Hunter,IID#b79533f6b682c00919220a7e833b3ce9,SKU#c42dff9843dd12641d5ce4f2cbd71617
2019-06-22,3593688752,1197.0,nward@schwartz.biz,14,Jones,"79217 Bryan Fork East Davidport, WI 65880",Xavier,IID#63ed333a61c1a77301915bda04f5f9e3,SKU#3d35b336ebb3fbfe61ea1e1041d510b7
2019-06-28,4953156448,579.88,joshuaperez@yahoo.com,14,Davis,"0186 Jonathan Rest Clintonchester, SC 91416",Daniel,IID#c0caf78f4194c346c019c6595372336f,SKU#f00346db02cfcc5b1f056a794009ffeb
2019-06-29,8609850833,1732.5,joneswendy@davis-nichols.org,18,Rhodes,"7689 Douglas Inlet Suite 993 Anthonyport, UT 43024",Rhonda,IID#2eabf9b3b3c87e9e126bd946fb915cc4,SKU#0bdc9969224bdff526cc6748cf8bd8c0
2019-07-03,0798000321,676.92,pamelaarias@gmail.com,12,Taylor,"78070 Sydney Forks Apt. 653 New Kyle, NH 38470",Nathan,IID#7f891c03f701dd4d3aa7624370a6d4cf,SKU#2545788bb1d4ac5ab99547c491dff7d5
2019-07-09,5386470243,1560.48,jwatson@thompson.org,12,Hart,"7682 Michael Drive Tracymouth, OK 04761",Francisco,IID#663b8eda8ad15533e101bf9f81755202,SKU#ac3b5a19643ee5816a1df17f2fadaae3
2019-07-10,9944701338,3211.9500000000003,christopher87@reed-frank.info,23,Henry,"11255 Maria Trail Suite 328 Susanshire, CA 61855",Anthony,IID#5d9808aba96e389abb9fe311b5bd1ac7,SKU#3b4f9df3e0b6718b99aa272cbb5f763b
2019-07-10,0989493710,1431.72,johnsonkatherine@yahoo.com,12,Lee,"617 Heather Glens Suite 860 East Angela, ND 62064",Michelle,IID#33b37e0a019798fc96f69d80f1431570,SKU#05fc90d38e2468528ad10b5ce0bff46f
2019-07-18,3335877136,3530.34,qshah@gmail.com,22,Wilson,"417 Sarah Courts Suite 927 Rebekahview, KS 46502",Eric,IID#ff0728f9f2214aa113ea4b84dea2b9fd,SKU#47902827723dc1c2429c912746e28ac9
2019-07-25,7427962511,3137.16,markolson@hotmail.com,26,Harris,"504 Monroe Run Suite 370 Denisemouth, WV 60558",Jose,IID#82ecb630762b25e058b8b111f9e88c21,SKU#33c54df16dc1f8e8e98ca3a09c621e03
2019-08-02,6233025588,652.48,jacob00@hotmail.com,16,Cole,"7484 Jackson Islands Suite 239 Johnsonchester, LA 11746",Adam,IID#635053fab40cb6f26378a383183ff32d,SKU#e2f00d570092fdbb8696d63e3d4d0fdb
2019-08-02,3559041995,972.8000000000001,ujohnson@yahoo.com,19,Evan,"917 Bill Port Apt. 077 Williamsview, CT 53707",Mr.,IID#d829fd9fd9e21bbe81c8887dcf6e0ffc,SKU#8c1d71b2bf2d4d1eea6a825412dd4544
2019-08-07,5508115123,688.27,michael74@hardy-contreras.org,11,Rivera,"641 Alexandra Grove Apt. 734 Lake Gregory, CA 87943",Sarah,IID#bb1679c7d91dbdf266225447e8803873,SKU#ad4fd54959a373dca092b5333ae4310b
2019-08-08,0940819403,815.2199999999999,emilyfoster@hotmail.com,14,Owens,"287 Francisco Club Normanshire, NV 57438",Christopher,IID#d156a0659346f8de5eb0850442850c28,SKU#dcf346fa83e19956e968b4d76e185ab1
2019-08-16,4817221016,672.3000000000001,claytonmorales@hotmail.com,9,Young,"229 Stanley Park Apt. 691 Andrewberg, OR 78211",Michelle,IID#2ea0e6a767b66bf0668523fd77672ce1,SKU#26ed62afc80812fb9b14ad6ca4f32b86
2019-08-17,2397450058,830.7,michaelhanna@gmail.com,15,Boyd,"8704 Jeffrey Oval South Stacyview, CA 37806",Robyn,IID#c732c85045aec7e593092e9fe747a5e0,SKU#1ef0dd39f3e292cb93ad6ffaebe33c83
2019-08-21,5150749869,1284.0,robinsonamanda@smith-quinn.com,16,Boyer,"Unit 7554 Box 2915 DPO AA 49965",Karen,IID#3898b9f864443999e853d4ceca755f91,SKU#81684c2e68ade2cd4bf9f2e8a67dd4fe
2019-08-27,7358597957,1575.04,pennymoore@sanchez-herrera.com,16,Holmes,"146 Jeffrey Stream Suite 997 South Carla, MS 05137",Sydney,IID#71f9f60988385a00aecc57138a12454f,SKU#8b74e140e348190ff55743dc9b0fd763
2019-08-27,7520157291,1306.3999999999999,arthur23@green.com,20,Case,"66555 Russell Throughway Larrystad, WA 89297",Rachel,IID#6d631513d471d9114c90a3d658aaea62,SKU#aea2fa668453e23c431649801e5ea548
2019-09-04,4715691734,2185.6800000000003,lynchbrian@bradford-martin.org,14,Hansen,"1797 Jamie Alley Lake Melissa, AL 30563",Diana,IID#b8c528beeed97a34bd9b2599912c77e6,SKU#a00cf3a9ed10ef4b2995a370e09f40a5
2019-09-12,0026212319,1964.6899999999998,wayers@hotmail.com,17,Murphy,"867 Fernandez Track Apt. 062 East Maryport, VT 27760",Christine,IID#0b95dc51a8b71704900ae10ae2ee8eb8,SKU#9b7eeab7d5643bb97d4595d6b3ba7c6a
2019-09-14,0169693609,2976.82,timothyalexander@gray-becker.biz,22,Smith,"14855 Wilkerson Trace Apt. 691 Mariafort, GA 61260",Victor,IID#85857eb1a0c544df397047b62a40d151,SKU#8790564f0bd9d9cdd1bf9b83b761e607
2019-09-19,2024764466,2049.12,juan51@hotmail.com,18,Taylor,"9935 Norman Common Apt. 325 Melissashire, ME 97928",Douglas,IID#b03dd24c85dba043ae7d55aead11161a,SKU#835977829ed7e5d4eda983e33dc7868e
2019-09-21,4749995277,829.98,edwinclark@ortiz.biz,9,Mcguire,"7864 Kevin Islands Apt. 954 Belindaton, AZ 75155",Amanda,IID#f8ed480a68ddb32b363248b705fd14fb,SKU#e111197534abdbff0427985d2db30f48
2019-09-23,1095433754,2019.0,michellemitchell@hotmail.com,15,Oneal,"7390 Ashley Plains Wileytown, MI 08330",Katie,IID#55efa365aab3f3c8e1a24ec8a12def7f,SKU#2199d3381c925a326f5e84d81a3821a6
2019-09-24,1352201298,421.8,palmercatherine@matthews-navarro.info,15,Johnson,"452 Lisa Village Stevenfort, KS 25533",Adam,IID#7eab307c7d9dd7b5efeec7dfe2783da7,SKU#790b47ce33356b9493e981bf105da7ce
2019-09-25,0410301902,2143.0499999999997,ckaufman@hotmail.com,21,Adams,"306 Vasquez Forges Shawshire, KY 07165",Kristen,IID#9ca587efa7e4874c60c809b40a61b068,SKU#a9320a41ac8208a54979900a8ff67dd9
2019-09-27,3159041406,1699.2399999999998,scott58@mullen-myers.com,23,Graham,"78771 Erik Glen Apt. 957 Lake Markborough, WA 10723",Maureen,IID#dc023c7352043516950fd064ce6ac75f,SKU#7228a8ed79083f23b1c166934d53ce57
2019-10-01,8710625298,634.9,dennisgarcia@wagner.com,10,Hodge,"80270 Weeks Crescent South Jason, NY 58801",Christopher,IID#0c29493b8913d9a494c83b72d6b65e9f,SKU#8dd6bb7329a71449b0a1b292b5999164
2019-10-06,4094370354,537.39,oedwards@gmail.com,9,Hudson,"30988 Ewing Alley North Paul, NH 43859",Anne,IID#2932e18a4f1a7d1f67028733cca1b9e1,SKU#f536fbf78e26387affb82ee89943b870
2019-10-09,0037519325,966.33,beth72@hill-bennett.org,9,Armstrong,"82437 Mark Terrace Suite 164 Angelatown, WY 80761",Shane,IID#ff45209d1dfffa24fba6a564eb426b9a,SKU#9cb5fb90f42219febcadbc6eb57257f6
2019-10-19,2305641796,1560.46,romerodanielle@woods.com,11,George,"PSC 3408, Box 2441 APO AA 77274",Frederick,IID#ac1584c7b55eef795a873cb428a70f0d,SKU#441018525208457705bf09a8ee3c1093
2019-10-21,3023478364,1613.44,avilajessica@gmail.com,16,Diaz,"8536 Susan Course Mariaton, LA 30379",David,IID#b72f480bf4dcd11e7c16ba8d52777f06,SKU#ebe28db082660b55fb94f6121a65fe65
2019-10-22,1941169346,782.8499999999999,collierstacy@lamb-gonzalez.biz,15,Wilson,"079 Bush Oval West Vickieberg, WV 57187",Sandra,IID#a94235c80275c95756256670ebb5e975,SKU#38cb782b7a81d1914df7b3bb4457e412
2019-10-28,0909609509,1122.93,williamperez@gmail.com,9,White,"99908 George Squares Michaelview, MA 11627",Cheryl,IID#e0320d8a7fc0cdc7ae27ed59dc360bdc,SKU#7228da7250d357ec26e8755a0bdbd652
2019-11-01,8452830637,928.64,martinezanthony@hotmail.com,16,Campbell,"881 Cameron Mall Suite 705 New Hannahton, WA 98433",Kevin,IID#4952c7184e61072f5899a45f8e7be79d,SKU#4aa476a72347ba44c9bd20c974d0f181
2019-11-02,4920002015,2067.12,karen32@norman-avery.net,18,Castillo,"969 Holmes Groves Jeffreyfort, WY 82957",Jean,IID#fed92e37b61516b4f716118d0c365774,SKU#92c4e1d4dc466fe795ad3790b1a5d402
2019-11-06,6539654467,2061.0,robert24@gmail.com,25,Stephenson,"4087 Hall Lights Apt. 128 New Kelly, VT 61834",Crystal,IID#6513dd8b716467432e5ae39068533b8d,SKU#afffb14251fdb8bbe7d064f77e3d60c8
2019-11-06,7630299124,411.58,rbanks@yahoo.com,13,Blake,"2855 Wood Island West Christineton, MT 34794",Kristine,IID#a6f3098e0057346f64303180eb3ed2e0,SKU#0a1dfc18c8c8381f05f8ad9d2b4509b5
2019-11-07,4580277981,761.1,ochaney@lopez.biz,15,Owens,"77371 Brian Forges Suite 113 East Caitlinview, NM 38886",Reginald,IID#2d3c840b902b30085ce3c5219cbbf360,SKU#ea331ac42de50273f00ee4b73fda90ad
2019-11-08,7362661662,2756.71,mbrown@smith-murphy.net,19,Fisher,"5401 Nguyen Causeway Apt. 967 Villanuevaport, IA 97358",Jonathan,IID#daba8e96c54e5002b878cace6965af61,SKU#5b39227d810163bd011d798a131eb603
2019-11-10,0892102271,436.05,cbryant@hotmail.com,9,Arnold,"267 Katie Mall Suite 774 West Lisafurt, OK 04260",Luke,IID#e35f0b048481eb3e81b5a1be2faadfb1,SKU#53b7e0c722494b606239078e112cbc86
2019-11-10,8325532846,1800.15,patricia39@ramsey-petersen.com,15,Watson,"60795 Deborah Turnpike Suite 740 New Anthonyfort, HI 13362",Jennifer,IID#74b694bcafdf198781cc0c8f59db7e5c,SKU#eb8faf6b2c22464c49898a38d634afe4
2019-11-11,9378146016,583.68,amypowell@gmail.com,16,Lewis,"6230 Burns Heights Suite 774 West Larryshire, MS 93186",Emily,IID#bdba2e9b264030135152f47b7b3da99e,SKU#53e079183ddf7a114aed02f9f4d3efbd
2019-11-12,5093137155,2198.95,nancyoliver@fernandez.info,17,Brooks,"740 Boone Street Lake Shanetown, KY 32189",Kevin,IID#3228eb92135666380c67bcf889561836,SKU#9ed6b7c09f17400369236fd54f28ca29
2019-11-16,3161711578,1593.8,brooksjoshua@yahoo.com,20,Atkinson,"2295 Kathleen Mountains Jasonland, VA 84215",Joe,IID#94bae953a65cc5018a337a2cefcaadd2,SKU#d0439fd37b50bf9818f12d47dc2dea78
2019-11-21,9664953794,795.34,ejohnson@luna.com,14,Caldwell,"71285 Johnson Path Apt. 173 South Annamouth, NE 34443",Courtney,IID#7af6362cdf7dfed8e27468d73afb9096,SKU#153a5896b15f08b9958895743d19f664
2019-11-24,6049340737,2045.44,andressimmons@hotmail.com,16,Hensley,"710 Brian Valley Apt. 016 Allenville, MN 79015",Jacqueline,IID#e999cad358e31014eb8d3917c4531700,SKU#cff66c68196faa687b6cecb8de3ffcb5
2019-11-24,1347660482,2767.7299999999996,smithfrancisco@west.net,19,Johnson,"40220 Paul Burg Apt. 352 East Sheriton, VA 99423",Elizabeth,IID#f138985d94bc5f9599164608971c9a7d,SKU#a75d7d422fd00bf31208b013e74d8394
2019-11-28,6932057507,929.52,ricenatasha@hotmail.com,12,Moreno,"7985 Flores Mountains Suite 296 West Melindastad, PA 57088",Melissa,IID#2edfb970705a0e1b7c2627e9ad99d990,SKU#811df0e6bc94e8892c583dbc3c240fa0
2019-12-04,7757904075,331.56000000000006,hfuentes@gmail.com,9,Thomas,"5422 Michael Knoll Susanborough, LA 38505",Laura,IID#8e04a4a12d1bdffb3bc306375504d303,SKU#8c8fd1cfdc60f513bf20132a1d5aeea2
2019-12-15,6233025588,1171.6200000000001,jacob00@hotmail.com,9,Cole,"7484 Jackson Islands Suite 239 Johnsonchester, LA 11746",Adam,IID#a06415310f0f0ed0f600721b97877288,SKU#87db7bb4efb5a2d806ec9da8ef060edf
2019-12-17,6552719178,1128.1999999999998,amykaiser@gmail.com,20,Schmitt,"97568 Rebecca Vista Apt. 400 East Zacharyview, MO 96562",Matthew,IID#6f16b5e3873e58f86505868c5704e44c,SKU#7a092925340c3faec22d7576a4eb7c5f
2019-12-18,0315046544,1673.28,simpsonstephanie@parker-kelly.com,14,Farrell,"4977 Duncan Route Caitlynview, IA 03919",James,IID#9b8f61d33f1b3f8da3b3ea919f0fb6d0,SKU#3b9b69441d19ffc85540fe6175b86630
2019-12-25,4451655124,383.13,tammy31@yahoo.com,9,Ashley,"97785 Miller Pines Suite 040 North Dean, IA 42713",James,IID#329359bcc5054f7ab5c6d505f11c7484,SKU#bf471a8e510e61a31dfbb1696594d56d
2019-12-26,7085006597,2065.35,diazcorey@hotmail.com,15,Hernandez,"4618 Stacey Mall Suite 283 Williamside, CA 91434",Richard,IID#cccd9e149c0352d69a48567d11e6e3bc,SKU#9ce3b1ec053bb5a3b04ce82abafa835f
2020-01-03,4192973037,978.01,youngamanda@hotmail.com,17,Stevens,"27784 Adams Springs Apt. 742 Rodriguezview, NV 14342",Stephen,IID#1d64b28026755f338788275caa736ae5,SKU#0e9b775b7a252cde132821fd71d72969
2020-01-07,4591254878,1102.14,rsanders@soto.net,13,Olson,"81785 Shields Common Marktown, MS 27952",Erin,IID#5272749d38534933e2c519892b05d077,SKU#6d0bb00954ceb7fbee436bb55a8397a9
2020-01-23,7350657287,2072.88,james16@hotmail.com,18,Morgan,"585 Hall Courts Apt. 201 Sweeneytown, VT 37421",Jonathan,IID#7430907b708f9cb5768a3d169fdd3848,SKU#b4d351a08ff1ef954b7d7b4357e76cf2
2020-01-24,9726908608,848.3800000000001,dominguezmatthew@yahoo.com,13,Peters,"507 White Falls West Daniel, IL 24088",Misty,IID#f3c575b719df1e0519c087f6017c5bfa,SKU#7051431ecf48fc136230d9d9e67b2817
2020-01-29,9574647274,1724.3100000000002,colejames@anderson-miller.info,17,Barron,"USNV Sullivan FPO AP 23620",Andrew,IID#9aca7259cf260f1a9d87bf802b72708e,SKU#56ddc7efc29d7dfb0d59d10321298727
2020-02-01,5599160048,1968.5900000000001,mfreeman@gmail.com,13,Salazar,"5285 Barnes Rue Suite 590 South Matthewborough, IA 46938",Maria,IID#f331a752c6cbd69649aed8af44a146a1,SKU#3bac3955df083f05f22216471cb87fe0
2020-02-01,6861484914,737.1999999999999,cwilliams@mitchell.org,19,Perez,"0016 Ellison Spur Suite 175 Josephville, CT 56556",Marisa,IID#76050beeb59f97b12ff479d2856f39ba,SKU#1bc869006b65fb633facc11227d087f4
2020-02-07,3459559923,1979.1999999999998,rebecca44@hawkins-rogers.info,20,Nguyen,"19165 Hayley Landing Suite 395 Markberg, NY 38243",Nicole,IID#8811a342cad5c506fc79aa4a2ef790e7,SKU#09bd5191335ad3d5bf5a3b5e1cf86537
2020-02-11,8436771722,999.0,donaldsanders@lewis.com,10,Cummings,"11586 Nicole Rapid Apt. 798 Brittanyburgh, DC 81994",Alan,IID#b518560813626b3d5f7bb343defb4f5d,SKU#b32733e7764a341ebc9431868a852817
2020-02-13,0710395905,1982.84,david93@yahoo.com,19,Smith,"USNS Fitzpatrick FPO AP 73798",Johnny,IID#ab64cf504aa5d2bbde2cfa5d48dbaac4,SKU#a27770954f1e6caf5875ab6ea6c4bfb5
2020-02-25,5990156489,1372.8,carlosedwards@hotmail.com,10,Johnson,"77820 Maria Highway Lake Stephanieport, HI 69303",John,IID#d0666c4c3e5ca8f4bf73f9e96f29d52f,SKU#d174bba680d1828f7ff2e80b3a4ae0fb
2020-02-27,1412721647,1894.3400000000001,andrewjackson@campbell-gonzalez.com,14,Mitchell,"19198 Alvarez Glens Beanview, AK 01681",Donna,IID#3df4e519e5dbd0b0419839fceabcf428,SKU#8790564f0bd9d9cdd1bf9b83b761e607
2020-03-03,7087001461,946.77,laurenmanning@stanley.com,11,Davis,"8240 Blankenship Drive Apt. 679 Cartermouth, VA 93317",Daniel,IID#5a6e118f145ae2d519ee4286fa5ba9f9,SKU#a5b789490e210929d6f33c8547e6c457
2020-03-03,3160805941,1193.01,davidlyons@wilson.info,21,Brown,"Unit 2587 Box 0017 DPO AA 80150",Renee,IID#cbecea173ecf2ccb701bcffdc442f77c,SKU#ba068f44c4b751d8e114114dcdfa1a25
2020-03-05,9458129654,2351.52,michaelpruitt@roberts-walls.net,16,Jones,"035 Jesse Prairie Apt. 911 Jarvisville, VA 37178",Anthony,IID#632976bcc7bb0048394b0c6b01243f15,SKU#e62da29ac3a82185101eb38cb426322a
2020-03-07,4036813740,3273.3799999999997,campbelljessica@yahoo.com,22,Long,"9075 Wright Haven Suite 173 Carolynburgh, TX 27799",Taylor,IID#73cfefc188a774b8e50f2edcff1cd5fd,SKU#5d52c133dbb0c7dda6de26ed1ca2c54d
2020-03-08,1688779327,1338.55,morenojay@yahoo.com,19,Walker,"805 Wood Plaza Suite 533 Lake Jessica, MA 07226",Jared,IID#18d67006ee3f77619076c486196621f1,SKU#7a232b079f30771ada44ab6a1843ec14
2020-03-19,1389928014,3523.92,paulasmith@greene.com,24,Carlson,"70505 Brian Loaf Apt. 324 Karenland, NM 20952",Nathan,IID#bb64e08fbd384168616fdcb55de4ab65,SKU#4f489a3151ae59c909085179b51b4dde
2020-03-21,1255171465,1725.03,fkim@hotmail.com,27,Garrett,"USCGC Mills FPO AE 25323",Joseph,IID#3d1c8a05fc8729c89850b1e207dc19b7,SKU#8910e6fc12f07a52b796eb55fbf3edda
2020-03-23,6932057507,1822.4,ricenatasha@hotmail.com,17,Moreno,"7985 Flores Mountains Suite 296 West Melindastad, PA 57088",Melissa,IID#5f5175c3149dd06633511fde7a2eb74d,SKU#a2c8b5101a5b7c68aaf82e8c71da8c1a
2020-03-24,0882443303,991.8999999999999,joejordan@gmail.com,14,Palmer,"1624 Grimes Crossroad Suite 907 Lisashire, WV 35568",Richard,IID#7daa3ac5dacb8d08267a74027bb2cc47,SKU#a91b280e87a9586dfd346cc1ed01c453
2020-03-26,3385612163,1464.26,johnnelson@petty.net,14,Hernandez,"4819 Nancy Springs Apt. 965 West Mary, WA 21256",Grant,IID#31b913755db58ad9948656979a77cbb1,SKU#071f4ede403a0a53ff2948a95ecbaace
2020-03-26,4692929918,1924.89,tbanks@webb-gonzalez.biz,19,Huber,"5010 Jackson Meadow Suite 867 Watsonland, LA 41085",Jennifer,IID#f43960989c1703438387af80fb5a57ba,SKU#b024a04198ed894b334178e411856122
2020-03-30,0276576861,1742.39,michaelsimpson@paul.com,13,Torres,"PSC 4970, Box 1960 APO AP 94255",Matthew,IID#a4ea92f29615c57e7fe90fd602663e30,SKU#5206cbaf5529838446357387ef409f1c
2020-03-31,6021677296,1579.1799999999998,snydermatthew@elliott.org,23,Miller,"Unit 3087 Box 8835 DPO AP 29258",Jasmine,IID#03601c4f7f48753f1bb4bbf841e76143,SKU#66663b7d29e1bcbcfabbf26496f44d28
2020-04-01,9378146016,1923.39,amypowell@gmail.com,21,Lewis,"6230 Burns Heights Suite 774 West Larryshire, MS 93186",Emily,IID#974335e11cc1383b8f581b62647de119,SKU#1eb29d02e82d0f5ef507ebd70d6eaa56
2020-04-01,9984116686,786.76,meyerscassandra@hotmail.com,13,Kelly,"2400 Bowman Lodge Lake Nicholas, VA 74962",Amber,IID#7536ad38e790a4b1406bca1af75d04d3,SKU#8a77e487095b9fc40c2ed1dfbb422892
2020-04-05,2180420005,1890.6,emily65@evans.biz,20,Johnston,"064 Hernandez Roads New Toddville, TN 56501",Shannon,IID#585b1857d6facc6faa3bfacdb2499be6,SKU#103699d777d0304adfe836ca4b609bc8
2020-04-12,1974776140,827.64,todd78@moore.biz,9,Hill,"33207 Jeffrey Gardens Suite 246 Abbottstad, KY 60471",Melissa,IID#dca54009638b48b82ff4f425ad5c18bc,SKU#e0a6fc12e9cddb11d637714157db14e8
2020-04-14,3594789332,1345.89,ecopeland@hotmail.com,13,Kidd,"693 Joe Forks Apt. 941 East Kristenburgh, DC 32468",David,IID#ef04beb1c3b3caf38443b03a772385a9,SKU#0160ecaa22c2946cfa62fd8e689e1f82
2020-04-14,9456487329,1558.18,pricekristin@yahoo.com,13,Davis,"Unit 8785 Box 3068 DPO AA 25549",Charles,IID#6cee8ce32cea96335c6f574103c94e93,SKU#c54104d7894a1941ca710981da437f9f
2020-04-20,6560008949,706.29,sandra66@harvey-lewis.com,13,Morrison,"01248 Lopez Lodge Kingland, MI 61110",Shelley,IID#e4d6f07eb371e7f6316a905939cc34b2,SKU#5d2a33958ebe530732fd9c258850c5aa
2020-04-25,1573682141,1566.74,xwelch@yahoo.com,14,Campbell,"26375 Gross Stream North Mary, CT 14473",Darlene,IID#2fea7fd26db80652e268b9692067a3db,SKU#530760e26291763b437871583c568557
2020-05-04,5668677640,1015.84,kathleentucker@landry.com,16,Munoz,"16801 Seth Hills Suite 083 East Michael, VT 73873",Erica,IID#75ec6f88b1e4e3ad4390557cb652865a,SKU#8dd6bb7329a71449b0a1b292b5999164
2020-05-04,6271208293,556.6,ksherman@hotmail.com,11,Gonzalez,"Unit 9410 Box 1345 DPO AA 77284",Kathleen,IID#a0d915ce734d0d6f418744e321ccbd02,SKU#70a5b182abcabd5413836e3bf1a60299
2020-05-05,4612007360,1767.15,holly73@dominguez-williams.biz,17,Wright,"1374 Elijah Branch Suite 965 North Jennifer, OK 16963",Benjamin,IID#6542f781e210672725c0e94cc70d011b,SKU#2319ac34f4848755a639fd524038dfd3
2020-05-07,8428885983,252.42000000000002,henrysteven@rodriguez.com,14,Jones,"28471 Wallace Branch Apt. 559 West Joshua, LA 62487",Anna,IID#2f4aaa840e0d4fcd1b67aa5547134847,SKU#ec8d9cf15661e1e246997637ac868ca2
2020-05-08,0132683702,286.08,buchananmary@webb.net,6,Henderson,"6123 Lam Inlet Apt. 675 East Nicole, WI 75614",Michael,IID#3ac8568e91739f5fbfe46274adc8a16f,SKU#608fe08a986da43e511914797e9d2a7c
2020-05-29,5858543773,1222.98,caitlinmcdaniel@murphy-jenkins.info,17,Hamilton,"69017 Chang Course Apt. 336 Kennethstad, WI 81770",Matthew,IID#f993017d8607b68eebda427bfdea4e64,SKU#fb81d628255e2a9b08e67cdbf462093d
2020-05-30,8977888191,1753.8,erneststein@schneider.info,15,Green,"500 Scott Plaza Suite 052 Jamesview, MS 92260",Timothy,IID#289e454d747e41acacd93fc3857584d6,SKU#527e3a39bc066f9dfcc85c57acc8d262
2020-05-31,3181143444,834.88,mphillips@daugherty.com,8,Lewis,"284 Marisa Square Suite 478 Davisberg, TN 95791",Donna,IID#59108a6e9f612dec5c12db6c4ce1bc5c,SKU#a27770954f1e6caf5875ab6ea6c4bfb5
2020-06-09,9091889361,2232.31,janice40@hotmail.com,19,Young,"944 Justin Oval Brittanyside, OR 07525",Vanessa,IID#028042461e4a660b7225d12a8d19f2c1,SKU#486f628834e706005abd48b28a0b03ac
2020-06-10,4749995277,370.20000000000005,edwinclark@ortiz.biz,12,Mcguire,"7864 Kevin Islands Apt. 954 Belindaton, AZ 75155",Amanda,IID#464b8b63caf4ca6446fbee37c187583f,SKU#d00e81a86830948bf7d7ed15874c46b5
2020-06-13,9949988565,1593.92,michaeldyer@lee.com,16,Hayes,"901 Todd Wall Aliciaberg, OR 12471",Laura,IID#f16242d0c4e3d102d119757c18a07a54,SKU#d37af2d76d58a29f7cadadabd2ad6f3c
2020-06-17,8325532846,1849.46,patricia39@ramsey-petersen.com,19,Watson,"60795 Deborah Turnpike Suite 740 New Anthonyfort, HI 13362",Jennifer,IID#ddaaf52d1b28c4a938fbdcca47ca3ecd,SKU#c3f870be49ca32e3169e7468d398ef22
2020-06-20,4591254878,1022.58,rsanders@soto.net,18,Olson,"81785 Shields Common Marktown, MS 27952",Erin,IID#df1214948842e755669e5d9ca7b2cf4c,SKU#153a5896b15f08b9958895743d19f664
2020-06-21,3959883198,2485.0,crystal98@wagner-crawford.com,25,Clarke,"022 Ballard View Baileymouth, AZ 39521",William,IID#c5d92f23a7680bb30b7602bfcab9b18a,SKU#c509359f498aa0d1f98b7c29ca3c9bfe
2020-06-22,3230920333,718.11,gabriellemunoz@hotmail.com,9,Shepard,"254 James Junctions Apt. 724 Port Brian, NY 49943",Tina,IID#69095eec6abb7a77d8c08b136f4f7997,SKU#fd45e0b6af52af4341db1383cf2c627c
2020-06-23,2397450058,1760.3999999999999,michaelhanna@gmail.com,20,Boyd,"8704 Jeffrey Oval South Stacyview, CA 37806",Robyn,IID#1cabe78df231107f221d6d21868a00f0,SKU#1bfac55f37835bdd353e49156690f8b3
2020-06-28,2853523357,1118.56,jessicafarrell@gmail.com,16,Young,"568 Joseph Meadows Apt. 936 Jenkinsborough, CT 34820",James,IID#0d58be8b84309aa5a6440d021090bcba,SKU#2c1cf4f76fa1cecc0c4737cfd8d95118
2020-06-29,1544555243,1671.2,lindsey49@gmail.com,20,Robinson,"44350 Mclaughlin Stream Apt. 146 Ericahaven, DC 21715",Casey,IID#8b29684cc090d2880866f28f98cea900,SKU#47ac0716d5626deb5d6bd92f052d67e3
2020-07-01,8168812602,1372.65,jimmorris@hotmail.com,15,Murphy,"8948 Wright Alley North Philip, AK 38212",Shannon,IID#3f1b2f935c92b6db655490ca59f536f2,SKU#425ab24e1b4c711c09b71f1509450c3b
2020-07-02,9984116686,675.62,meyerscassandra@hotmail.com,22,Kelly,"2400 Bowman Lodge Lake Nicholas, VA 74962",Amber,IID#9c366222ca168600b6db86cfdda4cc90,SKU#304dafe7369e8eabdd8e403d923c753d
2020-07-02,0790258728,1454.4,erinpreston@yahoo.com,20,Dixon,"114 Alicia Parks Suite 545 Justinside, AK 33432",Derek,IID#6bb73c7f4a40c717829518f757ab695c,SKU#5dc32f41bef844b95b3a8d79e9633c42
2020-07-03,5293656325,1637.4399999999998,vdavis@hotmail.com,17,Fuentes,"09262 Clark Road Port Jacob, NE 85482",Sean,IID#d1af555689f2490e26ba7c9c30445934,SKU#2e715b7aec9cd1260982b62b78432cd9
2020-07-03,7464091699,463.86,sheryl41@yahoo.com,9,Sanchez,"4214 Best Well Benjaminmouth, MO 26924",Joseph,IID#2d0317e6bd9ac1f7fd2cce9cf2ce4b51,SKU#491d4857e02191839fe07d27d2aac519
2020-07-05,6775322661,1114.19,paula97@tucker-le.com,11,Hernandez,"8042 Sue Light South Michellebury, VT 21454",John,IID#8e7cb35eed76a01acdcef2f72f6ff6d5,SKU#790d869f1712d38358a3f692f5e1484a
2020-07-09,9260911231,565.73,coxmelanie@frank-stewart.com,11,Clark,"51880 Hunt Glen Suite 019 South Candaceberg, TN 60866",Luke,IID#cc4b3251c5da83eb14afa71b61aaf7aa,SKU#06c61bcbf2ecd1295dd9a282ae253546
2020-07-09,3579121734,767.62,maguilar@gmail.com,14,Williams,"249 Lisa Parkway Jenniferstad, DE 26089",Felicia,IID#a211048a4e05aa4115fc9bdfbec615a6,SKU#81e4bf29a6552cb0df60980b937ed4a3
2020-07-19,3204070086,1532.41,wongvirginia@hotmail.com,11,Tucker,"1696 Thomas Hollow Suite 778 Jessicaburgh, UT 28481",Matthew,IID#39ff0904b44da963efb35c1ebe9c30d4,SKU#d71669de10ad49507e3593f5c6f6f8e4
2020-07-23,2460054924,1283.6399999999999,lorismith@welch.com,12,Young,"877 Holmes Plain Suite 835 New Kathryn, NM 82795",Daniel,IID#248a3ab77e6bcd05d92e6feb7d6cdcbe,SKU#03143317e6d07fb16f0f3963e8c579e0
2020-07-24,1787045199,2376.13,hlarson@miller.biz,23,Davis,"634 Patterson Ferry Lake Connie, MD 78892",Matthew,IID#9b6015b872958e5784bf5b3abf897f02,SKU#bc9b6e84cda86c0df0a708638ee4a2b1
2020-07-28,5956408441,772.44,tammypreston@yahoo.com,12,Anderson,"897 Brown Shore Suite 743 Port Jasonport, NC 28911",Roger,IID#4d969fa25e84baf4aa0cb9f0e9ddbf4c,SKU#5b27a78cb61feef49e37aa0a1ccda7d1
2020-08-02,7757904075,931.6800000000001,hfuentes@gmail.com,12,Thomas,"5422 Michael Knoll Susanborough, LA 38505",Laura,IID#44ddf7adb264d122fc5a77dbb46b3f31,SKU#28840766f7d339b8464bebe7527f2bf4
2020-08-02,0004718365,629.44,ubush@hotmail.com,14,Davis,"205 Madison Square Laurabury, WV 66040",Kimberly,IID#7c41f680bafad15970aae59469eaf111,SKU#becc18c1df698952a593bf005c8e8ec0
2020-08-02,9629868657,1242.24,dgarcia@gmail.com,16,Mitchell,"45868 Melissa Shoal Suite 009 Thomasfort, RI 95176",Bruce,IID#5594657e65f17fb406953247d1e6effd,SKU#28840766f7d339b8464bebe7527f2bf4
2020-08-05,8195325780,437.31000000000006,brandon69@simon-young.biz,9,Arroyo,"110 Summers Court Apt. 900 Oliverchester, NV 89784",Terri,IID#77437e586d66d68d10f2d3eeee3bf4d8,SKU#832d4a5215870ff40d202bf272fe8c8c
2020-08-08,3663517608,2364.7000000000003,sheppardcody@meyer.com,26,Lawson,"95282 Michael Glen Suite 216 Jamesfurt, AL 61002",Elizabeth,IID#ff578439f077afb98da0391f02fbf04b,SKU#0d7db7ff842f89a36b58fa2541de2a6c
2020-08-11,5386470243,758.52,jwatson@thompson.org,9,Hart,"7682 Michael Drive Tracymouth, OK 04761",Francisco,IID#e23b266985df335a2b84f9a214a54f6a,SKU#345f88ce26c8fc82bc36f330303c1068
2020-08-15,5668677640,962.7199999999999,kathleentucker@landry.com,22,Munoz,"16801 Seth Hills Suite 083 East Michael, VT 73873",Erica,IID#3476b1c1eaf413493d79ff7c9a8df423,SKU#78cda06746a4e5923ab73edc34344142
2020-08-18,6451301139,1211.82,vjackson@jones.com,19,Santana,"12839 Tracy Brook Maloneview, CT 53794",Elizabeth,IID#d30c650e172e6198f6220c917a5736a2,SKU#c183857770364b05c2011bdebb914ed3
2020-08-24,7357381109,1437.0,dawnmcdonald@kennedy.biz,15,Powell,"197 Newman Forge Apt. 697 Connorfort, IA 91229",Ian,IID#e71ecbaead665477d072e65e272909ac,SKU#a8b97ebf53f63123539cb2b46167e57b
2020-09-04,4975829799,1160.3899999999999,ramoscassandra@yahoo.com,11,Little,"70457 Jennifer Trail Suite 571 Robertsonland, VA 90253",Kellie,IID#0988f8c049e782777d618464167f034e,SKU#922e8babe37c749c0886a5fff0bec7a0
2020-09-05,1673599928,1644.3,vjohnson@paul.com,14,Valdez,"6315 Alexis Crossing Apt. 297 New Mary, AK 30529",Jennifer,IID#21c223190be28ee95610be1964ea1632,SKU#4f00b32a70c5d829f8199614fe56af64
2020-09-06,3840183829,503.58000000000004,yalexander@hotmail.com,11,Mason,"11201 Sandra Spur Apt. 935 New Ann, WI 93978",Maria,IID#cfb813c7d86e0bf6a04e95eacc388f25,SKU#5a6d370429f1349fa2f3af3cc2a25c17
2020-09-11,3791546000,2038.4,gabriellaelliott@alexander-wood.com,20,Lewis,"USCGC Ortiz FPO AP 37483",Laura,IID#404ac755e2446a0941bbc5ff28f6f9bb,SKU#c712615f0f012ecd8913bf7d9098468b
2020-09-12,5840428082,1508.8,qbarnes@hotmail.com,20,Crawford,"Unit 9889 Box 2259 DPO AE 33272",James,IID#d77136cbc878424aafcbfa7994a794ad,SKU#32b5e7886d1928c44fadc040471cc550
2020-09-29,6273532048,1631.8500000000001,jaimedavis@hotmail.com,15,Frank,"80626 Graham Spur Suite 206 Port Robertberg, SD 55277",Jasmine,IID#76b698f0a6ac253b4bf2f7ec1f0aa036,SKU#6995ecc80f661f51b5f3a40dca5df020
2020-09-30,7635406836,484.16,william18@yahoo.com,8,Ayala,"4484 Wendy Valleys Suite 186 Richardstad, DE 11804",Mariah,IID#620e4e9bcb1f4be5378cb84981af0b20,SKU#8a77e487095b9fc40c2ed1dfbb422892
2020-10-02,9392917616,1372.8,brian54@yahoo.com,10,Smith,"0657 James Road Suite 521 Mccoyton, DE 22447",Joshua,IID#02d9fd728985d17904a49be7a09a0a88,SKU#d174bba680d1828f7ff2e80b3a4ae0fb
2020-10-02,4230251407,975.26,millercynthia@glenn.com,11,Owen,"6772 Boyer Mountains Daniellefort, NE 03159",Michelle,IID#5e4055740248483a1405f412d1ac23db,SKU#9498994000875ab9ff9f8bd5d33ce271
2020-10-03,0310940083,1174.03,amanda83@castillo-benitez.com,11,Carpenter,"4873 Melissa Valley West Darryltown, ID 58989",Pamela,IID#4276c45a5145c6cea21505fb710a516e,SKU#1079e8f69138f626c4065e314d2ba525
2020-10-12,8468996190,1039.08,martinkristy@davis-campbell.com,14,Hernandez,"60036 Chapman Dale Suite 168 Port Rebecca, VT 65658",Kristin,IID#15bf7a348a6117dcd5cf51540dbf5dbe,SKU#83a9475b33cad765c41dd3deb5be2254
2020-10-13,9492808162,2385.54,jennifertorres@fischer.net,18,Patterson,"388 Scott Fort New Randystad, NM 74256",Margaret,IID#c5b207d1d602fd649c21bf23ad11866b,SKU#2742e1f05ea7d3e8fd65942fe06c2f7f
2020-10-24,4768383365,1285.31,kimriggs@benson-thornton.net,13,Carlson,"60923 Allen Motorway Whiteton, KS 31993",Susan,IID#b077fdd13eb719c3e411fbfe88d0f484,SKU#b4b1cb3a3194e9d88e361273e66a1348
2020-10-24,6689600991,987.1400000000001,tanderson@gmail.com,14,Burke,"361 Williamson Tunnel West James, AZ 77343",Nicholas,IID#3900558601860d545acd8ded3f72e91c,SKU#fe60c9172b2514a1e530e8acb67583af
2020-10-26,7870939782,828.41,aaron60@gmail.com,17,Mccall,"56409 Davis Freeway Port Mariah, WI 96879",Richard,IID#ce2c75977aff3db9f52aa76c9d03ee91,SKU#348a9791dc41b89796ec3808b5b5262f
2020-10-26,7000711271,487.08000000000004,codywebb@keith.com,11,Henderson,"866 Karen Inlet West Sherry, CO 45603",Matthew,IID#aca9f647a20270319b0d4d4bd9f05000,SKU#53553242d57214aaa5726a09b05fe7bc
2020-10-27,4841034705,828.9999999999999,jamesbass@gmail.com,25,Arnold,"468 Walton Lane Suite 098 East Michael, MA 33950",Laura,IID#1d7fc2a2a670d29e1dcea86252ded2c8,SKU#174dd930129aabe1739c4ceb4aee97b8
2020-10-31,5267509967,2547.11,theresabrown@yahoo.com,17,Smith,"PSC 3902, Box 3515 APO AA 44539",Nancy,IID#2ac8ac03aeaad2d69d6dd44cb0901f7e,SKU#bb95a9de280c528c32806d0d5231de6d
2020-11-05,9091889361,1622.88,janice40@hotmail.com,16,Young,"944 Justin Oval Brittanyside, OR 07525",Vanessa,IID#df4075f6a737cf932c7dea442d123f45,SKU#56ddc7efc29d7dfb0d59d10321298727
2020-11-05,0976088652,1935.4499999999998,fgeorge@hotmail.com,17,Mitchell,"057 Ortiz Pine Aguilarstad, ID 86364",Patrick,IID#960fb32c144e473274605cad5f2eda57,SKU#099a150e83972a433492a59c2fbe98e0
2020-11-10,0561367636,1767.64,nrivera@gmail.com,14,Lopez,"846 Edward Divide Suite 251 Patrickhaven, ND 18672",William,IID#ac66a1b16a4553a250bd39bf85f91828,SKU#7f2f60b8afdc6336bd5199d39140e790
2020-11-11,7314391269,977.44,shannon57@gmail.com,16,Roberts,"954 Valenzuela Ranch Suite 571 Rodriguezland, CA 98741",Jose,IID#2e13eea72df66de8962e6c14ec0a7c15,SKU#3855a48bda492173d92ea60e14af2730
2020-11-11,3639715011,868.4,milleralexander@johnson.net,13,Brown,"53490 Bender Pass Port Johnborough, MT 51933",Nathaniel,IID#c8fbd3cbc0e55ec9e1c1160b531b569d,SKU#a7e867cf39a53ef26a70614e2830b90c
2020-11-15,8527697586,1255.56,andrea65@gibson.biz,12,Ramirez,"15996 Smith Rapids Apt. 302 Mollyshire, MT 55664",Michael,IID#2abb101ad45ec835583ce974d2446a93,SKU#e998be3d3bb15661763e4ff1e1c9a3e7
2020-11-16,5386470243,1442.76,jwatson@thompson.org,12,Hart,"7682 Michael Drive Tracymouth, OK 04761",Francisco,IID#82ea2e3b0e32636fe7c5fcf8b18ddd0c,SKU#65cecfb980d72fde57d175d6ec1c3f64
2020-11-17,0498173732,2072.34,jonespatricia@george.com,18,Cook,"253 Cooper Shoal Kempview, TX 11805",Danielle,IID#7c6f28c85bf33dc060d67c28bbf748e9,SKU#3c2bfeac2ec39c652fad00241bdf552f
2020-11-17,7542696642,1977.4399999999998,lauracoffey@hotmail.com,17,Campbell,"6345 Smith Crossing Port Alexander, CO 10294",Holly,IID#9ac0d7a206bbb29750394139477e4499,SKU#dc30309781dc98cce673a1a2091b7954
2020-11-18,5686950231,1412.0,weberdiamond@travis-hopkins.com,16,White,"330 Shawn Haven Apt. 015 Owensmouth, VA 25422",Hayden,IID#d7fd554d8ab070e31cefd0950294fadd,SKU#7a6cc6c3c88d564968fd46bda5c66017
2020-11-29,5840428082,1468.32,qbarnes@hotmail.com,16,Crawford,"Unit 9889 Box 2259 DPO AE 33272",James,IID#a1286f105dfa7bdbdfbd0a5ef1c57c06,SKU#a302a771ee0e3127b8950f0a67d17e49
2020-11-29,6106527103,649.12,knappvanessa@martinez.com,16,Vasquez,"557 Jeremy Spurs West Ginabury, UT 85156",Krystal,IID#303fb486495a8cbc8ecaa8b77f019632,SKU#3cc6142f4b034d89493334655228d611
2020-12-02,0026212319,1033.1,wayers@hotmail.com,10,Murphy,"867 Fernandez Track Apt. 062 East Maryport, VT 27760",Christine,IID#fb670b6be6816bb7823b6fbf2cf8af5e,SKU#bc9b6e84cda86c0df0a708638ee4a2b1
2020-12-10,7635406836,1624.14,william18@yahoo.com,18,Ayala,"4484 Wendy Valleys Suite 186 Richardstad, DE 11804",Mariah,IID#befaab7b95bc9299d47d6b881c240ac9,SKU#cb6e900d82976474d5ff525aa0ee2a77
2020-12-30,2397450058,707.6999999999999,michaelhanna@gmail.com,14,Boyd,"8704 Jeffrey Oval South Stacyview, CA 37806",Robyn,IID#96eabb669e4993857d58a659aab7789b,SKU#a63c90cc3684ad8b0a2176a6a8fe9005
2021-01-02,0710395905,2047.32,david93@yahoo.com,18,Smith,"USNS Fitzpatrick FPO AP 73798",Johnny,IID#d2e87ba87109eccac6955317fa79865b,SKU#905a0b9a5456ee962223033473666be3
2021-01-05,2380054408,1866.22,cheryl17@yahoo.com,23,Rodgers,"3300 Reynolds Motorway Apt. 387 Foxmouth, MT 78301",David,IID#21ed76bd3f0d979cdf4fc33c86606abc,SKU#d1843877be2b76d1ebc5572daafa3fdc
2021-01-06,4913223154,2694.6,vazquezjonathan@hotmail.com,20,Evans,"01604 Shane Island Nicholasshire, WA 36640",Edwin,IID#968d9a1ba9a91a0c2fb8a0fba48d899d,SKU#e5b0327c41376ef19fc5edc9152529d0
2021-01-10,4065874171,291.72,gcuevas@gmail.com,13,Boyle,"92060 Berg Coves Jimmyview, NH 05895",Eric,IID#f50a52846e65992dc734eb28620c2057,SKU#b203621a65475445e6fcdca717c667b5
2021-01-20,9680664970,742.24,scott15@gmail.com,8,Strickland,"932 Jennifer Junctions Jodiport, IN 25699",Thomas,IID#31aa722fc32e19723642a3840dc6059d,SKU#a2a5bb0f1f0a8eb31a3c60a6ad28543f
2021-01-20,4132855433,1050.0900000000001,nicholas88@yahoo.com,17,Bates,"494 Melendez Manors Buchananstad, NE 26571",Thomas,IID#3482fa8eb23c05f6c0ae4f25a04fcea3,SKU#4fbdf7f6dc31f3ba119d36b1a9bc424d
2021-01-21,5836288449,1202.55,rogerserica@johnson.biz,15,Torres,"566 White Alley Apt. 468 Port Jasonland, NY 92349",Bridget,IID#f6bf54a5db28ca5b3679361f9b6d01db,SKU#0ec3bbc188caf04134280e5a95f00446
2021-01-21,5578927182,248.24,sonyamccarthy@palmer.com,8,Saunders,"8285 Curtis Road Suite 150 North Thomas, WI 26715",Kathryn,IID#c197a754f063ac68786b58bbc0ef2890,SKU#bb80d204c09023de9181edf43dbda1b8
2021-01-22,4415136295,344.96999999999997,natalielynch@smith.net,9,Harris,"9376 Mueller Village Apt. 974 Latoyamouth, MT 24995",Charles,IID#e6709d4ff8e6c4e41ac0db262e127b32,SKU#27a7404c386f389ca798dcafa2b279d2
2021-01-26,3559041995,2411.8,ujohnson@yahoo.com,20,Evan,"917 Bill Port Apt. 077 Williamsview, CT 53707",Mr.,IID#6f00f2710659ab7338d98b9d7d110e01,SKU#f6c8964623e559ff358a24fd0b7d1240
2021-01-27,4770486300,729.9,mckayjoshua@hotmail.com,10,Edwards,"1972 Christopher Centers Suite 405 Marcfort, IN 15858",Melissa,IID#f571947d393adddfef5f784cd8d8567b,SKU#64321e9c7da09049fe84bd0613726226
2021-01-31,9242683179,1201.05,matthew45@yahoo.com,15,Garcia,"42574 Ball River New Donaldstad, VT 35867",Jimmy,IID#c1718f14088982a5dbac813dcef6132b,SKU#5360b12f6a07af7be93437d215f72fca
2021-02-02,8742251912,2613.3999999999996,paul36@martinez.net,20,Flynn,"610 Richard Tunnel Apt. 412 North Tanyaton, IL 06850",Alyssa,IID#22ffae7109aea2958af91bdbc721b5ac,SKU#f37e03f74576c53fda5164837a5fae01
2021-02-03,4289810096,2384.8,anna61@taylor.com,16,Mckay,"PSC 9738, Box 8636 APO AP 80792",Sarah,IID#156e123bea15dc14d386cb5d69445719,SKU#3135bf07e7aa0e72fbde14d0411ca6de
2021-02-06,8027671028,760.87,lisa01@taylor.com,11,Bell,"027 David Land Suite 245 Lake Peter, MO 68939",Eric,IID#7814c454c48c5908b1830ade73fbb6bb,SKU#f615e219175d923e1a35183696a98c91
2021-02-06,5843805736,1553.5800000000002,kingdon@smith.com,21,Williamson,"392 Richmond Lake Apt. 050 Doylehaven, KS 32400",Jamie,IID#8e7aacf1dbf02b60b930a37f985a8956,SKU#a44d27dd9c5fe19d8b1fe7253ec80523
2021-02-07,8578887193,780.7800000000001,carol07@hotmail.com,14,Gibbs,"309 Small Oval Suite 186 New Susanland, WY 16268",Leslie,IID#a67da4e63cbaf15cb8e91ee8442b5cdc,SKU#4f8314c91ac9fe6397eafe6355213999
2021-02-11,0482127661,841.95,robertjones@cummings.com,15,Reed,"817 Joshua Roads Anthonymouth, ID 87563",Stephanie,IID#578a9e5351c16829e39c6f4cfb8fea25,SKU#809457c05fe696f5d34ac5ac8768cdd4
