First Name,Address,Email,Last Name,Total Cost,Date,Amount,Sku#,Invoice Id,Phone Number
Steven,"81120 Edward Fort Robinsonton, VT 92326",rodriguezkelly@hotmail.com,Kennedy,1745.6399999999999,09/14/2016,12,SKU#203768ce527e10bf6e6874d1fbf25dc6,IID#df535075028fef5aca9e0587e7014fa4,(855) 713-5979
Melvin,"346 Lucas Extensions Suite 423 Wilcoxchester, MN 23092",iholland@walsh.biz,Johnson,408.69000000000005,09/19/2016,19,SKU#19a167cbf43523d7a0d6175b8fd7f0d4,IID#ff360b273789be39a205f9ef300e50fd,(190) 806-2512
Kaitlyn,"492 Ian Wells Apt. 903 Grosshaven, TN 63670",davidharris@hotmail.com,Bonilla,713.44,09/20/2016,8,SKU#6cc45e0c18bfee68dc63d2d31524f9c5,IID#28bb085848d3544ee43a5b9c198c5229,(045) 851-5992
Robert,"632 Jennifer Radial Apt. 772 Stephanieshire, KS 39320",fclark@dominguez.info,Long,541.62,09/30/2016,18,SKU#2a07e772c23a60de4067b4d960e00575,IID#3b920b1f6d95e651bf31587d962bb6cf,(331) 137-5622
Michael,"113 Smith Knolls West Erica, TX 24011",alopez@yahoo.com,Day,2490.9,10/04/2016,19,SKU#1dd69f505b6b0a993b58a03ae51ada0c,IID#f0d4b12110313ddf4e4ae2710f240787,(213) 264-7307
Christopher,"287 Francisco Club Normanshire, NV 57438",emilyfoster@hotmail.com,Owens,1083.94,10/10/2016,22,SKU#77f11a9207cdc620a93a176108baf73d,IID#4cf6a508d1a5373aefd5d4fc270cbac6,(094) 081-9403
Kristen,"306 Vasquez Forges Shawshire, KY 07165",ckaufman@hotmail.com,Adams,1753.5,10/11/2016,14,SKU#f66bbd2e5ab92eb20b68e23e0e7e2865,IID#532511a83ef66c7988635005b1c6cc7c,(041) 030-1902
Sydney,"146 Jeffrey Stream Suite 997 South Carla, MS 05137",pennymoore@sanchez-herrera.com,Holmes,1064.25,10/11/2016,25,SKU#bf471a8e510e61a31dfbb1696594d56d,IID#b7ff3c4172217b6c842f236487e8ffcd,(735) 859-7957
Christina,"7664 Timothy Stream Lake Nancyborough, OH 59954",carlacarter@hotmail.com,Keith,2547.82,10/14/2016,22,SKU#ff035bff2dcf972ee7dfd023455997ef,IID#d912dbc413eb3d15a79b024a8a58e65c,(685) 576-5182
Mr.,"0341 Hopkins Turnpike Suite 706 Ericfurt, MI 24725",qsmith@hotmail.com,Andrew,1350.08,10/17/2016,16,SKU#a80531c733584acfb5e1fe05e1e1ac1a,IID#3079f62524bf29fbb4e0b17aa5322539,(838) 488-2671
Elizabeth,"990 Frazier Springs Gregorymouth, NH 38678",rileyrobert@williams.biz,Mack,2023.51,10/28/2016,17,SKU#ad6bb3e05acf6e8dd707be7f2659ccdf,IID#2852ce1108d333f37117cff0003829d0,(434) 189-9731
Steven,"843 Ward Lodge Suite 873 Andersonton, NY 41742",nicoleclark@yahoo.com,Sullivan,838.27,11/02/2016,17,SKU#5b6b6d7f67b2b91d9f641f13ce5eea82,IID#688a6ec0d6998af0e2dda7101380ef24,(727) 422-6975
Heidi,"4677 Hernandez Extensions Lopezview, WI 94443",rojaseric@wilson.com,Sparks,806.8000000000001,11/03/2016,20,SKU#33aa8cb471ba9dee750c069bca801127,IID#0a206c2f1044383376cf27d4a36329a4,(656) 589-1325
Jessica,"51341 Perry Place Suite 019 Martinbury, TX 36628",atorres@mills.com,Jackson,1424.7,11/04/2016,18,SKU#bf7abfdb63237357df8b9ac253005496,IID#c618a7c1a7e3f42a390250c48f6562bc,(872) 437-9170
Deborah,"225 Campbell Lodge Suite 163 West Maryland, ID 70032",petergonzales@gmail.com,Cummings,1793.16,11/05/2016,18,SKU#d37af2d76d58a29f7cadadabd2ad6f3c,IID#94d6f42a259262d30554ee9d069a0f0f,(155) 659-4597
Christine,"5285 Marcus Route Bobbyfort, AL 61659",uelliott@manning.com,Fry,998.1600000000001,11/10/2016,12,SKU#f679f386067f41d85d54dd9d53f46e62,IID#a555d3e8a562f84cad1f18b350170298,(218) 966-2383
Nathan,"69860 Kathleen Stream Taylorview, UT 62212",longnichole@thomas.biz,Clark,280.08,11/14/2016,8,SKU#cf419aec312cf4b6abaa849d67e31093,IID#cb92b398af7ddc623689d60b22c0d6fa,(321) 953-0424
Donald,"56351 Timothy Fall Suite 001 Garrisonburgh, TX 53993",alexander03@clark.biz,Jacobson,1768.0,11/14/2016,17,SKU#c1f4483271dd550a418a1b55bf3c3ae0,IID#9ab1ac3236d248b626a3a0851218a9a5,(474) 937-4984
Jorge,"Unit 4030 Box 1187 DPO AE 21230",erinjacobs@larson-payne.com,Barber,735.57,11/29/2016,11,SKU#7d8302df4582de342a31d0335e979ae7,IID#b753c89637b00906ff21cafe503aa4e8,(554) 169-1536
Patricia,"634 Murphy Via Donaldfort, DC 06992",ydavis@gmail.com,Allen,2576.2,12/01/2016,20,SKU#9514014b584e9f64861edce0cc3440d7,IID#14cb831ef4a2cd92f9b0d85c6d8b43d5,(883) 411-4019
Dr.,"54954 Maxwell Rapids Shawnberg, AL 35788",buchanansue@hotmail.com,Ashley,969.9,12/02/2016,15,SKU#07d9b08eaa0a26f9771ee72f21e2b29d,IID#9ac4e4d14e90434187566ca88ddf9256,(612) 524-9219
Danielle,"PSC 1552, Box 1847 APO AP 10748",phillip07@hotmail.com,Hayes,2426.75,12/09/2016,17,SKU#a7376cda974182565c2c45b5e7d18097,IID#2616a426035ecd17147c103a6c98517b,(565) 680-4682
Henry,"95538 Thomas Track Bishopbury, VA 17142",hessdavid@rivera-wheeler.com,Anderson,1648.8,12/20/2016,18,SKU#b69f227d106d1e7db3662d6a6f07cfe0,IID#7d2aa78c9bc6df82c5a1fc85b4e28c19,(444) 580-4654
Bruce,"45868 Melissa Shoal Suite 009 Thomasfort, RI 95176",dgarcia@gmail.com,Mitchell,2243.2,12/21/2016,20,SKU#cc9fde7e84b9a905cacd8eadca610fd6,IID#cf6b0b67daafb5e8203b6516d74e14f1,(962) 986-8657
Karen,"684 Park Lane Woodberg, MT 94892",howardkatherine@jordan.biz,Gibbs,2698.1899999999996,12/23/2016,19,SKU#a396c59a96af3b36d364448c7b687fb1,IID#786c4dfce75be3f97108a374b991ac1b,(745) 296-1327
David,"06004 Danny Fields Suite 403 Lake Amytown, HI 04095",cherylbaldwin@schwartz.info,Smith,1334.52,12/23/2016,12,SKU#c339b3f518bfc65c3a4568de89fbcdb6,IID#e3706e6b5695d8cbfba79bd0c80e4000,(638) 954-2735
Jeffrey,"21934 Christina Ford Vanessaport, WI 25628",jessicameyer@gilbert.com,Hernandez,2451.91,12/26/2016,17,SKU#83ac9b2246002e5bdb24b7d05a436007,IID#6f3d53bceb91e8436f4a2b1210b65d2c,(192) 395-7742
Dawn,"018 Sanchez Squares Vincentbury, FL 92487",adrianabarrera@yahoo.com,Young,2120.41,12/28/2016,17,SKU#300f960ebd4a8403afc8fb101573fed3,IID#adb49a399e4293c85d1521bbb8eba943,(629) 515-0583
Caroline,"89811 Kevin Locks Burnsville, MA 84678",blackwelldestiny@chang-moore.com,Bailey,304.59,12/28/2016,13,SKU#4f6e98693c8493169c2fc6216447880f,IID#cadc02285c23ca260e073ddc00d07637,(161) 227-5734
John,"40624 Gary Place Suite 414 East Michaelside, HI 02884",mariahryan@gmail.com,Smith,650.0,01/03/2017,10,SKU#04dd08300b02e1803ce3e9b69cea9edc,IID#23c8f6da4f791904d4415ad49d40b4bb,(172) 701-9844
David,"6420 Chang Square Suite 122 Petersberg, NC 23800",rherrera@gomez.org,Schultz,347.52,01/04/2017,6,SKU#189a804eaa46ce838e487ab062642981,IID#55b4b5447fa59d14b1b5792b50df6a47,(418) 940-7083
Richard,"28721 Mendez Key Suite 897 North Wayneview, OR 02681",fgreen@brown-wright.net,Myers,572.33,01/12/2017,11,SKU#e1666b23e76e17ab3c06e318adb7d113,IID#d8832174ae794185c5d66154b032b4f2,(800) 957-0416
Kenneth,"7650 Parsons Ranch South Frankville, KS 09836",jenniferjenkins@spencer.biz,Edwards,3488.41,01/18/2017,23,SKU#f7c78514872f9cb5585f8d69532cd2d0,IID#c2690e6941e835c3ee674216f8625444,(975) 580-1724
Cindy,"731 Yvonne Station Apt. 277 Kimberlyberg, NM 85448",amandahill@mcdaniel-herrera.com,Alexander,1056.8999999999999,01/19/2017,13,SKU#861326059a7e2bc74172c2fe8a841ba8,IID#87a332ffe023b9b5e376c918cf58ffe2,(000) 184-2211
Richard,"56409 Davis Freeway Port Mariah, WI 96879",aaron60@gmail.com,Mccall,499.4,01/20/2017,10,SKU#4034db804ab2f325a46c8c3d1a6c2d73,IID#ad9636d2547ac8dee2b0ac7fbe09a4ac,(787) 093-9782
Marcus,"5575 Diana Field Apt. 093 East Lisa, WV 97831",hgibbs@gmail.com,Foster,804.4,01/24/2017,20,SKU#93b885adfe0da089cdf634904fd59f71,IID#32e4a7e9945eb6e5e2b8248f14877ae9,(237) 421-5881
Kimberly,"5130 Lisa Shores Mitchellmouth, OR 11196",ccardenas@gmail.com,Charles,3787.4199999999996,01/31/2017,26,SKU#a75d7d422fd00bf31208b013e74d8394,IID#f3629f7f2f7601d86baaf5a9ee76cf70,(533) 836-6768
Marie,"84500 Wheeler Mission Suite 630 Lake Timothy, OK 92488",ntucker@stewart.biz,Davies,749.92,02/05/2017,16,SKU#aed5961c4113ee9f2b80fdd169aec412,IID#71382a9178c1589d93e025edb2e84148,(255) 998-8049
Nathaniel,"653 Bryant Forest Yvonnefort, MT 99240",mckenzie07@miller.com,Thomas,1569.4399999999998,02/07/2017,17,SKU#add75a57dfc7c20c1759a6c6a7aa9065,IID#152daa267e9ce046edc9d045ae0e97f6,(786) 875-7099
Patricia,"245 Allison Stravenue Suite 467 Nicholsview, GA 84484",tammy57@calderon.net,Henry,1014.2199999999999,02/09/2017,17,SKU#0941260343df16d8d62682611c1220e7,IID#2fc24dd56a1ac8f968f99ef7b40fcacb,(863) 617-0292
Kyle,"9888 Woods Plaza Suite 551 Steintown, AL 28965",woodjuan@johnson-campos.info,Aguirre,1098.9,02/09/2017,11,SKU#b32733e7764a341ebc9431868a852817,IID#377a27f0855b7f3d0e3256fac55cb302,(935) 301-2709
Jamie,"76423 Paige Square Suite 165 Chadstad, SD 05161",kyle99@stone-colon.com,Kim,2571.93,02/20/2017,17,SKU#11b1eeada5df474b77ce3a7ce3c65338,IID#566509ca73d5a5db508d774f91e89958,(413) 975-6968
Michael,"15202 Johnson Street Suite 552 Toddtown, DC 60589",hernandezmichael@patterson.com,Davidson,2182.14,02/24/2017,18,SKU#92f1f77de0ce17e9486d53787f69618e,IID#b3a58a9ea60a72f63f0a7f1b4bbd1826,(110) 221-8078
Alexandria,"96166 Eddie Plain Perezland, SC 91430",alyons@hotmail.com,Harris,936.98,02/26/2017,22,SKU#2b0e63420f5cae3932461d8c74a9e788,IID#706ef7df7bdadc4fde4700abcf62990c,(711) 378-1826
Michael,"46568 Williams Plains Suite 799 Lake Sarahshire, UT 75652",preynolds@zhang.org,Ferrell,475.5,02/28/2017,10,SKU#efa94f64068c70cdf0270381ad3cb34d,IID#a057ac19c4e8fa1d2959c05b825149b6,(112) 362-7601
Karen,"086 Aaron Islands Apt. 873 Brownfurt, OK 67856",smithmisty@yahoo.com,Fletcher,791.6999999999999,03/04/2017,13,SKU#469aedf236c9f2c00b7ecef8f015852d,IID#c8576a58218729b817a830570595b8ba,(413) 480-5130
Deanna,"42206 Desiree Springs South Frankfort, MT 17298",charlesbernard@peterson.com,Lewis,1310.8799999999999,03/10/2017,12,SKU#a43c9e7a92068183a58b4c6c4f75bd99,IID#622ba1b10103a63b4501b5d8d6ec37c1,(730) 215-7662
Randall,"PSC 2475, Box 9361 APO AA 81829",staceyswanson@reid.com,Perkins,930.72,03/13/2017,14,SKU#cea67ffae620e6410ed0590dc6ec9b92,IID#94f4e9c96519b0fa873fceb418af4759,(877) 900-1611
Cody,"680 Andrew Summit Suite 039 Wilkinsonstad, WI 87382",mlin@hotmail.com,Leach,872.3,03/14/2017,13,SKU#6d6746c8f9b9a672e1dddfbba370b679,IID#2321d0e80a8d0167bc07ef77d68e591d,(831) 811-2425
Jennifer,"6315 Alexis Crossing Apt. 297 New Mary, AK 30529",vjohnson@paul.com,Valdez,3432.0,03/17/2017,25,SKU#d174bba680d1828f7ff2e80b3a4ae0fb,IID#559238d45a98c20cd7a402940525f94a,(167) 359-9928
Rebecca,"PSC 7057, Box 6975 APO AA 03497",radams@smith.com,Randolph,1035.54,03/20/2017,18,SKU#0e9b775b7a252cde132821fd71d72969,IID#2654b688a85e9adc796d807f862b92d6,(207) 552-8693
Melissa,"73512 Richards Orchard New Seth, VA 25814",lowerypaul@yahoo.com,Taylor,2650.6,03/21/2017,20,SKU#2742e1f05ea7d3e8fd65942fe06c2f7f,IID#ef33a49d589e3a19ff89284848aed7b8,(012) 415-8052
Daniel,"996 Hector Cape Suite 854 Evelynborough, WA 69964",tiffany98@hotmail.com,Ramirez,1173.3,03/23/2017,10,SKU#d3e4c2fefeea6e6c467df305f7a8f3af,IID#6500a955fce670e0fe1508bfcd1c8789,(484) 781-8993
Tony,"6658 Jesus Gateway Suite 337 Johnsonmouth, DE 82915",garrisonjanet@gmail.com,Shah,1695.48,03/27/2017,12,SKU#6df206f493cd799de3658973c3770b29,IID#2fcc5a180c7818767deb2b86357e4cd2,(037) 499-6056
Chris,"59810 Jessica Dale Apt. 948 Spencemouth, MS 64678",julielarsen@yahoo.com,Franklin,550.32,03/27/2017,8,SKU#b85026155b964b6f3a883c9a8b62dfe3,IID#3cab06bdc2e0991a0d85bedc5b9fcff8,(305) 134-5120
Matthew,"634 Patterson Ferry Lake Connie, MD 78892",hlarson@miller.biz,Davis,941.5,04/15/2017,14,SKU#fc0bc7885ad356801903e7f9e01fba4c,IID#cead4dcd4c471169623a1421c4859b1d,(178) 704-5199
Karina,"6559 Gregory View Apt. 539 Lake Kaitlinbury, AR 76550",taylorgray@reynolds.biz,Campbell,1527.1200000000001,04/15/2017,12,SKU#4b4201042e41e0a6e066614a9d7a0584,IID#0a95ad4af9db85c30f34bb3120bd9f99,(241) 701-4331
Margaret,"388 Scott Fort New Randystad, NM 74256",jennifertorres@fischer.net,Patterson,382.59,04/15/2017,13,SKU#36ab5bbc84127288a4bfbab259005f93,IID#296b0a6cf1195da7f35435bffda234aa,(949) 280-8162
Elizabeth,"582 Miller Lake North Juliafurt, MD 55399",garciaperry@yahoo.com,Lopez,1409.1000000000001,04/20/2017,14,SKU#2f6064003b888e403627e493532fc751,IID#04a6b0e04cfc46ae2961aa36b9579593,(365) 561-9780
Linda,"7516 Carrie Fork Fosterport, MD 12943",montoyakelly@smith-wilson.com,Kennedy,1869.7900000000002,04/26/2017,13,SKU#668765baf858733a6f53e53dd878755c,IID#24b76047f309fa528ac6d953bcf5de37,(377) 321-1665
Scott,"0491 Sharp Knolls East Timothyland, KY 13500",christopherlewis@mercer.biz,Griffin,1209.1200000000001,04/30/2017,24,SKU#f3c8bdb6b9df478f227af2ce61c8a5a1,IID#c38c4fe9b9984adc7de26d5edbb44116,(020) 925-3780
Edward,"90919 James Crescent Suite 932 Lake Ronaldfurt, NH 29214",alyssaaustin@yahoo.com,Barker,1950.52,05/01/2017,13,SKU#33c250bf306b7cbbd3dd71b6029b8784,IID#c3abe5675dc8319b386b8f29273bc5c9,(747) 970-3705
Jimmy,"42574 Ball River New Donaldstad, VT 35867",matthew45@yahoo.com,Garcia,1843.4,05/07/2017,13,SKU#29dbb24810bdd7f802c1165f8bc3a714,IID#38007a7fe1a501b70e950add414326f4,(924) 268-3179
Meghan,"56304 Andrea Islands Suite 026 Davidfort, VT 64952",nancystephens@cooper.com,Mccann,1920.45,05/08/2017,15,SKU#70875b3a1094e857296bb4c080c7955e,IID#76c50053fc55fc8cec607b967fabbe4d,(093) 568-0523
Shane,"37269 Lisa Squares Suite 488 West Jill, CO 99354",rodriguezbrittany@gmail.com,Griffith,1773.1999999999998,05/12/2017,20,SKU#9498994000875ab9ff9f8bd5d33ce271,IID#fc572a4b02c3f07aba8334c12d5a5a03,(322) 192-1653
Steven,"Unit 8949 Box 7679 DPO AA 37107",sallyhodge@cervantes-bennett.com,Johnson,3382.06,05/24/2017,22,SKU#34a754102be3d8a66dbf34785234b86d,IID#93253e8de0f04da05e79e1b114124615,(066) 862-0085
Christine,"5285 Marcus Route Bobbyfort, AL 61659",uelliott@manning.com,Fry,738.32,06/08/2017,11,SKU#e02fb636009dc0e9e1e3d40c2b8e234d,IID#6af17bf45fb61d1958f01c29684b1c55,(218) 966-2383
Helen,"1074 Simon Shoals Suite 252 Brookestad, FL 55091",michaelchapman@gmail.com,James,975.1300000000001,06/08/2017,13,SKU#0a15f50911fbd69c7f0d921f313ce4db,IID#283ac7bc4c1d687fe5780f48c8a22b9f,(829) 499-6831
Cheryl,"22817 Sullivan Drives Apt. 181 East Sarah, DE 11270",phillip77@walters-perez.com,Mack,1027.8100000000002,06/15/2017,7,SKU#4f489a3151ae59c909085179b51b4dde,IID#c7ab24737406e0b80f0374237db2a6d8,(196) 421-5187
Sara,"4469 Angela Row Apt. 602 Lake Rubenhaven, SD 19095",nicholsonyolanda@gmail.com,Hughes,1326.24,06/16/2017,16,SKU#cd5d2472a2bf9ac7eb4e15146b30bd2f,IID#ed39866b5d472f73806d4ecf19fff7e0,(737) 185-2171
Danielle,"PSC 1552, Box 1847 APO AP 10748",phillip07@hotmail.com,Hayes,534.24,06/19/2017,14,SKU#decc47bad99272317818a41e7a522d85,IID#725fc7f6908a4b378c4ff969ed907acc,(565) 680-4682
Hayden,"330 Shawn Haven Apt. 015 Owensmouth, VA 25422",weberdiamond@travis-hopkins.com,White,2090.95,06/26/2017,19,SKU#7e5a19c335555b4fcaf22078f0a5e362,IID#37b0eb93e02b9756f65195ef25b2fe89,(568) 695-0231
Shannon,"736 Ray View North Larry, LA 61923",brianmorgan@jackson.info,Adams,1075.6,07/06/2017,10,SKU#aa6672fe9e8426f8dd570c81095e1476,IID#36c04a119643fdf97497d30ea9d3359b,(428) 578-2296
Lori,"675 Phillip Forks Ashleytown, MS 61280",lbright@farrell.net,Torres,1274.2,07/09/2017,10,SKU#c402ea01f458a9dfb9e0fafa0c5eb21e,IID#294e3adf6ebf220dda4e58e08803193e,(613) 510-8581
Darlene,"26375 Gross Stream North Mary, CT 14473",xwelch@yahoo.com,Campbell,1935.4499999999998,07/10/2017,17,SKU#099a150e83972a433492a59c2fbe98e0,IID#a832f60a1ef7f610a2f897c65c044f85,(157) 368-2141
Michael,"489 Johnson Trail Apt. 903 Lake Brittanyborough, CT 44315",kimberlybryant@fowler.org,Chambers,902.8599999999999,07/12/2017,14,SKU#ed926b069c86b5ad2c1f2f9e6d799fde,IID#8998544f62869efb5503a22938c539c5,(456) 661-2511
Charles,"9376 Mueller Village Apt. 974 Latoyamouth, MT 24995",natalielynch@smith.net,Harris,511.79999999999995,07/13/2017,12,SKU#668fabd7829e5b8c5a58853bea0dbe1e,IID#558d1198bddea77a141541f298da8474,(441) 513-6295
Joseph,"938 Gallegos Knoll Gibsonborough, MD 47334",mosssteven@gmail.com,Aguilar,595.98,07/14/2017,14,SKU#bf471a8e510e61a31dfbb1696594d56d,IID#4abcde8ccd61511edd6634568de140f2,(422) 776-0573
Adam,"452 Lisa Village Stevenfort, KS 25533",palmercatherine@matthews-navarro.info,Johnson,1330.25,07/19/2017,17,SKU#e457fbae1dd166a0c89d244ac03f4e93,IID#4d46a58bcfddb535ae47af61c86c1d46,(135) 220-1298
Michael,"641 Brittany Neck North James, VA 66010",ebrooks@white.com,Martin,1535.4,07/23/2017,15,SKU#80bda6f948a1289beefa36d2ba38194d,IID#11983b6b08dd2b4a6e5c55b8dbc29c4f,(992) 932-9447
Kimberly,"556 Jackson Squares Markside, ND 93989",ericsalazar@cole.com,Jones,928.5,07/23/2017,15,SKU#3f41c38fac4ea26e397f0809f804a047,IID#6f0d3b23965efda40668ca596528344e,(875) 536-2664
Lori,"34859 Oliver Brooks Suite 849 Michellechester, MA 08695",mitchelljennifer@barnes.com,Adams,914.2700000000001,07/24/2017,7,SKU#c9ea3314b91c9fd4e38f9432064fd1f2,IID#e5ba462509cafeced3d98d8bb3dcfed8,(839) 967-2640
Vickie,"079 Joseph Fork Suite 463 Jeffreyburgh, FL 28806",stacy55@yahoo.com,Mckenzie,2885.4,07/26/2017,21,SKU#227ab21f84456d3c2b28194d9398a148,IID#6fdd41e2fe23029c994d6ee312ecc715,(902) 150-2292
Shane,"37269 Lisa Squares Suite 488 West Jill, CO 99354",rodriguezbrittany@gmail.com,Griffith,2110.71,07/26/2017,23,SKU#a302a771ee0e3127b8950f0a67d17e49,IID#e96dd94dabdbaf97b98738cc3d758ee2,(322) 192-1653
John,"40624 Gary Place Suite 414 East Michaelside, HI 02884",mariahryan@gmail.com,Smith,1617.0,08/04/2017,21,SKU#004955e30603d8c06c1ff917736eb418,IID#41275dc887a2dcdfe11003a292ec63b6,(172) 701-9844
Melvin,"346 Lucas Extensions Suite 423 Wilcoxchester, MN 23092",iholland@walsh.biz,Johnson,327.76,08/07/2017,17,SKU#ba6b70827fa83c75783b6103bf2ca12d,IID#9e4a5898761968aa9ef2fcc483479093,(190) 806-2512
Joseph,"12859 Antonio Shoal Perezfort, FL 94170",ileblanc@walters-alexander.biz,Flores,3278.52,08/12/2017,21,SKU#a00cf3a9ed10ef4b2995a370e09f40a5,IID#6f82440f136e4e1fbe6f49b48d0138e6,(917) 130-7906
Steven,"570 Mary Loop Suite 341 New Dillon, HI 37798",umosley@frederick-jones.com,Lawrence,797.58,08/15/2017,9,SKU#a9d5728f9b0e997753288b3a140c5335,IID#023ec952d3e3e1c488007b55a7e14bf8,(004) 697-0890
Marissa,"9063 Moore Rapid Apt. 563 East Katherineside, HI 80818",craneroberto@lin-cohen.net,Gray,1910.61,08/16/2017,13,SKU#e62da29ac3a82185101eb38cb426322a,IID#47d9ceb3826afc897b54416628fe73ab,(286) 708-8458
David,"043 Gibson Roads Laurieview, SC 17206",wallacejoseph@summers.com,Hardy,1994.4,08/18/2017,16,SKU#65c9f3fb24b80d8c470d518f901b9c60,IID#a943480764e71dc2dfa55f381490a531,(137) 209-9067
Amanda,"7864 Kevin Islands Apt. 954 Belindaton, AZ 75155",edwinclark@ortiz.biz,Mcguire,1112.54,08/19/2017,11,SKU#60277079fca3996d910efdfa812dac81,IID#2abe23b6fcadf20a30f12bae83f0fd47,(474) 999-5277
Terry,"6068 Megan Estate Danielleton, NM 36409",jamesaguilar@white.org,Clark,774.06,08/23/2017,21,SKU#0a25e7fe3131a04b8683607a189dcba7,IID#276ccdb1e06f08aadd01b6b8c5f881af,(619) 982-9886
Krista,"35483 Martinez Camp Suite 227 Carpenterfurt, WA 41380",davidcardenas@hotmail.com,Smith,1324.8,08/26/2017,15,SKU#2a4ea5937237dcc9a394b47665d76acf,IID#db44a779a74179be7ecb49e3746dfd87,(617) 041-8298
Scott,"6581 Vang Stream West Sergio, AL 66839",suzannefrank@hotmail.com,Silva,266.88,08/31/2017,12,SKU#a66df92f58a96dbf30ae157c0d7e2ded,IID#89f7af368e663499546c41b4bd466615,(227) 693-9909
Heather,"3395 Brown Camp Jasonstad, MA 87289",rrobinson@gmail.com,Delgado,711.26,08/31/2017,11,SKU#07d9b08eaa0a26f9771ee72f21e2b29d,IID#f4b334a0b8b461c9515e1c0e837bce4d,(995) 702-3449
James,"Unit 9889 Box 2259 DPO AE 33272",qbarnes@hotmail.com,Crawford,488.29999999999995,09/03/2017,10,SKU#023fb285bf9850ccc10287a3a8db3603,IID#44215d8fed6c34054d3b1f48833fef5e,(584) 042-8082
Christopher,"984 Mason Dam Apt. 752 Warrentown, NC 14200",denisegonzales@yahoo.com,Henry,1863.54,09/06/2017,18,SKU#0160ecaa22c2946cfa62fd8e689e1f82,IID#22553396d657b877239e583cd004041f,(624) 117-5612
Victoria,"84763 Rachel Mission Apt. 281 Jessicachester, VT 44256",jjones@smith-jackson.net,Taylor,955.56,09/07/2017,12,SKU#0dc1064a99d6b21485f3f758b2dfd8e0,IID#29f256fe0aa426b5e86e862e62b621d9,(731) 568-1259
Robert,"288 Stephanie Land Suite 787 Simmonschester, TN 14883",johnnyibarra@yahoo.com,Ware,1465.44,09/07/2017,16,SKU#1eb29d02e82d0f5ef507ebd70d6eaa56,IID#2d0f776c81a1417f46acd2e890d3e07b,(061) 601-2448
Shane,"37269 Lisa Squares Suite 488 West Jill, CO 99354",rodriguezbrittany@gmail.com,Griffith,1396.8000000000002,09/08/2017,20,SKU#a6fdef745f091df850100797044448e6,IID#2ec5a8ed435ef49c3ff85aac7f2e6f52,(322) 192-1653
Christina,"800 Smith Plaza Suite 214 North Diane, NC 67687",briggsjustin@lester.com,Lin,1128.1,09/11/2017,10,SKU#59bcafcabdd1f16e7b9889ee10dec858,IID#3fcef953cd36f8404d2059c7b33d59cd,(640) 098-1865
Jamie,"5869 John Hills Ortizbury, WA 21709",chadgarcia@gmail.com,Monroe,1498.38,09/12/2017,17,SKU#79680cd55a6b3db8e34b3ce1905b441f,IID#41f6bbfd3c9f3ec0267c4dd3b74c2415,(095) 163-5950
Ashley,"098 Owens Ramp Apt. 483 South Dawn, MO 90789",brownjennifer@davis-mcknight.info,Olsen,796.04,09/16/2017,14,SKU#79ed04c1815f864f5aef3c738e882632,IID#5f903c1617b934ad55151119789251b8,(130) 383-2380
Amanda,"113 Chelsey Lodge East Valerieburgh, OH 68619",rsantiago@hernandez.org,Kaiser,779.68,09/17/2017,16,SKU#348a9791dc41b89796ec3808b5b5262f,IID#ae0a6c77e5e2d04f6de982a516b4077a,(141) 694-8908
Richard,"1624 Grimes Crossroad Suite 907 Lisashire, WV 35568",joejordan@gmail.com,Palmer,908.27,09/19/2017,11,SKU#f4332cb4ea9179c3b4d5f039fe518947,IID#7193d7b4c7970758b3ff7132533ffc9c,(088) 244-3303
Grant,"4819 Nancy Springs Apt. 965 West Mary, WA 21256",johnnelson@petty.net,Hernandez,1455.2,09/24/2017,16,SKU#d9a62f20bec99fa669a104705bf1201f,IID#55c259437917e4ffd839c014d0c33039,(338) 561-2163
Susan,"76099 Rivers Mills Apt. 829 Jenniferville, TN 71948",ccurtis@foley.org,Cook,661.28,09/24/2017,16,SKU#1c920801aa88d000ce966facc8ba734a,IID#e0cbba1a5fd9c8152484ff6b74e5cd1a,(223) 098-6261
Amber,"568 Michaela Roads East Katrina, DE 77649",combsbrett@ho.com,Jones,2116.62,09/27/2017,18,SKU#862dec5c27142824a394bc6464928f48,IID#1c2abfa46b9bc9810699ab31c26a3710,(337) 725-6954
Anne,"30988 Ewing Alley North Paul, NH 43859",oedwards@gmail.com,Hudson,1269.2,09/28/2017,19,SKU#a7e867cf39a53ef26a70614e2830b90c,IID#b0f7d962f07f1b9528464a788a3e42b5,(409) 437-0354
Amanda,"710 Riley Stream East Jamesfurt, MS 44198",andersonmelissa@cardenas.com,Mitchell,813.41,10/07/2017,13,SKU#ad4fd54959a373dca092b5333ae4310b,IID#17d206bb842b4f1ca634226f1e2ca61c,(172) 001-7270
Kayla,"15969 Barber Highway Suite 671 North Leonardton, WA 20483",matthew61@kim-hunt.biz,Martin,345.61,10/10/2017,19,SKU#1567dc990ef4f04dee83ee29f429e0aa,IID#d9051f0eea2331e32e2f555fc45e67b2,(836) 053-8467
Nicole,"65655 Kevin Fall Leonardport, NE 81239",miguel17@thomas-perry.com,Simpson,856.46,10/14/2017,17,SKU#f3c8bdb6b9df478f227af2ce61c8a5a1,IID#04da99b69784565a3d9b82df0530c63a,(637) 912-4674
Dr.,"84633 Wendy Summit Suite 529 Robbinsview, DC 29032",tiffanyperez@gmail.com,John,1655.4,10/23/2017,15,SKU#1c9e99e48a495fe81d388fdb4900e59f,IID#7f5be47dbfd52daafcd732393feef231,(422) 826-0131
Kelly,"29667 Allen Island Brianbury, HI 00893",nprince@gmail.com,Vargas,2386.02,10/25/2017,21,SKU#e6ff7f3f04b9305cf28b21c5d08ef1e5,IID#31b50f8c0932c02b5bb9f34390fee3aa,(237) 824-2526
Linda,"7516 Carrie Fork Fosterport, MD 12943",montoyakelly@smith-wilson.com,Kennedy,461.8,10/28/2017,10,SKU#3bc9355c2e32b02cd125e0bc6e008ebf,IID#064468c4bc0bd97cbfd0c275a5441c08,(377) 321-1665
Daisy,"8941 Green Falls Suite 625 Conniebury, IA 78461",sdecker@hotmail.com,Reyes,2290.42,10/31/2017,22,SKU#bf619eac0cdf3f68d496ea9344137e8b,IID#5eab8ecceae582e12d03ddc996fabcef,(329) 117-4454
Cheryl,"22817 Sullivan Drives Apt. 181 East Sarah, DE 11270",phillip77@walters-perez.com,Mack,1420.1,11/04/2017,10,SKU#a396c59a96af3b36d364448c7b687fb1,IID#99a0c2ef72595e33005bd27b6e8b08b5,(196) 421-5187
Travis,"240 Scott Camp Crawfordborough, ND 19162",ohall@yahoo.com,Hernandez,322.72,11/05/2017,8,SKU#5e0d423694dc87169e1124f26d755117,IID#fd228cf61f47ab305089c47d99b49bdb,(796) 229-1704
Richard,"2601 Melanie Harbor Suite 261 North Jamesfort, MI 51952",troymckee@vaughn-smith.info,Tate,1625.39,11/11/2017,13,SKU#01b53ab60d1307f1db2f793377d3af08,IID#dd65af7ae45744110733db3c1198df52,(674) 973-4326
Adam,"7775 Mary Pike South Nathanchester, KY 20198",dmiller@lawson.com,Brown,302.39,11/12/2017,11,SKU#6923685781779ac0b69c77ec08ce0479,IID#0f5647f007a1db73ca45230e1334a4b9,(598) 086-6700
Christopher,"287 Francisco Club Normanshire, NV 57438",emilyfoster@hotmail.com,Owens,1751.4899999999998,11/24/2017,13,SKU#e5b0327c41376ef19fc5edc9152529d0,IID#515c4b44ebebf2174dfdaf8d5b2f89b8,(094) 081-9403
Matthew,"92595 Jamie Lane Burketon, UT 87659",aholt@gmail.com,Walker,1762.35,11/25/2017,15,SKU#486f628834e706005abd48b28a0b03ac,IID#c21c17af68027f65c806e345d0de4bb0,(035) 491-1358
Scott,"0491 Sharp Knolls East Timothyland, KY 13500",christopherlewis@mercer.biz,Griffin,1357.7399999999998,12/01/2017,19,SKU#420d8ce955a48dbad2fcb7acbdee3d06,IID#92b4d81c079e2de1b2da491a67ea8e8a,(020) 925-3780
Matthew,"77036 David Mountain Suite 094 New Briannaberg, TN 75777",shester@yahoo.com,Ryan,1492.56,12/03/2017,24,SKU#c2308b58a82b730cbaed7148a4b2343a,IID#58e302dcce86a8e003777cdf64585421,(313) 726-3005
Matthew,"PSC 4970, Box 1960 APO AP 94255",michaelsimpson@paul.com,Torres,1126.8000000000002,12/04/2017,12,SKU#f4f65e7495517a39bd68b3937ae5fcf3,IID#6c9af7660185290cf06d80a7553acd2e,(027) 657-6861
Elizabeth,"4573 Hamilton Manor Markbury, OH 15917",owensbrian@anderson-torres.com,Stone,1075.36,12/05/2017,16,SKU#b9f4a26fe6ff491d6b6f51544f2fe131,IID#5f8476bf637ed8d001f3acf4cde4aa12,(491) 627-0331
Nathan,"70505 Brian Loaf Apt. 324 Karenland, NM 20952",paulasmith@greene.com,Carlson,617.7,12/15/2017,15,SKU#93bb6b19b6b56758f3765896c721b16d,IID#d206f56e08709ad89a9f2e914007960d,(138) 992-8014
Ernest,"70252 Moyer Keys Joshuachester, VT 85468",simmonslogan@davis.com,Bates,933.28,12/23/2017,8,SKU#3449c9e5e332f1dbb81505cd739fbf3f,IID#8896be715d981cc3ca6050274277b807,(178) 308-9589
Melanie,"086 Yang Extensions Lake Kurt, VT 21619",fcastro@gmail.com,Lewis,564.76,12/23/2017,14,SKU#33aa8cb471ba9dee750c069bca801127,IID#e001e240f5990c5e11c19cf3458fdfd8,(832) 598-6203
Rebecca,"0084 Jennifer Mission North Ethan, AL 81815",rachelwilliams@hotmail.com,Baker,1553.8500000000001,12/23/2017,15,SKU#b89c9e6a775567fb289ff3a4e15e9f5a,IID#67e8508aa417234226c3feb679f05145,(866) 222-1243
Amber,"568 Michaela Roads East Katrina, DE 77649",combsbrett@ho.com,Jones,1171.8,12/24/2017,21,SKU#7d0a27db87cbd4243eacad312e5d7f41,IID#c0ab6f69095c1d47c10e0423cdf5d294,(337) 725-6954
Michael,"46568 Williams Plains Suite 799 Lake Sarahshire, UT 75652",preynolds@zhang.org,Ferrell,804.6999999999999,01/01/2018,13,SKU#3f41c38fac4ea26e397f0809f804a047,IID#3d701b6c8324dc7f3f238e5c29e5f539,(112) 362-7601
Julie,"USCGC Fernandez FPO AE 56978",ronald05@gmail.com,Phillips,1027.9099999999999,01/03/2018,13,SKU#28226a3bf54c2dd8cbb3e08b64ee730d,IID#c9332918b68c153aa2a0ce342cf6273f,(547) 474-6420
Erin,"768 Kathryn Terrace Anthonyview, SD 23512",hallapril@sparks.com,Day,1035.45,01/04/2018,15,SKU#d28c293e10139d5d8f6e4592aeaffc1b,IID#7359bb6df58e07b5c998c7ee4a5eb885,(022) 538-9354
Stephanie,"9255 Smith Points Elizabethshire, UT 86875",ericaferrell@collier-ray.com,Stein,1046.69,01/05/2018,17,SKU#93908b8b3f9dc8a6ffadacc8c2f8098a,IID#f89c843408100d496c871fee242e73d7,(318) 957-2381
Katherine,"972 Moreno Circles Jessicamouth, LA 19971",jasondaniel@hotmail.com,Nguyen,717.73,01/09/2018,13,SKU#b3e237ea950d826694ad999c36a99120,IID#8cf1eeb7faab6245618c28fa65388a59,(340) 224-5719
Anthony,"17812 Samuel Flat Wongbury, GA 36877",lindahogan@brown.org,Walker,2117.5,01/12/2018,22,SKU#0bdc9969224bdff526cc6748cf8bd8c0,IID#bf0708715169541c03ce4309b0e2381f,(130) 370-5308
Terry,"1589 Howard Landing South Rubenfurt, MT 99012",torresbradley@yahoo.com,Brown,1471.8000000000002,01/13/2018,20,SKU#b0b764a59edaf25c75cc6c1ffd6442a2,IID#d748bdf0ed559a5cb54e9709d7370bed,(506) 298-1297
Mark,"972 Kimberly Crescent Port Roberto, CO 34640",kennethlewis@stephens-coleman.com,Campbell,1778.03,01/15/2018,17,SKU#071f4ede403a0a53ff2948a95ecbaace,IID#3d285ea6412c88de97545f85744a61f3,(049) 990-1546
Laura,"5422 Michael Knoll Susanborough, LA 38505",hfuentes@gmail.com,Thomas,2420.98,01/16/2018,19,SKU#c402ea01f458a9dfb9e0fafa0c5eb21e,IID#6ff28a4d5c3cf4d7011484974946e8d5,(775) 790-4075
Kristine,"2855 Wood Island West Christineton, MT 34794",rbanks@yahoo.com,Blake,1726.7900000000002,01/18/2018,13,SKU#310614b10980392ebdb5a5a8b90b527c,IID#a85f0e21cee4e094958e8ea6128b39d5,(763) 029-9124
Mark,"972 Kimberly Crescent Port Roberto, CO 34640",kennethlewis@stephens-coleman.com,Campbell,1454.83,01/28/2018,13,SKU#530760e26291763b437871583c568557,IID#fb55b771cf5b4fd9567537dad2362748,(049) 990-1546
Leslie,"309 Small Oval Suite 186 New Susanland, WY 16268",carol07@hotmail.com,Gibbs,1681.65,01/29/2018,15,SKU#6f6b5e30af6a9e64b7b6a19c39de7e0c,IID#21e3e02cd263677d74367d1eb2b6dcc8,(857) 888-7193
James,"01467 Smith Glen Apt. 840 Port Brandonchester, IL 30535",dmedina@russo.com,Sharp,1039.8,01/29/2018,15,SKU#f006e7d4dccfb3da2975fa59fc8f8079,IID#b79e8f217aa131f53603d81b3c2dea9c,(233) 510-9310
Stacy,"7387 Miller Springs Suite 098 North Barbarashire, AL 89540",underwoodantonio@hotmail.com,Villegas,2054.88,02/08/2018,16,SKU#f159f67739ff0623442a955c060d49bc,IID#9942eb8655236e3d766cd9216b9fe966,(564) 130-8513
Chelsey,"0558 Angela Road Scottfort, MO 56316",mitchellrobert@gmail.com,Ashley,2849.8799999999997,02/13/2018,22,SKU#e2365bc6a6fbd41287fae648437296fa,IID#a514f45ca8d6ce55829704f5a7b66935,(415) 063-0132
Derek,"114 Alicia Parks Suite 545 Justinside, AK 33432",erinpreston@yahoo.com,Dixon,1502.12,02/14/2018,17,SKU#ceb1e6764a28b208d51a7801052118d7,IID#901ad109ed9b6a44c27db5a7d943c9db,(079) 025-8728
Julie,"9975 Ashley Station Suite 389 New Toni, NJ 86437",pellis@gmail.com,Haas,434.42,02/16/2018,14,SKU#bb80d204c09023de9181edf43dbda1b8,IID#1e2d3d63c4a5cdd8cc106dab5223b0c8,(222) 049-7207
Shannon,"064 Hernandez Roads New Toddville, TN 56501",emily65@evans.biz,Johnston,2009.12,02/18/2018,16,SKU#88a4ef65b666e053c28c9e023d8579f5,IID#f02fad5f9ecac92e68b6a3b19a47f17b,(218) 042-0005
Kaitlyn,"492 Ian Wells Apt. 903 Grosshaven, TN 63670",davidharris@hotmail.com,Bonilla,1430.6499999999999,02/20/2018,13,SKU#7e5a19c335555b4fcaf22078f0a5e362,IID#597e80ca2111372e24398e6eb2f35f3a,(045) 851-5992
Mr.,"97374 Mcintosh Street Lake Jennifermouth, ND 71802",steven62@gmail.com,Joseph,1112.76,02/22/2018,11,SKU#a6e63d588ff7c3fbb8704fa66bbd5fec,IID#13771e1101a3b05b4fa910644165314c,(906) 515-4852
Manuel,"01763 Lydia Views New Shelleyville, ME 86515",wheelermary@yahoo.com,Evans,1021.8599999999999,02/27/2018,14,SKU#64321e9c7da09049fe84bd0613726226,IID#b8b521d7714d87bc251f1f08eecbfaeb,(620) 408-0374
Christina,"1555 Jessica Villages Apt. 500 Hornemouth, CO 74337",meredithterrell@juarez.org,Salinas,537.6,03/01/2018,14,SKU#7d55ee3cd459ee3c66cf971fcbffeb10,IID#921e381de6f08f7069ffb63edd2617ec,(379) 262-1920
James,"7566 Angela Glens West Elizabeth, TN 41160",randy68@hotmail.com,Clayton,1928.32,03/02/2018,16,SKU#f71bb39926a21a32162514e5867100f7,IID#f52582f1c3caf118decf5be95b7ad023,(839) 184-0312
Wendy,"3790 Melissa Hollow Rayton, WI 52224",chamberserik@hotmail.com,Hernandez,1510.74,03/05/2018,21,SKU#fb81d628255e2a9b08e67cdbf462093d,IID#7cca883da0080a569f6de5bbb59b90fd,(536) 635-0044
Mary,"152 Knight Radial Apt. 818 Bonnieborough, OR 54878",nathangardner@bass.com,Miller,2173.28,03/06/2018,17,SKU#cff66c68196faa687b6cecb8de3ffcb5,IID#9243cc04f30d77daeae23abb7615c45e,(046) 606-3189
Mary,"152 Knight Radial Apt. 818 Bonnieborough, OR 54878",nathangardner@bass.com,Miller,381.48,03/12/2018,6,SKU#01734878c05d2dded8c726a622fdba9e,IID#4955691468e8de2dfb8dd723603ad4e7,(046) 606-3189
Lorraine,"USS Kidd FPO AP 45162",osmith@yahoo.com,Anderson,1213.96,03/14/2018,11,SKU#2f56586341453f2d625a03e7745ffe59,IID#8a14d11bdaf9897b61b407626ac20044,(193) 055-1398
Bob,"99075 Fox Hollow Suite 115 Dawnstad, NH 53299",marcusfowler@clark-evans.com,Benson,1818.08,03/24/2018,16,SKU#04dbc66d8e4559769bb38a92cd6f7d9d,IID#60590915ee796507c33ecfc2a1de64f5,(768) 246-5507
Danielle,"9409 Martinez Island Apt. 366 Campbellview, NM 11801",dustin18@johnson.com,Flores,1057.92,03/25/2018,12,SKU#b259e6ea164c6e479eec45c80772e515,IID#3255d6879b6b2fca01de69fc993ce993,(400) 194-0379
Charles,"9376 Mueller Village Apt. 974 Latoyamouth, MT 24995",natalielynch@smith.net,Harris,649.6,03/28/2018,14,SKU#421cd12b43e660f10da31bee36e85f4b,IID#fc64305a2a1292a5219829d6c3e128a5,(441) 513-6295
Madeline,"8447 Tapia Motorway Lake Hollyshire, MT 10621",sandersstephanie@brown.com,Huynh,1375.6599999999999,03/29/2018,13,SKU#ab97b3f446a250a1a4837ef471084348,IID#810ae8955a679ba5b5d2e752db94138b,(019) 280-9116
Michelle,"7622 Miller Falls Greenside, NM 29967",kylebailey@yahoo.com,Hernandez,1452.08,04/06/2018,14,SKU#4f77e9239aeae4a2e6712352bed67091,IID#d696eb068fc2a1861fdfc731f746e407,(309) 420-7906
Cassandra,"66533 Laura Cape Marshallshire, NY 09763",steven81@orozco.com,Bailey,969.0,04/12/2018,20,SKU#53b7e0c722494b606239078e112cbc86,IID#b9a0cebfab981a73a792e56ffee61a0f,(880) 333-6745
Francisco,"480 Chan Groves Kirkview, PA 87323",rojassandra@reyes-hernandez.com,Phelps,1707.68,04/14/2018,16,SKU#1079e8f69138f626c4065e314d2ba525,IID#7bbdb29be71085db1a2116e87ae5e7de,(662) 180-3334
Timothy,"012 Austin Ford North Kelly, AZ 92885",john15@brown-reynolds.com,Wheeler,2428.28,04/14/2018,17,SKU#0d4ec840c1db49efd9ea0f2dd0a7c66e,IID#0e38d1b75f0564e8bf3b3e97ab1b4ec4,(852) 242-6616
Walter,"1360 Velasquez Views North Cheyenneborough, KY 62143",dunnanthony@rodriguez.com,Henderson,2814.0,04/29/2018,20,SKU#d856b2079a58090623063f7c209ba9d7,IID#59c3083ec07391cf96ebceea878d29c8,(975) 194-6140
Betty,"1957 Moon Mews Apt. 969 Amandamouth, FL 81176",christophermcdonald@gmail.com,Scott,2078.5499999999997,05/02/2018,15,SKU#b4bc0edccf4b0c7d74a2ffe3b63afd9a,IID#accd257e2a9d62537b926fb0ce384ad6,(847) 621-8557
Brad,"096 Charles Causeway Lake Marcus, NM 94677",ytran@hotmail.com,Burnett,1640.32,05/07/2018,16,SKU#290f4d9d8a5152efb2f2f6432e3888d8,IID#e856989a5821423c50c2dfad94395035,(471) 489-3626
Eric,"050 Christopher Villages Apt. 831 Kristinport, AZ 01141",sara35@smith-sanchez.com,Avila,1781.64,05/12/2018,14,SKU#4b4201042e41e0a6e066614a9d7a0584,IID#1f3cbb9dbfb2954a2b8b64ffa03690a1,(832) 786-3829
Jeffrey,"424 Wayne Court Mathisville, WY 89072",leslie01@baker.com,Turner,1966.02,05/20/2018,21,SKU#9e1f8a61a2b5fad69d29c10bf7057d30,IID#553b63f35189b97bfd859636081cc22b,(332) 500-4816
Matthew,"1696 Thomas Hollow Suite 778 Jessicaburgh, UT 28481",wongvirginia@hotmail.com,Tucker,1523.4,05/25/2018,20,SKU#cc47869e3b4a5dedfc1831bb15dee3a9,IID#30daa0ffb89a1d88a8c115e1a80eef28,(320) 407-0086
Juan,"07386 Moore Run Perkinsmouth, NC 05121",esmith@yahoo.com,Hart,617.7,05/26/2018,15,SKU#93bb6b19b6b56758f3765896c721b16d,IID#150f9046ab07c464fb2728ba7b3fb98d,(572) 968-2571
Jessica,"25444 Bennett Cape Gordonport, IA 64231",sean31@hotmail.com,Barnes,3061.2,05/30/2018,20,SKU#8776c367699ad807af292f1f5d085d4c,IID#bf1aa7173384dfde2e5363f4177ab604,(846) 855-0891
Michael,"00694 Brittany Shoals Suite 312 South Jacobville, NC 14857",mitchellbriana@cox.org,Brown,2078.5499999999997,05/31/2018,15,SKU#b4bc0edccf4b0c7d74a2ffe3b63afd9a,IID#bdbf6dce92e6a458f26dd1600e19d5d6,(947) 504-5773
Nathan,"78070 Sydney Forks Apt. 653 New Kyle, NH 38470",pamelaarias@gmail.com,Taylor,568.48,06/05/2018,22,SKU#efdaddb1fa2fdce326c52fb89c220863,IID#81fc5afd03f9dd4b5a751ecc0551696b,(079) 800-0321
Lori,"425 Cynthia Port Antoniostad, PA 52976",robertjennings@ross-brooks.net,Ortiz,405.7,06/06/2018,10,SKU#3cc6142f4b034d89493334655228d611,IID#cab1819a34111108cb70563959229fd8,(000) 691-7917
Tara,"308 Farmer Cape East Leviview, VT 65753",brian04@hotmail.com,Walters,1587.3600000000001,06/06/2018,24,SKU#169c7a31eb0d6b96e4eae21bec189582,IID#54c704bfcc9d1517ca70136671723602,(666) 622-7052
Jasmine,"USS Haney FPO AP 52781",brownrachel@thompson.info,Olson,1698.3000000000002,06/08/2018,17,SKU#b32733e7764a341ebc9431868a852817,IID#286dfc385676f8cd5c5060924f1a34c3,(915) 790-4388
Daniel,"399 Rebecca Squares Apt. 917 Normaville, WV 06241",jason22@strong.com,Smith,1722.28,06/10/2018,14,SKU#9ee38aeba19f4d46fcd9eda4661325d2,IID#e8596d9f21dc2d0510708a1f3b249f9f,(428) 338-3608
Donna,"Unit 1851 Box 1057 DPO AP 27113",afreeman@hughes.com,Warner,1216.32,06/10/2018,21,SKU#189a804eaa46ce838e487ab062642981,IID#29b5a7927bf8c9f0f927f81f21e783ad,(059) 638-4103
Katrina,"66316 Jessica Wells Apt. 188 South Claudia, ND 19103",devon62@wright-cherry.com,Camacho,2850.7599999999998,06/14/2018,19,SKU#33c250bf306b7cbbd3dd71b6029b8784,IID#025bbe34d6db69dd66582f6bd0c097f6,(617) 355-7336
Courtney,"71285 Johnson Path Apt. 173 South Annamouth, NE 34443",ejohnson@luna.com,Caldwell,782.1,06/18/2018,9,SKU#709c6a80af0276b170c521117ede47c6,IID#41405c25898ce06afa7d09dcd0513922,(966) 495-3794
Monica,"6623 Joseph Brooks Suite 492 Harveybury, KS 26015",ashleenoble@williams.com,Walker,200.09,06/19/2018,11,SKU#1567dc990ef4f04dee83ee29f429e0aa,IID#f980f9528bafabaee2cb96629648c443,(249) 572-7550
Joe,"054 Matthew Meadow Suite 658 Matthewfort, NM 36822",cindy95@gmail.com,Payne,1711.52,06/20/2018,16,SKU#03143317e6d07fb16f0f3963e8c579e0,IID#06f12fa087195e153ed2e54d4f25d5e9,(058) 851-5283
Michael,"7087 Clark Square South Catherinetown, TN 20210",annacochran@bell.com,Wise,1753.51,06/23/2018,11,SKU#515be8ee228ed2e93b2e746b70827020,IID#a61ccf9fdbbef3bfd6b6f579103757dc,(032) 267-4254
Elizabeth,"32173 Daniel Walk Apt. 500 Warrenmouth, NH 23195",morganrobert@little.com,Wong,1768.0500000000002,06/25/2018,15,SKU#d56f9775d4421043ef8e90641d93b07f,IID#21158b1de92b3357700412aa25ca3ebf,(826) 887-8844
Rhonda,"9346 Phillips Rapids East Brian, AK 49431",deckergregory@banks-patton.com,Myers,3331.46,06/25/2018,22,SKU#3bac3955df083f05f22216471cb87fe0,IID#daf20008b4a2920e21a0550043535d29,(538) 942-0481
Bailey,"714 Ashley Stravenue Apt. 177 Lake Ericville, DE 13881",hdavis@watson.org,Brown,919.8000000000001,07/12/2018,20,SKU#437687da72730cf42ce36bd093b78b3e,IID#b0838ca72f02f9280abf948807ff936b,(785) 956-1332
Shane,"5186 Kemp Streets Apt. 987 Johnton, SC 70122",nguyensamantha@hall.com,Briggs,477.78,07/14/2018,6,SKU#0dc1064a99d6b21485f3f758b2dfd8e0,IID#660b9016ca6392a8f4cb0efdac2cc4ff,(871) 246-9958
Lisa,"62509 Dean Viaduct Crawfordberg, WI 17434",hermansarah@carter-gill.com,Pennington,2061.59,07/18/2018,17,SKU#cafc2a2dde2f05e2a60677690d2ca245,IID#410fd951f40d278adff84a3a5fcd887c,(162) 237-6189
Derek,"8136 Leblanc Place East Dawnstad, WA 88747",jdaugherty@gmail.com,Davenport,1415.76,07/19/2018,12,SKU#7fbffde9ea365fc0350eb9af2a0570c4,IID#06882076732a2a9d73f82010b433b203,(040) 046-0992
Charles,"PSC 7547, Box 2727 APO AE 37714",rollinsmolly@hicks.biz,Hall,277.56,07/25/2018,12,SKU#85fe01dd2811e29936f2c71c00ce2217,IID#61e720110db3c76886cf9e5cdf24b379,(728) 629-0786
Joel,"6634 Shannon Turnpike Apt. 517 New Karen, NY 00676",rjohnson@hotmail.com,Hart,2047.2,07/26/2018,20,SKU#80bda6f948a1289beefa36d2ba38194d,IID#d69198514ebd840901553c4077e50a9c,(988) 986-9193
Richard,"USNV Owen FPO AP 47327",iscott@lee.com,Olson,667.92,07/29/2018,8,SKU#f1ac49336dea31702152983ebe35b850,IID#3cd9cfa1006c8ea004bc66ac4a1d71de,(179) 341-1023
Kathleen,"Unit 9410 Box 1345 DPO AA 77284",ksherman@hotmail.com,Gonzalez,2163.52,08/03/2018,16,SKU#e0e2d4e5fd76889a0fb95f8227b27293,IID#c50323f1b6977847ec820e6a07c7f8e5,(627) 120-8293
Timothy,"4595 Sanchez Overpass East Frederick, AK 98097",michellewilson@yahoo.com,Watson,1050.28,08/05/2018,7,SKU#33c250bf306b7cbbd3dd71b6029b8784,IID#a1054fa77c9071e120af891dbbea16d7,(240) 694-0389
Alan,"11586 Nicole Rapid Apt. 798 Brittanyburgh, DC 81994",donaldsanders@lewis.com,Cummings,1714.8,08/06/2018,15,SKU#e7633aa6a479bbbe82dbe794126bbeca,IID#7b4c5438ab0e597fef48ad64d0ca0c83,(843) 677-1722
Helen,"1074 Simon Shoals Suite 252 Brookestad, FL 55091",michaelchapman@gmail.com,James,350.34999999999997,08/07/2018,13,SKU#5ff7d39f746825178890c870b0e6562d,IID#49c10fb59cf3fce509bcb90dd551a83e,(829) 499-6831
Jennifer,"4772 Paige Hollow New Danielborough, DE 86151",madison40@rogers.com,Garcia,1446.3400000000001,09/02/2018,14,SKU#bc9b6e84cda86c0df0a708638ee4a2b1,IID#7e34214324f02976971fbb4249daadd2,(841) 046-8420
Kelly,"54534 Adam Ranch Port Robert, LA 64162",vargasstacy@hammond-walker.org,Trujillo,1661.76,09/05/2018,16,SKU#51a0f2ace29ef86f6f71a72f908f3add,IID#ac47e214c6f4bc505fc8e0b2b01738a4,(097) 488-7632
Jennifer,"074 Conley Trace Apt. 903 North Troy, KY 62919",nicholas32@yahoo.com,Wagner,2101.44,09/08/2018,22,SKU#3b8151acfb469ae41d3f0449058076e1,IID#4fa8ee9aed977658bb216a5d07fe2cdc,(341) 911-4826
Anna,"705 Lyons Manor Apt. 860 Loganport, UT 60875",ejohnson@foster.com,Simpson,2077.28,09/15/2018,16,SKU#f2f0de3c63af000f2f90354e7438afc3,IID#cb8291e9929dbe1abc2114e7046faf75,(573) 077-4504
Lori,"732 Christopher Prairie Apt. 903 West Jose, IN 03166",dmonroe@hotmail.com,Foster,1788.91,09/20/2018,17,SKU#83a442240495b82379928d6bb62ee822,IID#4f94b27ae46fc0d6e86ea30c4627bcb1,(627) 163-0926
Erin,"81785 Shields Common Marktown, MS 27952",rsanders@soto.net,Olson,2426.75,09/22/2018,17,SKU#a7376cda974182565c2c45b5e7d18097,IID#3ee769cf21c6a1a571e75c0f137ee63d,(459) 125-4878
Austin,"2858 Jamie Ford Suite 225 West Victoria, TX 57326",eric08@yahoo.com,Gonzalez,1134.4,09/25/2018,10,SKU#3ece5b54f95dc81cd789dfd8490c000d,IID#98ac595ad6f3e90c2082d778ba60f3e7,(644) 201-4523
Nicole,"PSC 5432, Box 2924 APO AE 90452",john20@jones.org,Walker,1418.0,09/26/2018,10,SKU#29dbb24810bdd7f802c1165f8bc3a714,IID#fb6358bac85008f78422c366da3439aa,(707) 035-0405
Brenda,"14513 William Meadow Kathyborough, GA 03469",rosesusan@fox.org,Smith,675.9000000000001,10/04/2018,6,SKU#d3681483d7d18fc19f3454d122ce2e4b,IID#206d2c84d36ec2303e8a5554a1bc3b3e,(503) 697-1294
Melanie,"086 Yang Extensions Lake Kurt, VT 21619",fcastro@gmail.com,Lewis,744.1,10/08/2018,14,SKU#965c023ba38a94183b90080b81222695,IID#43f0aa7fb0e81528b9932ef1821f932a,(832) 598-6203
Eddie,"4527 Neal Pines Suite 686 Leetown, GA 13880",melissa42@hotmail.com,Ortiz,657.9000000000001,10/09/2018,10,SKU#18449c1cf0be942485227a9a3007ae3f,IID#c68d273ec92fef144bf461f8ec633c14,(872) 160-0095
Barbara,"67439 Michael Village Apt. 443 Joelside, NV 56665",carrienelson@baxter-estrada.com,White,2401.2000000000003,10/09/2018,23,SKU#3905c62201a248ec1c59ea0c0f117117,IID#5e9dfe74dd64b635051706bbe1cc61d3,(816) 560-6044
Cheryl,"22817 Sullivan Drives Apt. 181 East Sarah, DE 11270",phillip77@walters-perez.com,Mack,1213.91,10/17/2018,19,SKU#8910e6fc12f07a52b796eb55fbf3edda,IID#3e4e578372713251f70b4b4384eae222,(196) 421-5187
Anthony,"448 Timothy Port Apt. 602 Mariatown, OK 20301",rmartin@allen.biz,Lane,1518.0900000000001,10/22/2018,21,SKU#e2e35b66c0ca9f360d75f9b527c9f962,IID#4087d1f04b1f938a537c7bd3e94ba48f,(928) 611-1823
Caroline,"89811 Kevin Locks Burnsville, MA 84678",blackwelldestiny@chang-moore.com,Bailey,1336.32,10/26/2018,16,SKU#8f869fc4a3473614660a422d11365947,IID#fcb64f61dd98685c191d29593baf2b74,(161) 227-5734
Maureen,"78771 Erik Glen Apt. 957 Lake Markborough, WA 10723",scott58@mullen-myers.com,Graham,493.6,10/26/2018,16,SKU#d00e81a86830948bf7d7ed15874c46b5,IID#7340cae9a01aab604f436dbdffcef362,(315) 904-1406
Tracie,"USNV Bates FPO AP 20267",stephanie81@gmail.com,Lopez,532.61,10/30/2018,17,SKU#6841a847b560d1a1483bdbd28d212ad7,IID#d8366b81a53fcc244768eaf70618f867,(899) 124-6072
Cody,"680 Andrew Summit Suite 039 Wilkinsonstad, WI 87382",mlin@hotmail.com,Leach,1196.55,10/30/2018,9,SKU#06f318f1dd178e738f675bb88a5adb84,IID#95afbce403195bdb0bd8a879f93a95cc,(831) 811-2425
Kellie,"70457 Jennifer Trail Suite 571 Robertsonland, VA 90253",ramoscassandra@yahoo.com,Little,1940.25,10/31/2018,15,SKU#9ed6b7c09f17400369236fd54f28ca29,IID#739437d0e404621241c4712031f89149,(497) 582-9799
Margaret,"388 Scott Fort New Randystad, NM 74256",jennifertorres@fischer.net,Patterson,845.4000000000001,11/04/2018,20,SKU#8e19213e1156d922d41679729f7ba8ad,IID#9754a035665e80d7e046f0a93f50dcf7,(949) 280-8162
Darin,"93136 Jamie Mission Apt. 693 North Ryanstad, NM 40946",gilesanna@terry.com,Thomas,1753.5,11/07/2018,14,SKU#f66bbd2e5ab92eb20b68e23e0e7e2865,IID#695e4b52dfe68912a441dbdb683882c7,(332) 249-6827
David,"0019 Brian Prairie Suite 672 Tranburgh, MS 81198",ctucker@bauer.info,Holland,2535.8,11/08/2018,20,SKU#213e635dac590095b5681a944a5713a2,IID#5a9e06603f0f0aa52ecf155d875a835e,(087) 188-8678
Stephanie,"817 Joshua Roads Anthonymouth, ID 87563",robertjones@cummings.com,Reed,2016.2,11/08/2018,20,SKU#d7a651527e52d575474b1f923d60d904,IID#d4ad3d17f54b24b17ba058c903727d3a,(048) 212-7661
Jessica,"51341 Perry Place Suite 019 Martinbury, TX 36628",atorres@mills.com,Jackson,1474.8500000000001,11/14/2018,13,SKU#b43e3b0286664b420fa6ac3fe4cbff8b,IID#a48aab812c3b43efe489f22503ca39fd,(872) 437-9170
Kenneth,"7650 Parsons Ranch South Frankville, KS 09836",jenniferjenkins@spencer.biz,Edwards,2365.12,11/15/2018,16,SKU#84140d93cb404a51dfc0b21815b934c8,IID#d379e3838c9c002ca50ea34238e1cff3,(975) 580-1724
Anne,"92986 Nash Viaduct Apt. 634 Lake Gary, WA 38540",patriciastevens@yahoo.com,Cook,2098.7999999999997,11/18/2018,15,SKU#120bc01b4688cadcaf28acca2edc6497,IID#ef4655e4a43062195110405ea36d963c,(677) 218-5253
David,"043 Gibson Roads Laurieview, SC 17206",wallacejoseph@summers.com,Hardy,827.64,12/02/2018,9,SKU#e0a6fc12e9cddb11d637714157db14e8,IID#94f281ac5b204860f7f80b33a2325e3d,(137) 209-9067
Kimberly,"205 Madison Square Laurabury, WV 66040",ubush@hotmail.com,Davis,1157.6399999999999,12/03/2018,12,SKU#3db1245b1350a34c1a8aa762299dd415,IID#b33dce9baded728721c172aa0f049861,(000) 471-8365
Anna,"28471 Wallace Branch Apt. 559 West Joshua, LA 62487",henrysteven@rodriguez.com,Jones,2121.66,12/03/2018,18,SKU#d56f9775d4421043ef8e90641d93b07f,IID#0bdd916cbf62c5414090a2893ba54552,(842) 888-5983
Tara,"308 Farmer Cape East Leviview, VT 65753",brian04@hotmail.com,Walters,626.85,12/04/2018,15,SKU#7c97756c2c035ebcfe9208dd86591df7,IID#8fa67ff8cf370d570aa9663805c0508d,(666) 622-7052
Sydney,"98415 Gabriella Port Apt. 408 Caseymouth, IN 89807",ibrown@gmail.com,Allen,2087.54,12/08/2018,13,SKU#49a599e1d83dba28fc110fbde5e42340,IID#3b7f1697bc28fd92becfe0d3d6fc8e98,(733) 866-5944
Raymond,"PSC 2317, Box 2998 APO AP 94254",rogersheidi@gmail.com,Lowe,667.92,12/10/2018,12,SKU#913b5f6fa52997031093e858d136a04e,IID#5e0aabba12b8dcc0d90bc8ae101a9bca,(453) 318-9587
Gregory,"419 Devon Villages New Donna, PA 87518",meyerkimberly@gmail.com,Gardner,1169.8400000000001,12/12/2018,14,SKU#47ac0716d5626deb5d6bd92f052d67e3,IID#52480b085e4bc7abd5043f3b55a6ed8f,(993) 939-7687
Amber,"568 Michaela Roads East Katrina, DE 77649",combsbrett@ho.com,Jones,751.4,12/16/2018,10,SKU#7328cf46ef5c72397dbe083a40bc131d,IID#7fdb21b684d112089a243b862f20bb28,(337) 725-6954
Willie,"645 Brittany Glens Suite 510 Brownfort, PA 67302",kimomar@yahoo.com,Brown,619.85,12/18/2018,23,SKU#5ff7d39f746825178890c870b0e6562d,IID#a3f95881309875d4a9b67cc5388fda88,(795) 108-6969
Noah,"01594 Schroeder Skyway Suite 766 Josephshire, VT 69046",hpatel@wilkins-kemp.com,Booker,1056.16,12/22/2018,16,SKU#d442b1ed66cfeb739e7652cdceb4385e,IID#b738e1d02542d0c806395c62ffcea9a0,(738) 308-3144
Thomas,"Unit 0136 Box 4140 DPO AA 93538",lsmith@mcgee.com,Young,2783.5199999999995,12/24/2018,18,SKU#844e95ed5f5fbd2f0672b094ef680e81,IID#302b22f739d6114e2ac21203f35ae166,(034) 305-5995
Jamie,"5572 Ricardo Rest Apt. 148 New Katrina, NM 87014",tonyarodriguez@yahoo.com,Oliver,595.84,12/31/2018,16,SKU#5d9e9d21b9c597f74c4e4b41dfd9a6ee,IID#aa4e1f0526d76098461e5eec49b23ead,(500) 034-3989
Brandy,"5354 Daniel Meadows Mauriceville, GA 39375",iburns@gmail.com,Jordan,1940.25,01/03/2019,15,SKU#9ed6b7c09f17400369236fd54f28ca29,IID#fd2433da7306146d35bbf3225fe7bdb0,(298) 289-0112
Nathaniel,"653 Bryant Forest Yvonnefort, MT 99240",mckenzie07@miller.com,Thomas,718.06,01/03/2019,14,SKU#f9829991257177c85ba5bdeb6774126d,IID#457f8b72aace8ab9edfe0aff592acbcc,(786) 875-7099
Rachel,"2942 Jeffrey Summit Jeffersonton, NH 63347",lisa27@yahoo.com,Rice,2449.2,01/16/2019,24,SKU#a9320a41ac8208a54979900a8ff67dd9,IID#24967799e2c8704fcfbe11d44c19b4ef,(359) 724-1780
Deborah,"2791 Edwards Island Timchester, OR 75702",qcohen@yahoo.com,Hill,2160.69,01/18/2019,21,SKU#4fb90e5f1623b15a43cc85e33b0aa82f,IID#d9f5770ce1c457fdf61da934de0b424f,(246) 219-1110
James,"4977 Duncan Route Caitlynview, IA 03919",simpsonstephanie@parker-kelly.com,Farrell,1175.76,01/23/2019,12,SKU#5bccd8ff10735da26d5761d10b294a6a,IID#bd3524511acd464b5dc1dd4bd7846458,(031) 504-6544
Kevin,"881 Cameron Mall Suite 705 New Hannahton, WA 98433",martinezanthony@hotmail.com,Campbell,733.3299999999999,01/25/2019,13,SKU#2545788bb1d4ac5ab99547c491dff7d5,IID#81b6e3e90c416c43c2a2db3e3c5b9987,(845) 283-0637
Jesse,"32343 Ramsey Cove Apt. 192 Port Tinaport, ID 94978",karenbrown@bass-rogers.org,Miller,367.84,01/31/2019,4,SKU#e0a6fc12e9cddb11d637714157db14e8,IID#9612f7c68b7df42ba5d78c32ae621292,(780) 180-8394
Michael,"15996 Smith Rapids Apt. 302 Mollyshire, MT 55664",andrea65@gibson.biz,Ramirez,1722.96,02/01/2019,12,SKU#fb3c6492a06de877a1137af9b2e852d7,IID#f516f64ac58c5caa43411acbf3489161,(852) 769-7586
Caleb,"290 Christine Forks Suite 428 Norrisburgh, MD 00734",daniel61@hotmail.com,Smith,367.08000000000004,02/02/2019,23,SKU#c0dff1da881341b4e8b54a9cb6c91fff,IID#5bd44c49d1d72263c1aa62a80b548604,(345) 493-3185
Gregg,"USNV Richardson FPO AE 25878",smithrachel@kline.com,Ortega,1234.08,02/05/2019,12,SKU#f5e502b5576c2ceb07f0f03afdede1f7,IID#89ec11ced1de73aa4fa385e4b34bab97,(216) 076-2927
Sarah,"USNS Garcia FPO AE 19304",johnjohnson@smith.com,Gonzales,1802.3199999999997,02/05/2019,13,SKU#3f7323acc829bc8b3799148d439b3d47,IID#46dfae3a5ebef212e1d34dee11355ec0,(904) 036-2779
David,"36890 English Harbor East Christopher, MD 07349",rwallace@yahoo.com,Skinner,966.8399999999999,02/09/2019,12,SKU#0e50034267efee4f7bcfd62dc1b5f809,IID#d2ffd6a762ffab6fc2f0a9ec41999f90,(961) 511-0657
Pamela,"USNS Bowman FPO AP 72606",andersontina@ritter.info,Robles,2315.68,02/13/2019,16,SKU#0188bed9647ab3c0f81dc3e4b5589baa,IID#be4fe794c904d4609d249e29f8925dc0,(809) 943-4744
Luis,"371 Kevin Villages Mooremouth, VA 25995",veronica97@gmail.com,Roberts,2841.72,02/16/2019,21,SKU#3b5d3c7d207e37dceeedd301e35e2e58,IID#240b9723198674644150396223516219,(292) 960-3959
Randy,"3000 Mendoza Lodge Lake Maryville, HI 26474",wmckinney@moore.com,Smith,2666.8,02/21/2019,20,SKU#897208d5df122e307ab837d982b2c085,IID#d508713005ec858906c80c969ebf8f29,(780) 141-1586
Margaret,"819 Alexander Oval Suite 898 Josephmouth, IN 31631",jessicajuarez@yahoo.com,Shelton,2277.6,02/24/2019,15,SKU#3953612797c9f3cee3a12e0774ccc984,IID#da93bbfc2bfc0d61da6a299a3988d2cc,(845) 816-1473
Thomas,"494 Melendez Manors Buchananstad, NE 26571",nicholas88@yahoo.com,Bates,1253.4,02/28/2019,15,SKU#c0d8a756881481e5558415ec0158268f,IID#da27c47d0c8d62db6e661774196c3a97,(413) 285-5433
Angela,"145 Brian Divide East Joseph, MI 57385",qholder@yahoo.com,Harris,2598.96,02/28/2019,17,SKU#27f4380737c6edbfc219e4bc35bc95a9,IID#0d0d9ce1365f4197f54478e92e39378d,(053) 310-9673
Cassandra,"66533 Laura Cape Marshallshire, NY 09763",steven81@orozco.com,Bailey,1039.5,03/01/2019,10,SKU#2319ac34f4848755a639fd524038dfd3,IID#e8fa2edeba44dbfe80a54ba7cf753ecb,(880) 333-6745
Charles,"9376 Mueller Village Apt. 974 Latoyamouth, MT 24995",natalielynch@smith.net,Harris,892.9200000000001,03/01/2019,14,SKU#c183857770364b05c2011bdebb914ed3,IID#b66677d3b41453783736bc1a9c39fec6,(441) 513-6295
Jocelyn,"5707 Raymond Terrace Suite 578 New Bridget, AK 50737",fjames@gmail.com,Armstrong,1233.21,03/02/2019,11,SKU#6f6b5e30af6a9e64b7b6a19c39de7e0c,IID#3e082c8346060ccf2d0d4e4ed6aba0f6,(008) 983-4675
Lindsey,"271 Patricia Skyway Lake Eric, WA 54367",arobinson@martin.com,King,2277.2,03/06/2019,20,SKU#df4f83c1f72e36823a12b0dfc7617313,IID#78239619d4223658d14a7279fe050db7,(107) 821-4855
Ruben,"505 Dean Skyway North Anthony, CA 82143",ochoabrian@yahoo.com,Lawrence,649.22,03/07/2019,13,SKU#4034db804ab2f325a46c8c3d1a6c2d73,IID#c0a606a023ea3577ac239a36d2a132de,(534) 627-9040
Laurie,"297 Cole Loaf Suite 519 Andrewport, SC 26954",riverahaley@lucas.com,Brown,1414.44,03/09/2019,18,SKU#8532d183833cfe73efad8eaaaf4bab92,IID#07c6c76fea78d87ea23384a7dfc3bf00,(876) 786-1180
Joseph,"14930 Austin Springs New Graceburgh, RI 69845",scott81@taylor.info,Johnson,1126.45,03/12/2019,13,SKU#c7d0f659eca42d5276b00fc3380e9d63,IID#366e3f2801f64c491fc3f84e08c23abd,(300) 811-0463
Jessica,"051 Brianna Roads Suite 689 South Hannah, WV 48438",melissa86@hotmail.com,Oconnor,1283.76,03/12/2019,8,SKU#47902827723dc1c2429c912746e28ac9,IID#b9e034139778460a47e9d61b096df07e,(515) 613-9741
Cheryl,"22817 Sullivan Drives Apt. 181 East Sarah, DE 11270",phillip77@walters-perez.com,Mack,386.18999999999994,03/16/2019,3,SKU#9adb218fe5fbdc211907c36cb81efefa,IID#c27805b2a316737cc4e7c88e26ca4436,(196) 421-5187
Rachel,"2942 Jeffrey Summit Jeffersonton, NH 63347",lisa27@yahoo.com,Rice,630.2,03/17/2019,5,SKU#c3cb46f9be79146ac74261975eedc107,IID#0305771ae15347b2b8d718f8fef5fa41,(359) 724-1780
Christopher,"9511 Robert Spurs Apt. 462 North Kelly, NE 67987",cbishop@garza-perry.info,Nolan,1688.26,03/19/2019,14,SKU#f6c8964623e559ff358a24fd0b7d1240,IID#4b4cb0be68fee7b136c2fec090c86d0d,(326) 855-2727
Justin,"Unit 5646 Box 6698 DPO AA 96285",bmann@gmail.com,Parker,2841.72,03/19/2019,21,SKU#3b5d3c7d207e37dceeedd301e35e2e58,IID#777bc3d7cd95a1f8f9ed9d3e35c9ea34,(452) 861-8782
James,"392 Michael Points New Thomas, SD 05814",stacey54@yahoo.com,Hill,1155.8700000000001,03/22/2019,9,SKU#f159f67739ff0623442a955c060d49bc,IID#afb3e06933cb3dda92459927746efb0f,(433) 865-4395
Austin,"593 Andrea Courts Suite 859 Ryanview, NH 95232",rachel18@gamble.org,Smith,1568.04,03/22/2019,12,SKU#f37e03f74576c53fda5164837a5fae01,IID#f241a1a05b4a46041f51904b02f8c972,(845) 341-1119
Nicole,"65655 Kevin Fall Leonardport, NE 81239",miguel17@thomas-perry.com,Simpson,2005.3000000000002,04/01/2019,22,SKU#27418f9aeb0fae483bcf13272efe6310,IID#18e68e8fe4a33393387b159923b83206,(637) 912-4674
Larry,"045 Sarah Glens Apt. 147 East Michellechester, MT 96504",richard93@harris.com,Figueroa,1082.28,04/01/2019,12,SKU#83f6ad8e0640fc6583d2b09ee3c6445b,IID#3bc3a29b641e98a50e3ca6414e8af48d,(219) 333-3559
Cindy,"208 Wayne Spring East Loganton, OR 16032",gberg@yahoo.com,Hughes,2841.72,04/09/2019,21,SKU#3b5d3c7d207e37dceeedd301e35e2e58,IID#2fce9c492dc79f983de00a840ba7ad6e,(927) 432-2765
Ashley,"Unit 6187 Box 9173 DPO AE 29011",wbennett@hotmail.com,Terry,633.2,04/10/2019,8,SKU#bf7abfdb63237357df8b9ac253005496,IID#567a403f6854a9923484a1f4aefc1324,(024) 442-4727
Jesse,"32343 Ramsey Cove Apt. 192 Port Tinaport, ID 94978",karenbrown@bass-rogers.org,Miller,2335.8,04/11/2019,17,SKU#faee174ece449bca53aea3129d925069,IID#f58f88e89ba5800210dc7515bde5b144,(780) 180-8394
Ashley,"Unit 9522 Box 8678 DPO AA 81287",patricia42@gmail.com,Burton,2039.52,04/13/2019,16,SKU#5fcfa8adf29eda71e622d3242e753a65,IID#892986f71b0c2f63c22efc2bcf4eadcd,(267) 579-0367
Rachel,"206 Burke Drive West Thomas, KY 31344",emily74@powers.com,Rosario,1225.95,04/15/2019,15,SKU#a4350863c6fae54f9d8ef4de7095e3f4,IID#1daffd3c61f0ecde8b8cf782d9fe7435,(799) 188-8473
Jasmine,"USS Haney FPO AP 52781",brownrachel@thompson.info,Olson,676.89,04/16/2019,9,SKU#9bee828c5de502e00aee1e671bf43bd8,IID#69684ec1f87cb12a665d5ac83fc3816f,(915) 790-4388
Ashley,"999 Marie Glen East Jennaburgh, DE 01577",adam88@yahoo.com,Suarez,1343.3000000000002,04/18/2019,10,SKU#c1eb90438323ae0a11bfc963d464fede,IID#f31ce6203a2b2c2ea2595c6f7af5bd6d,(705) 852-0571
Darlene,"26375 Gross Stream North Mary, CT 14473",xwelch@yahoo.com,Campbell,2547.82,05/01/2019,22,SKU#ff035bff2dcf972ee7dfd023455997ef,IID#687ab3fa094f021bdc25073cb7718ed5,(157) 368-2141
James,"36713 Stone Islands Port Marc, MD 70013",sarah01@gmail.com,Salazar,675.29,05/02/2019,7,SKU#3db1245b1350a34c1a8aa762299dd415,IID#67682cc16e8378e14e9358fb96cdf72b,(886) 760-7099
Kimberly,"USS Tran FPO AP 16017",davisstacy@castillo.com,Reynolds,1589.85,05/05/2019,15,SKU#ff9a2d3be0b1b401f5bbae30ab62a24d,IID#7ed5517e2350864c33afa023e28df509,(746) 794-6505
Sarah,"87075 Jeffery Manors Cartermouth, NJ 48010",mcmillanjeffery@white.com,Fritz,876.5899999999999,05/08/2019,11,SKU#d0439fd37b50bf9818f12d47dc2dea78,IID#46e1bbe727132c66f6e9bf0a929837ef,(006) 618-4866
Miguel,"569 Mathews Creek Suite 836 East Karen, SC 75437",harrisvictor@gmail.com,Contreras,1142.0,05/11/2019,25,SKU#186129784bd76837125350e15ff96118,IID#6c6990cfbb884a533ad0fd3740826c83,(527) 442-1075
Justin,"343 Weber Dale North Michael, ID 57458",joepeterson@jones.net,Thompson,1521.6,05/16/2019,15,SKU#e3c4dd21a9171fd39d208efa09bf7883,IID#158b824f2ff3c298a2dd33a33194eec0,(786) 937-7763
Kelly,"29667 Allen Island Brianbury, HI 00893",nprince@gmail.com,Vargas,1397.4,05/22/2019,20,SKU#9fdedcb815fb656c25878b5ec7c29fec,IID#72b72fd7c80c1110029265ff27478777,(237) 824-2526
Shannon,"8948 Wright Alley North Philip, AK 38212",jimmorris@hotmail.com,Murphy,1208.21,05/23/2019,19,SKU#a8d00da54c45a7415fb0726b2c773d34,IID#8adf192ba3e04658f8fd1511f7521d5b,(816) 881-2602
Catherine,"USS Buck FPO AE 61355",christopherthompson@yahoo.com,Brown,1159.2,05/26/2019,8,SKU#411ba3566ca9760d63aa6039f00b58cf,IID#da020a5d9fb7244eeca5d30774eec0ca,(222) 167-2470
Jimmy,"42574 Ball River New Donaldstad, VT 35867",matthew45@yahoo.com,Garcia,1143.45,06/11/2019,11,SKU#2319ac34f4848755a639fd524038dfd3,IID#968637ddb41b013255435f41ba2b1b28,(924) 268-3179
Lisa,"8238 David Radial Suite 618 Maynardland, NC 31507",robertosborne@crosby-wolf.com,Giles,409.64000000000004,07/04/2019,11,SKU#5d9e9d21b9c597f74c4e4b41dfd9a6ee,IID#0aa7d2847f73374b98738d673caf1937,(106) 614-5703
Angela,"145 Brian Divide East Joseph, MI 57385",qholder@yahoo.com,Harris,1014.0,07/06/2019,8,SKU#60c6b126049a35e50fffeadf17279275,IID#b421da4adc4c7b6eabf8d16d9a679da0,(053) 310-9673
Elizabeth,"12839 Tracy Brook Maloneview, CT 53794",vjackson@jones.com,Santana,2622.06,07/09/2019,18,SKU#a75d7d422fd00bf31208b013e74d8394,IID#ea3dc956f0f93760ded15a6bae6cfa94,(645) 130-1139
Lisa,"62509 Dean Viaduct Crawfordberg, WI 17434",hermansarah@carter-gill.com,Pennington,1957.72,07/09/2019,17,SKU#b4d351a08ff1ef954b7d7b4357e76cf2,IID#61e4322954a24593589ba8b297378997,(162) 237-6189
Casey,"26146 Justin Skyway Suite 501 Hillbury, NE 83188",vsimmons@yahoo.com,Evans,3177.0899999999997,07/12/2019,21,SKU#11b1eeada5df474b77ce3a7ce3c65338,IID#84b9cb560bf99721d4c339a1817dff25,(118) 235-0621
Donna,"9745 Sanchez Square Apt. 699 East Laura, NC 84944",lwong@nelson-marshall.com,Austin,1013.1000000000001,07/14/2019,15,SKU#91492f3350f4a1c513741f6aa8a96b5a,IID#153776e50e852a14febbfa8c9e962071,(092) 960-6114
Kayla,"15969 Barber Highway Suite 671 North Leonardton, WA 20483",matthew61@kim-hunt.biz,Martin,847.92,07/16/2019,8,SKU#ff9a2d3be0b1b401f5bbae30ab62a24d,IID#adfdf53678a4fcf9596c16eb94c235be,(836) 053-8467
Francisco,"7682 Michael Drive Tracymouth, OK 04761",jwatson@thompson.org,Hart,696.52,07/17/2019,11,SKU#281814d2404251097e8f324145559472,IID#7f11be13ea62f559306f2767362a5490,(538) 647-0243
Darin,"93136 Jamie Mission Apt. 693 North Ryanstad, NM 40946",gilesanna@terry.com,Thomas,2277.1499999999996,07/18/2019,17,SKU#05640f18f5c0807dd96697e31fc5d8ba,IID#b0934ef826ca9883cea9021e9c3ab70d,(332) 249-6827
Thomas,"012 Santiago Meadow Bradshawfurt, UT 35833",fwilliams@yahoo.com,Cameron,1679.9399999999998,07/18/2019,17,SKU#97d6d52a254a9cbd2bad939ce1926af8,IID#64683afa313602175b8e8214d869b5d1,(576) 435-0379
Eric,"417 Sarah Courts Suite 927 Rebekahview, KS 46502",qshah@gmail.com,Wilson,1816.23,07/28/2019,13,SKU#b252d37ad6eb57bc4c866bc135cce6d9,IID#7cbe48ed311c60749b49ad5b7291b231,(333) 587-7136
Jeffrey,"424 Wayne Court Mathisville, WY 89072",leslie01@baker.com,Turner,528.36,08/06/2019,14,SKU#c7fc95def1d53bd3e747248ecbd3cd5e,IID#3380baac6369014ed58881fe9d35e8a7,(332) 500-4816
Chad,"7301 William Ferry Suite 609 Stevenport, MA 24231",sierra43@ramos.net,Frey,1987.9699999999998,08/16/2019,19,SKU#e998be3d3bb15661763e4ff1e1c9a3e7,IID#0d8f6d645f9addd40c873d10c7997d8c,(084) 220-1625
Russell,"PSC 7566, Box 7656 APO AP 05525",carloscantu@wright.net,Orozco,2073.96,08/23/2019,14,SKU#8722e1d435edf4a2e79a1aba0e555bff,IID#116fadf135d69c95342f3f3e641ce727,(414) 270-3893
Henry,"06730 Stevens Flats Brandonbury, GA 57982",kcarson@carr.com,Stone,534.3299999999999,08/25/2019,9,SKU#6cbbe3240a203b0ff387d9bbdadd49ef,IID#3eb7202042b860a611eb831067eb2f88,(375) 031-1149
Phillip,"13212 Greer Curve Webbside, SC 18346",evansbryan@hotmail.com,Harrison,607.3100000000001,08/28/2019,11,SKU#b3e237ea950d826694ad999c36a99120,IID#8ea4c8e7861b0044e927a869829f82e7,(986) 348-8496
William,"66099 Robert Mountains Thomastown, MI 56311",bennettdavid@hotmail.com,Murphy,727.6,08/31/2019,8,SKU#0d7db7ff842f89a36b58fa2541de2a6c,IID#844e77cdfd68cab6de04fe5a2088f22f,(597) 387-4236
James,"77678 Thomas Alley Apt. 471 Lake William, IA 27451",ipayne@gmail.com,House,1615.13,08/31/2019,11,SKU#4f489a3151ae59c909085179b51b4dde,IID#081592a5d2ec578219183255f11a4c5c,(786) 932-1531
Dr.,"USS Keller FPO AP 35616",torresjames@johnson.com,Erin,2356.8799999999997,09/09/2019,17,SKU#3f7323acc829bc8b3799148d439b3d47,IID#e5617fcbc4038bf39c94e6f24c840247,(081) 127-8773
Melissa,"73512 Richards Orchard New Seth, VA 25814",lowerypaul@yahoo.com,Taylor,728.2800000000001,09/12/2019,17,SKU#2c02751412cdd185c01b53630e4fb8d2,IID#56b551d9e5a9dc1226fa1420e6329d2e,(012) 415-8052
Joseph,"12859 Antonio Shoal Perezfort, FL 94170",ileblanc@walters-alexander.biz,Flores,2556.8,09/20/2019,20,SKU#cff66c68196faa687b6cecb8de3ffcb5,IID#c66bf4810f05bff30dcc58505789beb0,(917) 130-7906
Christina,"59297 Jennifer Crest Suite 909 North Loristad, KY 95672",regina40@yahoo.com,Wilson,716.8000000000001,09/21/2019,14,SKU#8c1d71b2bf2d4d1eea6a825412dd4544,IID#6a43bf3d3d5594ffe9f5d285891ee72b,(663) 090-0220
Adam,"8187 Young Circles Travisfurt, MS 02861",morrisjames@morgan.net,Bailey,881.6,09/21/2019,19,SKU#421cd12b43e660f10da31bee36e85f4b,IID#d42146c0f0e6bda776c9586903a8a1f7,(859) 707-8239
Joseph,"78655 Williams Dam Apt. 830 New Justinhaven, RI 33595",michellemays@ayers.net,Marshall,2476.39,09/24/2019,17,SKU#c5a8fa007135596d5e1b0181c33eddc4,IID#e4846f87ab679e6bafff632486dd3e2f,(791) 091-1784
Larry,"USNV Johnson FPO AP 31548",daniellekey@yahoo.com,Berry,960.0,09/25/2019,25,SKU#7d55ee3cd459ee3c66cf971fcbffeb10,IID#2894f4a6b8d3072595a94f1d695f47c2,(463) 870-9149
Judy,"254 Gary Extensions Allenport, MD 90109",owenmary@grant.com,Curry,890.56,09/28/2019,16,SKU#913b5f6fa52997031093e858d136a04e,IID#025da5d2ffed54c211c8e3bf84ada9cc,(445) 658-3411
Samantha,"7374 Linda Crescent Apt. 165 Markmouth, AK 83542",johngomez@hotmail.com,Hale,733.3299999999999,09/28/2019,13,SKU#7a092925340c3faec22d7576a4eb7c5f,IID#55e9e0172fed0066eb700478128b2a4b,(422) 299-9150
Matthew,"866 Karen Inlet West Sherry, CO 45603",codywebb@keith.com,Henderson,2277.2,10/01/2019,20,SKU#df4f83c1f72e36823a12b0dfc7617313,IID#203b5864c4c66896f9dac41a75f02122,(700) 071-1271
Samuel,"721 Christopher View Port Frankside, VT 05723",dawntorres@gmail.com,Baldwin,2196.3999999999996,10/01/2019,20,SKU#a1c8dcbd11c543b1e52a5ed5eab69994,IID#9f575c0376977d57f2e76ee026692275,(906) 107-0888
Christopher,"9511 Robert Spurs Apt. 462 North Kelly, NE 67987",cbishop@garza-perry.info,Nolan,744.24,10/06/2019,12,SKU#eaf25f841c19e96c5ad6217e6286e28b,IID#3856ee194d07785be05111646a6c65e3,(326) 855-2727
Christy,"8049 Kimberly Plains Suite 814 North Victoria, NJ 49250",jenniferwest@anderson-lewis.net,Fry,2319.6,10/07/2019,15,SKU#844e95ed5f5fbd2f0672b094ef680e81,IID#375c336ba29d3bd3657c897c93af7580,(908) 537-3645
Christopher,"287 Francisco Club Normanshire, NV 57438",emilyfoster@hotmail.com,Owens,2005.9199999999998,10/07/2019,21,SKU#3b8151acfb469ae41d3f0449058076e1,IID#87faa34c591ee1747d0fd8ae4a63fd75,(094) 081-9403
James,"4977 Duncan Route Caitlynview, IA 03919",simpsonstephanie@parker-kelly.com,Farrell,1714.3200000000002,10/08/2019,12,SKU#3253ce1786d33d345bb622d8fcbfb2a7,IID#8ac7557173bcacae32b6030d562f10e1,(031) 504-6544
Terry,"6068 Megan Estate Danielleton, NM 36409",jamesaguilar@white.org,Clark,1620.96,10/12/2019,24,SKU#91492f3350f4a1c513741f6aa8a96b5a,IID#d1d06d37d1aa822d211d5e30469ee9a8,(619) 982-9886
Justin,"343 Weber Dale North Michael, ID 57458",joepeterson@jones.net,Thompson,155.1,10/24/2019,5,SKU#a52c992bc5dc473ecd270171c509aa3d,IID#1cf3c136571f104ece2177e30ed82486,(786) 937-7763
Eddie,"4527 Neal Pines Suite 686 Leetown, GA 13880",melissa42@hotmail.com,Ortiz,3057.6,10/26/2019,20,SKU#27f4380737c6edbfc219e4bc35bc95a9,IID#3b41f0fa1895366d67727a96b4b5fd31,(872) 160-0095
Kaitlyn,"492 Ian Wells Apt. 903 Grosshaven, TN 63670",davidharris@hotmail.com,Bonilla,1274.2,10/30/2019,10,SKU#c402ea01f458a9dfb9e0fafa0c5eb21e,IID#4aa8a40de20cc0432f8ad0bfae2aef17,(045) 851-5992
Anthony,"6169 Andrew Isle Apt. 591 New Mark, UT 59086",rdavis@johnson.org,Nash,807.0,11/07/2019,12,SKU#fc0bc7885ad356801903e7f9e01fba4c,IID#04bd75e532cecd052c24401ad4fcec9a,(490) 236-4683
Randy,"86299 Joseph Pike Samuelview, CT 07431",robertlee@yahoo.com,Warren,756.2,11/08/2019,20,SKU#c3c9945cae188df73afd04c6251ba98d,IID#40b23e79616d4ef3920ebe7a959927e0,(367) 478-7666
Lisa,"62509 Dean Viaduct Crawfordberg, WI 17434",hermansarah@carter-gill.com,Pennington,1305.99,11/13/2019,21,SKU#c2308b58a82b730cbaed7148a4b2343a,IID#a9cdc1eab68646a6ab5d82cf73159c32,(162) 237-6189
James,"01467 Smith Glen Apt. 840 Port Brandonchester, IL 30535",dmedina@russo.com,Sharp,2321.44,11/19/2019,16,SKU#5b39227d810163bd011d798a131eb603,IID#86d3d1372f6864190f16d42cfbf18aeb,(233) 510-9310
Courtney,"71285 Johnson Path Apt. 173 South Annamouth, NE 34443",ejohnson@luna.com,Caldwell,635.36,11/20/2019,16,SKU#ea8105655312bbb00cd82756c73a5a63,IID#931af36f49e743456a51fe30f2f6277e,(966) 495-3794
Albert,"483 Sullivan Summit Myersburgh, WI 46578",derrick21@holmes.info,Palmer,1823.58,11/23/2019,22,SKU#cd5d2472a2bf9ac7eb4e15146b30bd2f,IID#3b793a3009c7bb3670dd1e5da2e6be58,(391) 154-1653
Angela,"145 Brian Divide East Joseph, MI 57385",qholder@yahoo.com,Harris,467.33,11/24/2019,17,SKU#6923685781779ac0b69c77ec08ce0479,IID#953a27f212770e7025133f1f5b547ca8,(053) 310-9673
Joshua,"PSC 1321, Box 4679 APO AE 04536",keithmills@gmail.com,Hamilton,888.86,11/26/2019,14,SKU#8dd6bb7329a71449b0a1b292b5999164,IID#b9e6fb019fff8cd9e3281333c6605de0,(586) 798-8079
Holly,"22384 Burton Turnpike Apt. 703 Port Elizabethmouth, OK 90733",gharris@figueroa.com,Baker,1219.2,12/04/2019,20,SKU#6ac0a150c33a548595395c755a7ebba4,IID#271186efeeb25be228d07b98a7f632b6,(361) 852-0549
Shelby,"2801 Chambers Dam Davisburgh, GA 14593",parkerpamela@bates.info,Smith,1461.13,12/05/2019,11,SKU#310614b10980392ebdb5a5a8b90b527c,IID#49e9fc79b9e11ddbe226b5c7a29775a3,(328) 613-3110
Mary,"663 Autumn Fork Suite 529 East Nataliehaven, CO 07609",watersmichael@summers.com,Fitzgerald,2207.2,12/08/2019,20,SKU#2f56586341453f2d625a03e7745ffe59,IID#beca860fd33743dc7c5b9630ecae3a80,(595) 887-9834
Steven,"Unit 8949 Box 7679 DPO AA 37107",sallyhodge@cervantes-bennett.com,Johnson,1163.52,12/10/2019,16,SKU#5dc32f41bef844b95b3a8d79e9633c42,IID#413005ac9cd26b2d4b763c1cbdeed02b,(066) 862-0085
Eric,"050 Christopher Villages Apt. 831 Kristinport, AZ 01141",sara35@smith-sanchez.com,Avila,1399.92,12/10/2019,12,SKU#3449c9e5e332f1dbb81505cd739fbf3f,IID#14a45f6c8d23e742db8f139f4179f85d,(832) 786-3829
Elizabeth,"9514 Edward Ways Rodneyside, CO 59261",hannah66@merritt.com,Robinson,404.43,12/11/2019,13,SKU#de6c1bfebf1154bddffd37653abba499,IID#13e20a12e029979498a909562bf5d7de,(573) 275-1544
Brianna,"4390 Curtis Hollow Apt. 675 West Samantha, NJ 74675",phayes@hotmail.com,Greene,1304.0,12/18/2019,20,SKU#c1a3cc5f89f5943de57237cbf8ce5527,IID#789b7e8d81054d3cfea0ec4abac9b7fe,(421) 324-7009
Alexander,"90849 Robert Forest Apt. 679 North Nicholasburgh, NM 76441",eandrews@gmail.com,Melendez,998.8999999999999,12/20/2019,14,SKU#7e92d9d62a1287cc540f3a4c6516c6ea,IID#48edc0d9e52cc77de671705178321a0f,(883) 211-2144
Melissa,"7125 William Plaza Apt. 712 South Amanda, FL 11073",jessica69@garrett.org,Camacho,2843.94,12/28/2019,22,SKU#109071511d084d628bbf736c8bace7a2,IID#be7bd3cf123e492b8d891585a2b01a54,(461) 875-4410
Anne,"30988 Ewing Alley North Paul, NH 43859",oedwards@gmail.com,Hudson,1475.52,12/30/2019,16,SKU#e111197534abdbff0427985d2db30f48,IID#9d0e1965c5a9c3acb20e694ae687bd7a,(409) 437-0354
Michael,"6743 Eaton Spur Suite 421 Port Daniel, GA 74600",russellemily@hotmail.com,Morse,589.9,01/04/2020,5,SKU#7fbffde9ea365fc0350eb9af2a0570c4,IID#78561744900b3571b8cabcd8fea1271c,(727) 618-6794
Melissa,"1623 Simmons Motorway Suite 752 Davidstad, WI 06240",mweiss@moore-richardson.com,Hull,389.95000000000005,01/13/2020,11,SKU#409d6c19451dd39d4a94e42d2ff2c834,IID#71dcc4e4a61bf55b7d840f164b26f5e6,(372) 328-7745
Walter,"7315 Rodriguez Bypass Suite 055 Danielchester, ND 12313",kimberlygomez@davidson.com,Wang,729.26,01/16/2020,14,SKU#3a7f87cfe9f8673ea3a36e752dd17751,IID#64a103617dea002d9ae6bdb0827168ec,(694) 027-7349
David,"556 Sanchez Groves Graybury, MN 72982",shannonflores@hotmail.com,Adams,273.93,01/18/2020,3,SKU#39dbf807a41e5e4e63b59c9535c72eb7,IID#6af3636f0c3222500d1d442bcc1cbfae,(154) 363-3302
Megan,"02231 Raymond Forest South Elizabeth, CA 31939",patricia80@larsen.com,West,1165.86,01/21/2020,18,SKU#23d7bbb69fe74c98ae030ff56c1a3b95,IID#8f94e7a772ccc840fa4d3273e1440de9,(188) 462-4591
Jordan,"591 Rodriguez Mountains Apt. 039 Christinebury, FL 62696",iingram@hotmail.com,Clark,1563.04,01/24/2020,16,SKU#7b86d9557fe2ec804e5ebeab0f1c39d6,IID#492c01f5e929f15ce5b8ce3d792580bc,(258) 810-7007
Mary,"7322 Kennedy Light Morrisville, NV 70526",zmorales@hotmail.com,Owen,1379.52,01/28/2020,24,SKU#11be6f5a9a46d74dfe7fdee344937b9f,IID#53a6e1af40de519525b3f1b7fb532fd0,(965) 394-4569
Eric,"027 David Land Suite 245 Lake Peter, MO 68939",lisa01@taylor.com,Bell,2680.6,01/28/2020,20,SKU#5206cbaf5529838446357387ef409f1c,IID#2070ebba2efdb62009778fb8c3814984,(802) 767-1028
Jeremiah,"73026 Kimberly Lodge Lake Suzanne, AL 35454",haleybest@taylor.com,Richard,2448.54,02/01/2020,18,SKU#f25638c3ccba37aad21daf44d061ded1,IID#60e15e6b4f501dddc0bf5386191ad0d8,(024) 258-1019
Jody,"0659 Frederick Cape Apt. 962 Matthewview, CA 47662",haleylucero@ray.com,Peterson,956.55,02/05/2020,21,SKU#c42dff9843dd12641d5ce4f2cbd71617,IID#57365466f5feac2f164bc38db2b23318,(263) 703-1597
Paul,"592 Brandon Loop Scotthaven, CO 37602",qcharles@hotmail.com,Cross,2149.18,02/09/2020,22,SKU#7b86d9557fe2ec804e5ebeab0f1c39d6,IID#455d0bdbdf48962b4b32661983e37c7e,(510) 616-2863
Richard,"493 Meagan Fords Boydburgh, LA 91663",marcussmith@hardin.com,Jordan,1594.32,02/11/2020,13,SKU#7ec690b9bbbb7ed4aded30cfc17ef546,IID#73724432a347b0ec5b8c614e997c27df,(990) 323-7377
Diane,"51000 Angela Glens Suite 778 Port Jorgeside, AL 19766",rkemp@yahoo.com,Armstrong,793.1,02/11/2020,10,SKU#9d1101f2c45ce53f2ead40247bc2629f,IID#22148360d147010de8d0c0a463c8747e,(654) 795-9922
James,"01467 Smith Glen Apt. 840 Port Brandonchester, IL 30535",dmedina@russo.com,Sharp,501.03000000000003,02/16/2020,9,SKU#f1084a10edd9af76c3e8ec16f8ac76f8,IID#05309a21569b04add7c1a0e666eb2d67,(233) 510-9310
Matthew,"97568 Rebecca Vista Apt. 400 East Zacharyview, MO 96562",amykaiser@gmail.com,Schmitt,930.72,02/19/2020,14,SKU#cea67ffae620e6410ed0590dc6ec9b92,IID#8b73a4764c0b9796f71a87e17a32e66d,(655) 271-9178
Nicole,"65655 Kevin Fall Leonardport, NE 81239",miguel17@thomas-perry.com,Simpson,1571.6,03/19/2020,20,SKU#8532d183833cfe73efad8eaaaf4bab92,IID#fb4f0df5fecec502355ba12ca1b4f7d0,(637) 912-4674
Kaitlyn,"492 Ian Wells Apt. 903 Grosshaven, TN 63670",davidharris@hotmail.com,Bonilla,1112.1,03/19/2020,22,SKU#a63c90cc3684ad8b0a2176a6a8fe9005,IID#8c28aac54539c349623948433090d1bd,(045) 851-5992
Maria,"36726 Kyle Vista Suite 752 Leblancborough, ND 80233",katrina60@cole-lopez.com,Mckenzie,1380.08,03/28/2020,13,SKU#2a78f84427d1d591409740722e60d793,IID#0d0d95d74a498c3d670ca2855ef0df89,(045) 246-1381
Jason,"753 Nguyen Valley Garciachester, WA 45342",gregoryleslie@smith.biz,Bowman,1008.8,04/01/2020,26,SKU#1bc869006b65fb633facc11227d087f4,IID#614d5eb22d770fb5244a423c19fb1f76,(477) 033-6169
Lauren,"10235 Valerie Ranch Apt. 115 South Debbie, NY 29105",lopezandrea@gomez-hill.com,Carter,1340.3,04/05/2020,10,SKU#5206cbaf5529838446357387ef409f1c,IID#2da92560f5f016cf00180f74cf44ee15,(390) 752-8712
Austin,"05638 Alvarado Trace Apt. 102 Andrewtown, MT 82870",nathan11@hotmail.com,Webb,1355.6499999999999,04/08/2020,19,SKU#7e92d9d62a1287cc540f3a4c6516c6ea,IID#564ab26efb6e9133a2d0047c6bb7c269,(527) 041-0247
Emily,"7195 Tran Crossroad Port Justinmouth, ND 31059",andersonnancy@miller.org,Wolfe,870.72,04/09/2020,8,SKU#0d92f9f093fe363ad97fe27675981f1d,IID#952da5cab658dd9730f317dbde72bbdd,(469) 899-0057
Deanna,"42206 Desiree Springs South Frankfort, MT 17298",charlesbernard@peterson.com,Lewis,1570.29,04/11/2020,17,SKU#b32c51643fff046804f47c9b2f947f49,IID#dd81cf2625c45c0fb43ff5d800f9d562,(730) 215-7662
Dr.,"USS Keller FPO AP 35616",torresjames@johnson.com,Erin,1682.3999999999999,04/12/2020,15,SKU#cc9fde7e84b9a905cacd8eadca610fd6,IID#b7c24e84c98958bcce4dedceaf1c1e8d,(081) 127-8773
Daniel,"877 Holmes Plain Suite 835 New Kathryn, NM 82795",lorismith@welch.com,Young,1371.8000000000002,04/17/2020,20,SKU#5363c96604a0db55e0fafc787385e36b,IID#c2c5a2d223e5ae9a201ff1a5c7334947,(246) 005-4924
Mr.,"5844 Hayes Flats Robertborough, CT 56340",cheryljohnson@hotmail.com,William,310.56,04/19/2020,12,SKU#766249d959c74811d520bfc39f105933,IID#c8112a94f0a95f8cfdb52f8cb7f77fc9,(151) 377-8273
Megan,"806 Robinson Wells East Paul, IN 88449",mbaldwin@yahoo.com,Simpson,1388.55,04/22/2020,15,SKU#d26937a0a615266ccd9fb199e7fb7fb9,IID#7a1ac93957701302ac8db6a5e70e19b2,(238) 013-3583
Bryan,"90014 Lee River Ortegaville, UT 94536",betty04@hotmail.com,Harris,656.26,04/23/2020,22,SKU#5ccb2c1dfcfbff9adba49b72793b8762,IID#378a23a89a39e4d68d7644b38d153ce5,(073) 328-7244
Kyle,"Unit 5721 Box 1699 DPO AP 54182",robbinsrichard@yahoo.com,Mccall,2986.09,04/24/2020,23,SKU#f2f0de3c63af000f2f90354e7438afc3,IID#3afa513a46fbe5dc80b1ae8e8bdfc884,(454) 398-9638
Adriana,"03537 Bryan Prairie Apt. 958 South Taraport, ID 35576",talexander@gmail.com,Butler,703.9499999999999,04/26/2020,13,SKU#685fa71c2a5da989cb57c7150484805a,IID#f4f35d60b3cc18aaa6d8d92f0cd3708a,(810) 898-0100
Mark,"972 Kimberly Crescent Port Roberto, CO 34640",kennethlewis@stephens-coleman.com,Campbell,3882.3199999999997,05/12/2020,26,SKU#db271c734e9a6b7382c4e81113cad69d,IID#3d26bf46b8ea3b2b096affb82cde049e,(049) 990-1546
Mariah,"4484 Wendy Valleys Suite 186 Richardstad, DE 11804",william18@yahoo.com,Ayala,763.08,05/17/2020,12,SKU#a8d00da54c45a7415fb0726b2c773d34,IID#d255f18635bc2681bc4d2dbbd89af479,(763) 540-6836
Mr.,"97374 Mcintosh Street Lake Jennifermouth, ND 71802",steven62@gmail.com,Joseph,805.91,05/22/2020,7,SKU#3c2bfeac2ec39c652fad00241bdf552f,IID#b0e5e130ff761f8fe88800349753e124,(906) 515-4852
Karen,"086 Aaron Islands Apt. 873 Brownfurt, OK 67856",smithmisty@yahoo.com,Fletcher,2878.26,05/24/2020,21,SKU#b30256abadd6af8badbcc07d790003fe,IID#6452cf54ebe3e61f8867a86ec9ed7476,(413) 480-5130
Mark,"972 Kimberly Crescent Port Roberto, CO 34640",kennethlewis@stephens-coleman.com,Campbell,1080.09,05/30/2020,11,SKU#f7e37e1dcd863eb173400ce074cab807,IID#66ffb1e6d6b7025cf89099e068de8b65,(049) 990-1546
James,"97785 Miller Pines Suite 040 North Dean, IA 42713",tammy31@yahoo.com,Ashley,649.6,05/30/2020,14,SKU#421cd12b43e660f10da31bee36e85f4b,IID#00fc0b5494c69d3345a3659f2c675571,(445) 165-5124
Ashley,"Unit 6187 Box 9173 DPO AE 29011",wbennett@hotmail.com,Terry,1010.79,06/01/2020,11,SKU#537fd216abb1e2cad053594cc91eb955,IID#9db87e27a122510437d279ab96c7faf2,(024) 442-4727
