Phone Number,Invoice Id,Address,Total Cost,Name,Date,Sku#,Amount,Email
4065874171,IID#08e3200960ae448936bbab1c3cdd465b,"92060 Berg Coves Jimmyview, NH 05895",629.44,Eric Boyle,2016-09-15,SKU#becc18c1df698952a593bf005c8e8ec0,14,gcuevas@gmail.com
0298540340,IID#a55b6a585c2dce6c8bef64391e598ff2,"6044 Robertson Streets Michaelmouth, ME 29438",731.52,Diamond Carter,2016-09-17,SKU#6ac0a150c33a548595395c755a7ebba4,12,tyler10@hicks.com
7674463748,IID#c715e0b4525a344591263b481102c87d,"032 Brown Corners Suite 500 North Timothyton, ID 51760",781.35,Tara Harper,2016-09-17,SKU#3a7f87cfe9f8673ea3a36e752dd17751,15,tanya51@hotmail.com
6257544868,IID#d91fa8dbec9ca13e9b62fd1775385b73,"01489 Jessica Island Fosterview, KS 87083",837.04,Melissa Johnson,2016-09-20,SKU#e998be3d3bb15661763e4ff1e1c9a3e7,8,cummingsashley@beasley-brown.com
1567164946,IID#e8f7bc8e01c0c0cacfca64484deebb24,"959 Calvin Club Suite 269 New Davidborough, PA 52578",1462.65,Alexandra Smith,2016-09-22,SKU#e6b62b76fb2eb2a0e0adde0c067da680,15,dylanramos@hotmail.com
6749734326,IID#4d45bb32bd050cd6254092ad4be47285,"2601 Melanie Harbor Suite 261 North Jamesfort, MI 51952",1278.57,Richard Tate,2016-09-25,SKU#9bee828c5de502e00aee1e671bf43bd8,17,troymckee@vaughn-smith.info
0994212592,IID#6d6c637342973e6dee219fb017d22401,"03047 Wesley Landing South Christopher, CA 16305",1323.04,Nathan Hamilton,2016-09-25,SKU#3b411d0f7971519b280f8895f3adb470,16,ldonovan@guzman.com
3834462423,IID#30c2983b6afde9f5a754ff72dd1282ee,"2465 Jenny Islands Suite 857 New Georgeview, WA 71789",1056.3,Jordan Murphy,2016-09-28,SKU#94549eaabb68b67f351e0e911f88333f,15,frank48@gmail.com
5093137155,IID#d605fe0d6391a308838ce23128434acc,"740 Boone Street Lake Shanetown, KY 32189",702.79,Kevin Brooks,2016-10-01,SKU#8910e6fc12f07a52b796eb55fbf3edda,11,nancyoliver@fernandez.info
5523588046,IID#fe60a43e9eee45bfd0ddf3081ef9eada,"672 Brian Path Perrymouth, SD 89348",1039.83,John Willis,2016-10-08,SKU#103699d777d0304adfe836ca4b609bc8,11,nicoledennis@kelly.com
1652864033,IID#cff76879815ab0108b990781b2c7364f,"048 Obrien Plains Apt. 812 Stephenhaven, TN 35957",1497.84,Amy Johnston,2016-10-10,SKU#1135e286fb5224ef530f4ce0ec4a2835,12,jessica06@hotmail.com
1371062971,IID#8f214853d71ce7690b559eecf51b4bac,"PSC 2969, Box 0544 APO AA 81348",2706.44,Chad Kelly,2016-10-16,SKU#9ee38aeba19f4d46fcd9eda4661325d2,22,meghan19@cantrell.com
3707161372,IID#a5c0b68d4e323d543d0d1e1566a79379,"19385 Crystal Ville South Dan, CO 30892",975.1300000000001,Lisa Fleming,2016-10-24,SKU#0a15f50911fbd69c7f0d921f313ce4db,13,brandonmoore@hotmail.com
9932298537,IID#bd8497d82246efc072b155988af5dc3c,"071 Atkins Viaduct East Stephen, ND 39401",1832.16,Amanda Spencer,2016-10-28,SKU#55712f2f2f21a8321b9ee45d40b89091,16,ylong@wise.org
6663820206,IID#7333f21b66549aaabd73f62061858f3e,"37775 Jacobson Radial Erikhaven, AZ 23183",1915.96,Robert Hansen,2016-11-01,SKU#ebe28db082660b55fb94f6121a65fe65,19,wardderek@duncan-evans.biz
9911364445,IID#f5a60a3c2e06a0245201489d0e7bf692,"8614 Brittany Falls Jamesmouth, RI 44387",2258.34,Kyle Little,2016-11-11,SKU#65417194f6d766568524ce96d0511311,19,aaron64@yahoo.com
9863579896,IID#b899aecb519fedbcd10d44c6b66a538c,"8071 Jeremy Skyway Suite 019 South Troy, UT 57810",2253.02,Michael Cox,2016-11-14,SKU#b54b9c5d611b062aea9d8ec0d192335d,14,hannah67@weaver.com
0310940083,IID#c055c9c7e5eb57a7b8df6d13a28a09f0,"4873 Melissa Valley West Darryltown, ID 58989",1433.0,Pamela Carpenter,2016-11-18,SKU#a9e88c2128e707d31a759333fd7b2bd7,20,amanda83@castillo-benitez.com
4024310208,IID#173b6d600bfd21cab1de9f80428628cf,"21525 Aaron Neck Suite 211 South Leah, DE 87095",1326.96,Christopher Mckee,2016-11-20,SKU#a6fdef745f091df850100797044448e6,19,kvelazquez@gmail.com
7520157291,IID#74c75ba024d8b667bc7bf2f7fc24b4e8,"66555 Russell Throughway Larrystad, WA 89297",314.72,Rachel Case,2016-11-20,SKU#becc18c1df698952a593bf005c8e8ec0,7,arthur23@green.com
0867627561,IID#3c40cc21f4d9cc32549850bde8c9ad98,"Unit 0408 Box 7978 DPO AP 50106",1488.63,Christy Reed,2016-11-21,SKU#55712f2f2f21a8321b9ee45d40b89091,13,kathleenanderson@higgins-watson.net
6746116570,IID#2aa7f70548c0936a24a23fff01bac629,"6075 Sanders Pike Suite 077 New Johnville, NE 04665",3004.09,Emma Taylor,2016-11-22,SKU#8c4fc43652453a056826a2c92652e0fc,19,nicole08@hotmail.com
4627996662,IID#7c6d87dae3d7c0abc32b193b8f48bad9,"USNS Greer FPO AA 45271",776.82,Christina Taylor,2016-11-22,SKU#6c4bbc2191b9fca407592ebc86567a12,11,simpsonamanda@hancock.net
4445804654,IID#10bc89b2b9052f1889e560f7276b8af4,"95538 Thomas Track Bishopbury, VA 17142",2268.7200000000003,Henry Anderson,2016-11-24,SKU#103699d777d0304adfe836ca4b609bc8,24,hessdavid@rivera-wheeler.com
6380527086,IID#c679e569335525734356f863ad664746,"872 Richard Divide Johnsonborough, SC 73096",1269.8,Daniel Mckee,2016-12-02,SKU#8dd6bb7329a71449b0a1b292b5999164,20,bsanders@beard.info
8325986203,IID#6e4772f34c33819d9e536e5ebb721464,"086 Yang Extensions Lake Kurt, VT 21619",546.6999999999999,Melanie Lewis,2016-12-04,SKU#436dde36c9fc294189932638f3789898,14,fcastro@gmail.com
8829974983,IID#71dec1ba57aa66adfb3bd1be38dc1e13,"0842 Massey Track Suite 605 South Carol, OK 40211",662.72,Kevin Shaw,2016-12-16,SKU#f00346db02cfcc5b1f056a794009ffeb,16,travishernandez@yahoo.com
5093137155,IID#1754c5d48a4c4d7cd83a70ccebf89692,"740 Boone Street Lake Shanetown, KY 32189",792.48,Kevin Brooks,2016-12-19,SKU#6ac0a150c33a548595395c755a7ebba4,13,nancyoliver@fernandez.info
5127455359,IID#5d54b52265a67fb2eca204afafe6f367,"9960 Ramirez Radial Suite 317 Danielleton, CO 02321",1078.01,Marie Werner,2016-12-23,SKU#aed5961c4113ee9f2b80fdd169aec412,23,brandi21@gmail.com
1901726046,IID#613b2bb71e455c7c9731bd2a94ce0a25,"274 Jones Forges Suite 464 New Nancy, VT 58551",618.0899999999999,Kylie Walker,2016-12-25,SKU#74c5747a96ed8e17f4835ec431fc391e,11,smithbrian@wells.com
0355863712,IID#1221ba9bb372129a38ef893698e85b94,"2231 Hoover Court East Taylorborough, WA 19551",1331.2,Nicholas White,2016-12-28,SKU#3aaceebd65f0b79f9ae1718d3241bf37,10,johnyoung@carter.com
8118411684,IID#cec1fbe58e56231f44ea126cfde0bd5d,"32911 Eric Keys Jesusfurt, IL 03221",1198.1999999999998,John Johnson,2017-01-05,SKU#21ff8fd6ed7dd5c42ceac626bb9798cf,15,garcialisa@brown.com
6849880518,IID#0a935e5af464b68c5cd6bf2cd8dd9c90,"122 Michele Light Lake Steven, NV 57490",1405.8,Erica Wilson,2017-01-06,SKU#c4f30de85d94d65331ebdaa066be7be4,15,rbeard@gray.com
5323948124,IID#b6241a1e084272b57463cb47fbef41ef,"2247 Andrew Rapid Suite 675 North Ashleyview, MN 19167",705.78,Kathleen Roach,2017-01-06,SKU#d13b5ffdeb538f15ee1d30f2788601d5,18,cindysampson@hotmail.com
5270410247,IID#339b42ee1df49ca6e2eee835cee0681c,"05638 Alvarado Trace Apt. 102 Andrewtown, MT 82870",284.1,Austin Webb,2017-01-10,SKU#b2d9d5b06c044b2b0e6ecb4e66d28f1d,6,nathan11@hotmail.com
5062981297,IID#054d045f739b2ac7c40db27278c6c3f5,"1589 Howard Landing South Rubenfurt, MT 99012",1917.5,Terry Brown,2017-01-13,SKU#bec4473fc43b77e28e60f89da4e29c00,13,torresbradley@yahoo.com
9378146016,IID#c42528cd5f9839bfd9ab8c580ff1352e,"6230 Burns Heights Suite 774 West Larryshire, MS 93186",1334.25,Emily Lewis,2017-01-14,SKU#3861facee9efc127e340387f1936b8fb,25,amypowell@gmail.com
6539654467,IID#9c4211c02686a3ce5e3e6e77e86a5e66,"4087 Hall Lights Apt. 128 New Kelly, VT 61834",1855.21,Crystal Stephenson,2017-01-23,SKU#99d47e45a30cb15418c49f7e087c9cc4,17,robert24@gmail.com
6891600517,IID#175579595511461bca05c95c6b63f318,"082 Harris Ridges Morrisburgh, HI 31634",1692.0,John Bowen,2017-01-25,SKU#f7aa819535e83034f3bb522cc8c6da75,15,rtaylor@hotmail.com
6320764999,IID#251eaf91b0fa52e80988cdcb7ec8abe6,"23934 George Groves South Theresa, IL 36208",2059.1200000000003,Ryan Solis,2017-01-26,SKU#3d55e1e012d3824e53e84d404a6e2f2e,14,uwilliamson@bryant.com
2925326975,IID#bb177be98d26d0ad90bcded67c188182,"24975 Young Points Kevinmouth, DE 47206",1695.6000000000001,Shawn Obrien,2017-01-27,SKU#d3fedce0593b389ea95e2f0abb26a14d,18,mossdonna@bowen-waller.biz
0050473719,IID#50e7077f3d98c16937e40a9254d88b0e,"PSC 7429, Box 2472 APO AE 60463",1324.32,Don Nelson,2017-02-01,SKU#1c9e99e48a495fe81d388fdb4900e59f,12,dianephillips@russell.com
6596997593,IID#15f80107bf14323758c1eec1c3512f5a,"0736 Williams Loaf Mcgeetown, KS 84124",2163.34,Angela Hicks,2017-02-03,SKU#df4f83c1f72e36823a12b0dfc7617313,19,twatson@peterson.com
4610753536,IID#f7adea41fabdf0fe85d33f07029a6af3,"303 Cherry Islands Barrville, UT 42796",1084.26,Brandon Turner,2017-02-07,SKU#c183857770364b05c2011bdebb914ed3,17,bonnie77@pitts.biz
1389928014,IID#c9fb3cf33e7667697fed38df7d579542,"70505 Brian Loaf Apt. 324 Karenland, NM 20952",367.29999999999995,Nathan Carlson,2017-02-11,SKU#ca9c491ac66b2c62500882e93f3719a8,10,paulasmith@greene.com
3089179771,IID#a92e3c0a86168aa57a59b6592b277ce2,"1850 Austin Heights Richardsfurt, KS 78185",1756.96,Douglas Lucas,2017-02-12,SKU#66fb9404eb7435d1cd534ece06c97004,16,matthew24@allen.com
2180420005,IID#6d2281ea07a4a35b2847950fadd00c40,"064 Hernandez Roads New Toddville, TN 56501",1502.28,Shannon Johnston,2017-02-14,SKU#f66fc0bca6c6c54502dd321de6d3df89,13,emily65@evans.biz
0042692707,IID#938e91b02139a776dd8798716a7a8f49,"143 Marisa Fords Suite 918 Timothyville, VT 96340",1656.48,Robert Gutierrez,2017-02-20,SKU#bfd4f3f518d771ed1e163a74360c8782,16,lawrencefisher@buck.com
4770486300,IID#ebe40d811c39ca7e030f721b407a1a5f,"1972 Christopher Centers Suite 405 Marcfort, IN 15858",1245.15,Melissa Edwards,2017-02-25,SKU#ca49dbf0ed653ebdd3d2ad1ed23d6047,15,mckayjoshua@hotmail.com
8168812602,IID#d3c1e23b706c663c3aa98964ba1c4337,"8948 Wright Alley North Philip, AK 38212",1039.08,Shannon Murphy,2017-03-03,SKU#83a9475b33cad765c41dd3deb5be2254,14,jimmorris@hotmail.com
5389420481,IID#3a8286d9ed1d0f72b749bacb805b0fe3,"9346 Phillips Rapids East Brian, AK 49431",2464.7999999999997,Rhonda Myers,2017-03-05,SKU#15120767b40b12ccc180202acd5b968a,20,deckergregory@banks-patton.com
2503137928,IID#2911e0460d2e20652a20c9a6107534d3,"4695 Jones Summit Heatherburgh, KS 88272",840.5799999999999,Kimberly Christensen,2017-03-16,SKU#07d9b08eaa0a26f9771ee72f21e2b29d,13,kaylarobinson@gmail.com
8009570416,IID#1ad3a2f8182bc36bb1ecfa9046c35b0e,"28721 Mendez Key Suite 897 North Wayneview, OR 02681",1485.18,Richard Myers,2017-03-20,SKU#da73b095989c3489d615e0d1e05961c8,18,fgreen@brown-wright.net
6236329363,IID#2b07c4570bf073f8ebcd26753451b792,"5906 Charles Station Jamesmouth, NH 82264",3030.5,Francisco Sweeney,2017-03-23,SKU#e7b188938a141c90dda76cc258c01f8b,19,charlesgriffin@barber-jones.com
5867988079,IID#4786b2b9b2ab30af5feab0348520220c,"PSC 1321, Box 4679 APO AE 04536",1390.05,Joshua Hamilton,2017-04-06,SKU#5632090e276f96fe6f833a2e0f75cdf9,9,keithmills@gmail.com
1543633302,IID#aef3fa68de79a7eadf2059548f915747,"556 Sanchez Groves Graybury, MN 72982",1349.6000000000001,David Adams,2017-04-07,SKU#6130cb9a0d04704aa199d1e67a7b528c,14,shannonflores@hotmail.com
2982890112,IID#b13e7dd4839ce5ea6a538c37bb7950d0,"5354 Daniel Meadows Mauriceville, GA 39375",1002.8399999999999,Brandy Jordan,2017-04-07,SKU#64fab0277e9b50a6b157b1360d4b6836,12,iburns@gmail.com
7491679134,IID#3cc09e387dcbdcbbf58922bd5dceb03c,"0775 Anderson Port Russellfurt, VT 64021",723.71,Becky Garcia,2017-04-09,SKU#f1084a10edd9af76c3e8ec16f8ac76f8,13,mhuynh@anderson.com
1372099067,IID#e4f83213036a0818ee8a23ade4fc32dc,"043 Gibson Roads Laurieview, SC 17206",1535.5,David Hardy,2017-04-11,SKU#1ef5e829303a139ce967440e0cdca10c,10,wallacejoseph@summers.com
2631126172,IID#18f83fdbf7ee4d03a5973cd62b3ee3aa,"9890 Morris Lights Suite 957 Cunninghamton, FL 14564",2300.61,Jennifer Kelly,2017-04-17,SKU#1a877b7b83298cdb47da75382a689f99,17,tamara23@valenzuela.org
9956880725,IID#c3ff0f6734350c9aa464c064ec9b8d3d,"Unit 7605 Box 3721 DPO AE 31342",1798.02,Brandon Murphy,2017-04-18,SKU#f159f67739ff0623442a955c060d49bc,14,melissaodom@johnson.info
4304834356,IID#f5c348cecfc2c39fabf134dd4d8d3c07,"751 Greg Underpass Apt. 824 Leeburgh, CA 54499",1054.3400000000001,John Booth,2017-04-22,SKU#eaf25f841c19e96c5ad6217e6286e28b,17,fgibson@gmail.com
9674970759,IID#d4e0c77fdbbcdb4de6990013fd49d04e,"2527 Roach Roads Raymondton, TN 15452",1607.3999999999999,Willie Richard,2017-04-22,SKU#05640f18f5c0807dd96697e31fc5d8ba,12,paul43@wilcox.com
4975829799,IID#cc3029ae9b933c5eed2968ab15173c8f,"70457 Jennifer Trail Suite 571 Robertsonland, VA 90253",1477.6,Kellie Little,2017-04-23,SKU#7228a8ed79083f23b1c166934d53ce57,20,ramoscassandra@yahoo.com
0596384103,IID#a834c5cf41fdc5ce9de929303bff75a4,"Unit 1851 Box 1057 DPO AP 27113",2218.3199999999997,Donna Warner,2017-04-26,SKU#15120767b40b12ccc180202acd5b968a,18,afreeman@hughes.com
9362579774,IID#e5a30305387f27f4249986fc9bbb1f15,"627 Thomas Green West Victoriamouth, ND 69529",1292.3899999999999,Samantha Crawford,2017-04-27,SKU#486f628834e706005abd48b28a0b03ac,11,brandon90@sullivan.com
9726975419,IID#da8a7dc315a9b7c3e66088f47d1933c0,"15187 Debra Islands Suite 601 Lake Thomasmouth, MI 05170",1177.7400000000002,Alex Gonzalez,2017-04-27,SKU#590c5944c504ed6c86b6136179b27841,9,heather05@david-rose.org
5688507549,IID#fbf19d89c41c0a0b4905e6c76810efb8,"3871 Kimberly Curve Brownbury, SD 87780",661.8,Rodney Murphy,2017-05-01,SKU#f2331152449c622545360f18dfdf0e2d,15,teresa01@yahoo.com
4094370354,IID#2627916ee83137aca82724b6e7c760fe,"30988 Ewing Alley North Paul, NH 43859",421.8,Anne Hudson,2017-05-05,SKU#790b47ce33356b9493e981bf105da7ce,15,oedwards@gmail.com
1466516430,IID#c56c184a94e702a5e0907d391332f393,"763 Higgins Ranch Apt. 730 South Raymondview, WA 36133",1792.48,Sean Miller,2017-05-06,SKU#b1aeaa449c48f1a53724de8f21c7baf7,16,rivasstephanie@castro.com
2664522282,IID#49ba07f4a63daec36d5382ebc20a459e,"911 Brandon Orchard Williamston, OK 83965",1374.0,Amy Parker,2017-05-06,SKU#b69f227d106d1e7db3662d6a6f07cfe0,15,jschroeder@yahoo.com
3907528712,IID#315388b8fceb00c783d4641cdf093541,"10235 Valerie Ranch Apt. 115 South Debbie, NY 29105",2290.3199999999997,Lauren Carter,2017-05-09,SKU#4eefd60f439096ed98b6d8a585da12ef,18,lopezandrea@gomez-hill.com
5641308513,IID#62f293cee859319a09e14b15f3ca2118,"7387 Miller Springs Suite 098 North Barbarashire, AL 89540",912.8000000000001,Stacy Villegas,2017-05-10,SKU#c1a3cc5f89f5943de57237cbf8ce5527,14,underwoodantonio@hotmail.com
2305641796,IID#ca3538fb3183c398a756b23408f33ed5,"PSC 3408, Box 2441 APO AA 77274",1416.75,Frederick George,2017-05-11,SKU#0498cfb8aae1383c049e8ccdd85f3abf,15,romerodanielle@woods.com
0935680523,IID#ae9e0d4589b93a9804d0776c17f8a88b,"56304 Andrea Islands Suite 026 Davidfort, VT 64952",640.38,Meghan Mccann,2017-05-13,SKU#1079e8f69138f626c4065e314d2ba525,6,nancystephens@cooper.com
6236095513,IID#26920d01770ae3d87c659b7b0df23ce5,"938 Evan Motorway Vasquezberg, AL 64627",290.52,Mary Cross,2017-05-14,SKU#be9a60d34f059d2adb8de94bcc620af6,6,holly33@stewart.com
8803336745,IID#2fa0e60fe8af898a651c35dbf87c0483,"66533 Laura Cape Marshallshire, NY 09763",1429.28,Cassandra Bailey,2017-05-17,SKU#f09f35a5637839458e462e6350ecbce4,16,steven81@orozco.com
2867088458,IID#dffc89327f1b680a247239e74d87282d,"9063 Moore Rapid Apt. 563 East Katherineside, HI 80818",1582.8400000000001,Marissa Gray,2017-05-17,SKU#83e0cba63de0511e1f933e9a662afaaa,14,craneroberto@lin-cohen.net
1094708985,IID#ba08475aa89298814eaa219f077160de,"106 Natalie Mountains Suite 278 Mcphersonville, NC 28351",852.1500000000001,Gina Odonnell,2017-05-26,SKU#ba068f44c4b751d8e114114dcdfa1a25,15,kirktara@hotmail.com
8195325780,IID#b606672042b0c0321588118499199562,"110 Summers Court Apt. 900 Oliverchester, NV 89784",911.9999999999999,Terri Arroyo,2017-06-01,SKU#53e079183ddf7a114aed02f9f4d3efbd,25,brandon69@simon-young.biz
8842243016,IID#1810e177587a82a5105ff412e65c8c5e,"2467 Danielle Lock Apt. 405 Dianeborough, ME 22378",2174.19,Jennifer Johnston,2017-06-06,SKU#103699d777d0304adfe836ca4b609bc8,23,donald44@morris-brown.com
0484753781,IID#aa5a2154d8e2ce4cf29f8e53143719e9,"Unit 4094 Box 3241 DPO AA 43026",2002.2199999999998,Sarah Simmons,2017-06-11,SKU#ab61a1de6d87087e6d66fd274b7fb7f5,19,gonzalezandrea@yahoo.com
3978526898,IID#48d888fa37f2ad8327eb5bbb1e43e589,"9999 Willis Burgs Apt. 680 Jeanbury, KS 53182",1059.52,Kevin Brown,2017-06-12,SKU#2e715b7aec9cd1260982b62b78432cd9,11,kenneth59@phillips.com
6120397219,IID#14e6ac3851ea62e9071c661cb7d19772,"021 Monroe Plain Suite 058 Larryton, HI 48480",1230.6299999999999,Don Thompson,2017-06-13,SKU#23d7bbb69fe74c98ae030ff56c1a3b95,19,watsoncody@hotmail.com
0882443303,IID#e7d4e67c7827091d5d9c3a55ce187959,"1624 Grimes Crossroad Suite 907 Lisashire, WV 35568",1233.67,Richard Palmer,2017-06-21,SKU#a5918ee1d73725c199f00b9d09e9ef4f,19,joejordan@gmail.com
0132683702,IID#f7a08f189a9154451127dcf5fbbc5baa,"6123 Lam Inlet Apt. 675 East Nicole, WI 75614",1104.48,Michael Henderson,2017-07-01,SKU#d28c293e10139d5d8f6e4592aeaffc1b,16,buchananmary@webb.net
3764355578,IID#f13a5440b545a2da3e7c8e514bfe6189,"8751 Ramirez Glens Sheltonshire, MA 69044",825.76,Richard Hughes,2017-07-01,SKU#c1b89674c43a8c212dafc0478159b1b2,13,jacqueline14@hotmail.com
1793411023,IID#1fe9087913fddb59bcc2568762c35d75,"USNV Owen FPO AP 47327",1113.66,Richard Olson,2017-07-07,SKU#be9a60d34f059d2adb8de94bcc620af6,23,iscott@lee.com
6812652412,IID#ed272792affa8cb71a1f75d111486988,"09531 Bailey Courts Suite 359 Carrillomouth, NM 45778",1707.9,Marcus Gomez,2017-07-07,SKU#df4f83c1f72e36823a12b0dfc7617313,15,erin02@rivas.com
7870939782,IID#55b172c90b02271536381841b811ef87,"56409 Davis Freeway Port Mariah, WI 96879",1159.8,Richard Mccall,2017-07-07,SKU#eb74234cb882f0fedae27f0b9e9957d8,15,aaron60@gmail.com
1907524644,IID#b68df92b5462b13e3ddd874bbbd598b7,"87252 Gabriel Meadows Apt. 740 Andreabury, AR 12520",2651.46,Shannon Hensley,2017-07-07,SKU#7f2f60b8afdc6336bd5199d39140e790,21,morrisryan@smith.com
3243993076,IID#2ab1e5ce8b2b421a7a7cca5ad8f7a7ac,"4412 Johnston Dale Suite 817 Caldwellmouth, KY 38581",1254.78,Stephen Pearson,2017-07-08,SKU#b9205d5c0a413e022f6c36d4bdfa0750,18,dennis70@key-stokes.org
1815752420,IID#7e1e16445b6c961b0a6d1e41612c3a24,"722 Fuentes Radial New Richardland, AL 24843",738.53,Kimberly Morales,2017-07-16,SKU#ba068f44c4b751d8e114114dcdfa1a25,13,smithlaura@sparks-fletcher.com
7225696735,IID#ca009aad3c31e4b9923672ecc79c4ff7,"05519 Le Port Apt. 195 Davidhaven, TX 73974",1746.5,Dr. Caleb Todd,2017-07-18,SKU#5db52bfcf09a4b856640213f02b081ef,14,smithtracy@yahoo.com
6981185032,IID#562b869b1352e818b7a5c5026dcc1047,"2261 Johnson Mills New Lauren, CO 77310",475.30000000000007,Anthony Hill,2017-07-25,SKU#714648d2aa2d73c96e0bf598fe1947a3,14,stephanie57@gmail.com
2380133583,IID#b9af05a50f44fc8c8b30da9c8b2902b0,"806 Robinson Wells East Paul, IN 88449",638.16,Megan Simpson,2017-07-25,SKU#dbc7cd01110560706c0574ecb971e5d5,12,mbaldwin@yahoo.com
3181143444,IID#bb0e4cfb042b90296723475bae42b1c1,"284 Marisa Square Suite 478 Davisberg, TN 95791",1345.32,Donna Lewis,2017-07-27,SKU#6f6b5e30af6a9e64b7b6a19c39de7e0c,12,mphillips@daugherty.com
9286111823,IID#f0cd8a46baf7c08939fe86dc5ee7c07f,"448 Timothy Port Apt. 602 Mariatown, OK 20301",1785.76,Anthony Lane,2017-07-27,SKU#f7e545e231ffaaea63416f8e688e0104,16,rmartin@allen.biz
7542696642,IID#b377e4efe645e3258b2267e36e2a27d2,"6345 Smith Crossing Port Alexander, CO 10294",1561.4499999999998,Holly Campbell,2017-07-29,SKU#6289d77cc58fd2a1816d396fdc5696c6,17,lauracoffey@hotmail.com
6746116570,IID#1cd6c9cfd49b0c33cbddc14dcee8e7cc,"6075 Sanders Pike Suite 077 New Johnville, NE 04665",1458.4,Emma Taylor,2017-07-29,SKU#27418f9aeb0fae483bcf13272efe6310,16,nicole08@hotmail.com
6310440070,IID#4685e8d2e6ebf05ffc0cf07e50590ccc,"512 Jerome Run Apt. 041 Greerfort, WA 60640",1319.88,Sarah Hamilton,2017-07-30,SKU#28840766f7d339b8464bebe7527f2bf4,17,christinereynolds@gmail.com
3837132256,IID#cb66aaa0d8f3e0cfb4e92d38ff24559e,"7814 Alexander Estates Suite 012 Hamiltonton, NV 06068",1826.4699999999998,Daniel Lee,2017-07-30,SKU#90ecf1d759d1a9d28eaa034551442e94,19,krichardson@rivera.com
6663820206,IID#5a45a490aaca0e24413769ca11263f0e,"37775 Jacobson Radial Erikhaven, AZ 23183",1114.05,Robert Hansen,2017-07-31,SKU#8447681e67cd6daa70e9ce05f1eaef43,21,wardderek@duncan-evans.biz
3185499533,IID#2e467a36852bbc1ed1039b9d3a320f67,"5680 Oneal Plains Apt. 164 East Tracey, WV 33112",2623.9,Brandy Parker,2017-08-01,SKU#29003687900cad69c06a7907f2738e79,19,baldwinryan@mills.org
9274322765,IID#699c380cf6319d6da36665092d93def6,"208 Wayne Spring East Loganton, OR 16032",752.76,Cindy Hughes,2017-08-03,SKU#53553242d57214aaa5726a09b05fe7bc,17,gberg@yahoo.com
3157173662,IID#f929c17c56de482329254249b1ed1fd7,"16548 Williams Heights Apt. 804 Tammyfurt, NM 63315",683.1,Adrian Harmon,2017-08-11,SKU#348cf1fcc695c82009f0b906c2d8fdff,9,george42@williams.com
1584431961,IID#5583ba600743b2627a1a9f57d99b1fa9,"37859 Nielsen Extensions New Elizabeth, AL 46898",901.1099999999999,Michael Wiggins,2017-08-15,SKU#9adb218fe5fbdc211907c36cb81efefa,7,zgraham@lopez.com
1416948908,IID#cbb79996dec44b928b689631d101eb8e,"113 Chelsey Lodge East Valerieburgh, OH 68619",435.36,Amanda Kaiser,2017-08-16,SKU#ddfd9afa54d20919ae66441a744336f9,12,rsantiago@hernandez.org
0475244621,IID#02bd5c593bebe288eadaad900a68eb47,"817 Jennifer Stravenue East Timothy, MD 22465",1645.59,Michael Myers,2017-08-21,SKU#dc69f44be7d9431c3fc97a266c2c147b,19,smithcynthia@hotmail.com
8468996190,IID#0c7f3a8ec0eda1e7fd4bee58314dbf8d,"60036 Chapman Dale Suite 168 Port Rebecca, VT 65658",1128.8,Kristin Hernandez,2017-08-29,SKU#be484ed22f5a1786c5423a0bb98a50ea,16,martinkristy@davis-campbell.com
8605168263,IID#7d129acdead53cf3f6cd9416283c3867,"477 Ray Glen Suite 953 New Austin, DC 83840",2193.55,Nancy Sheppard,2017-08-29,SKU#2c37f212012917a7a9a6410ebba1f27b,19,monica79@campbell-wilson.com
9990272138,IID#3cabbe101490662d9ca8cca03c079841,"9615 Arellano Glen Apt. 004 Vazquezmouth, AK 65521",1375.35,Alyssa Luna,2017-08-31,SKU#1dc439aca90bbdf4c4c9a31543252fe3,15,smitheric@gmail.com
7869321531,IID#4fb73dd9730cb0ddbaf8f8ae7e853ac5,"77678 Thomas Alley Apt. 471 Lake William, IA 27451",2697.03,James House,2017-09-01,SKU#f159f67739ff0623442a955c060d49bc,21,ipayne@gmail.com
5523588046,IID#6385d56875f7a6d51b9af4c8216caa6b,"672 Brian Path Perrymouth, SD 89348",1421.28,John Willis,2017-09-01,SKU#482d1f7585a0fba02b31d04319021862,12,nicoledennis@kelly.com
2028707701,IID#c374fd34f91f75feccd47a8ba6a6183c,"26889 Miller Parkway Suite 425 Brentchester, NE 51696",1772.0,Paige Meyer,2017-09-02,SKU#f7baa0ef2a6e106253085d6c0a5c0f03,20,jill82@gmail.com
7314391269,IID#937d199a2cf70573df09f1b687d0d075,"954 Valenzuela Ranch Suite 571 Rodriguezland, CA 98741",1076.92,Jose Roberts,2017-09-06,SKU#f00346db02cfcc5b1f056a794009ffeb,26,shannon57@gmail.com
9065154852,IID#28da694ea05f22bf8552e7a18af84582,"97374 Mcintosh Street Lake Jennifermouth, ND 71802",661.14,Mr. Joseph Sanchez,2017-09-06,SKU#ca9c491ac66b2c62500882e93f3719a8,18,steven62@gmail.com
0485924290,IID#bae6765497bdc8571149ff58497115c4,"9763 Hendricks Mill Apt. 080 South Alisonmouth, KY 98455",1500.0,Thomas Potter,2017-09-06,SKU#47ff153f1d7396fa513426e9b17c9670,20,bellchristopher@yahoo.com
9147739948,IID#3de75b1bb2f840e9128a7a744b81aea7,"Unit 8435 Box 9577 DPO AE 29392",260.68,Allen Thomas,2017-09-14,SKU#5d9e9d21b9c597f74c4e4b41dfd9a6ee,7,brandongarcia@wheeler.com
7760581145,IID#8d2b6456cace6ce50ab2279558e1805c,"199 Mason View Suite 539 Brandonbury, OH 37209",2969.34,Matthew Scott,2017-09-16,SKU#0b91f1d54f932dc6382dc69f197900cf,22,john36@hall.com
5274421075,IID#2ef37860737b2b4cf12739426ab7c0cc,"569 Mathews Creek Suite 836 East Karen, SC 75437",660.0,Miguel Contreras,2017-09-20,SKU#0aa29904a5fe988a41cc1b680e4d7b77,11,harrisvictor@gmail.com
6853682228,IID#f9915355c4501561629350d6e75745c3,"33543 Jennifer Ports Apt. 486 Santoston, IA 31229",2571.59,Matthew Johnson,2017-09-20,SKU#598e2e96502a47ec48ae6554d07960f8,17,jeffreyphillips@hotmail.com
1569061531,IID#e77189143da85bd95bf63a630eadfb13,"911 Vance Fall Christophermouth, MO 91937",1402.83,Beth Bailey,2017-09-20,SKU#914841b68ebe1171b88afe454b9c6aec,13,kenttanya@yahoo.com
1008442110,IID#236b37f8cf7416e2417b5f0bda19d4b3,"PSC 7262, Box 4547 APO AA 23112",3074.6,Charles Smith,2017-09-27,SKU#34a754102be3d8a66dbf34785234b86d,20,angela68@gmail.com
9157904388,IID#39d63ea54b7ef945f3876d8c728921d4,"USS Haney FPO AP 52781",1417.44,Jasmine Olson,2017-09-29,SKU#e9ec8abba3c25796e027afd2cd2ef77d,12,brownrachel@thompson.info
8118411684,IID#38340ee8317240a114205654cffe16fe,"32911 Eric Keys Jesusfurt, IL 03221",659.3000000000001,John Johnson,2017-09-29,SKU#a67d568fd3cd6d93504c1352708fd8ba,10,garcialisa@brown.com
5452304420,IID#04aec8d26df3e1dab9cd60a24572d82c,"32557 Perkins Square Port Joseph, AZ 33006",1492.4,Richard Rodriguez,2017-09-29,SKU#bd38f281632881248ac7f09eef8a6319,20,hpeterson@joseph.com
8475244948,IID#0204638ee61d34d8090c5384a2fe280b,"98453 Anderson Freeway Suite 647 Evansland, VA 26995",490.96,Misty Brown,2017-10-07,SKU#efdaddb1fa2fdce326c52fb89c220863,19,jaredwood@fernandez.com
5688507549,IID#3f872073ff7585927abdf2960ebaec2f,"3871 Kimberly Curve Brownbury, SD 87780",1925.6,Rodney Murphy,2017-10-08,SKU#05572f82de4f01b1e6f280b0b62a8334,16,teresa01@yahoo.com
9700544130,IID#c8d4b141a375d40748602d21c18faddb,"994 Medina Pine Suite 106 Lake Christineview, TN 35417",1508.41,Michael Snyder,2017-10-10,SKU#938fcac2676e99d92efee069eacacc37,17,rnolan@johnson.com
9398068768,IID#0153173997f33242389c607fe1a5b1a3,"87792 Hernandez Pine South Christopherview, NM 93532",1903.4,Matthew Reese,2017-10-11,SKU#80802b088528adf260a52f1563f68b85,20,iwade@ray.com
7182664687,IID#817682a6f28b8219475554c812b202c1,"003 Murray Vista Apt. 677 Elizabethside, WV 16596",1650.87,Thomas Rodriguez,2017-10-14,SKU#49a0e45ae8dfba5e4161b60ab5330a45,17,lovelinda@gmail.com
9863488496,IID#6594ddfc0831790e645cfe5bcb245e5d,"13212 Greer Curve Webbside, SC 18346",1493.52,Phillip Harrison,2017-10-19,SKU#2b33bff451316574ec905448efaad2bf,12,evansbryan@hotmail.com
7158460605,IID#8c594e61099774edd33f314b2c9e9f8d,"736 Matthew Islands Suite 099 Haydenburgh, WY 63262",434.72,Brandon Nelson,2017-10-24,SKU#a00c4336b61933a3b7eed1304d15427c,16,rachelwalsh@hansen-riley.com
3987105479,IID#ab7ea1655a702444324b8a2d1aa56016,"47328 Hansen Crest Suite 427 Port Stacymouth, TN 45598",1797.9,John Joyce,2017-10-28,SKU#c54104d7894a1941ca710981da437f9f,15,scott97@arellano.com
5523588046,IID#09c88150f11c62ef6a10b0b2899acb7f,"672 Brian Path Perrymouth, SD 89348",478.62,John Willis,2017-11-09,SKU#dbc7cd01110560706c0574ecb971e5d5,9,nicoledennis@kelly.com
8318112425,IID#9c08fb2deb749ff7cddbc4b49e724c01,"680 Andrew Summit Suite 039 Wilkinsonstad, WI 87382",3160.2000000000003,Cody Leach,2017-11-13,SKU#faee174ece449bca53aea3129d925069,23,mlin@hotmail.com
4714893626,IID#69823d72194b0daef6a3d3256222b165,"096 Charles Causeway Lake Marcus, NM 94677",1594.04,Brad Burnett,2017-11-15,SKU#df4f83c1f72e36823a12b0dfc7617313,14,ytran@hotmail.com
4001940379,IID#52be6535ed98b0200eb64dcaf841628a,"9409 Martinez Island Apt. 366 Campbellview, NM 11801",2087.2,Danielle Flores,2017-11-25,SKU#a27770954f1e6caf5875ab6ea6c4bfb5,20,dustin18@johnson.com
0482127661,IID#bcc10b435e53daaa0f18f8429f0f1aca,"817 Joshua Roads Anthonymouth, ID 87563",1311.03,Stephanie Reed,2017-12-01,SKU#a75d7d422fd00bf31208b013e74d8394,9,robertjones@cummings.com
2982890112,IID#b48fb188877478995f78adb98ed1ca10,"5354 Daniel Meadows Mauriceville, GA 39375",2497.92,Brandy Jordan,2017-12-01,SKU#a00cf3a9ed10ef4b2995a370e09f40a5,16,iburns@gmail.com
1543633302,IID#3631641d7209d5638ae9a73d819a68a0,"556 Sanchez Groves Graybury, MN 72982",1783.5,David Adams,2017-12-04,SKU#0c0753b0057a2f8db2ff040d916b016d,25,shannonflores@hotmail.com
0989493710,IID#7b7071504ae39209cbb251ada6dc66e0,"617 Heather Glens Suite 860 East Angela, ND 62064",2444.4,Michelle Lee,2017-12-14,SKU#eecd109a97f2bb0ca35fd4f7bb303543,21,johnsonkatherine@yahoo.com
4533189587,IID#1fa48d190d94e37dcb84e6355fb23b04,"PSC 2317, Box 2998 APO AP 94254",770.4200000000001,Raymond Lowe,2017-12-24,SKU#b1fec41621e338896e2d26f232a6b006,14,rogersheidi@gmail.com
0089834675,IID#f8ba0347d38b76111e2d692d5d2d319b,"5707 Raymond Terrace Suite 578 New Bridget, AK 50737",550.06,Jocelyn Armstrong,2017-12-28,SKU#fde756e2092dfd255684eead0b2e6f45,14,fjames@gmail.com
0811278773,IID#7ab4456bfccd3e4ebbaa6c7d2cc3a0cb,"USS Keller FPO AP 35616",1217.97,Dr. Erin Vaughn,2017-12-29,SKU#1a877b7b83298cdb47da75382a689f99,9,torresjames@johnson.com
1344903978,IID#0c2063304a440e9c2f277a1b086c0fe4,"88515 Lori Square Suite 967 Karenland, MT 53094",135.85000000000002,Natalie King,2018-01-07,SKU#a00c4336b61933a3b7eed1304d15427c,5,munozamy@miller.biz
3067095628,IID#2bd25c96e45dcee9f1d447051cf57518,"9335 Sanders Heights Suite 348 Lindseyfurt, ME 60169",1175.76,William Gomez,2018-01-08,SKU#5bccd8ff10735da26d5761d10b294a6a,12,jamesschultz@yahoo.com
5274421075,IID#af2141c2ed47c9129924dd56705d666a,"569 Mathews Creek Suite 836 East Karen, SC 75437",1689.67,Miguel Contreras,2018-01-08,SKU#b8f9731d34c384285638adb599028f86,19,harrisvictor@gmail.com
3932636401,IID#30d6b968780903658f85ffdf1bbbff47,"31942 Brian Walks Apt. 778 Howellmouth, MT 14107",3541.7700000000004,Reginald Baxter,2018-01-13,SKU#ec532088fb20a5ee48d6c8ad1186f05f,23,michael24@perkins.com
4143397469,IID#7514693552a2414ee09536f44dfca695,"585 Debra Parkway West Michael, NC 33557",965.7900000000001,Patrick Ellis,2018-01-13,SKU#437687da72730cf42ce36bd093b78b3e,21,hjenkins@preston.com
3221921653,IID#85a7bc4e96a4efceead813545998ef7b,"37269 Lisa Squares Suite 488 West Jill, CO 99354",1059.63,Shane Griffith,2018-01-13,SKU#2c16868331f82ff43059dcb0ea178af3,13,rodriguezbrittany@gmail.com
2460054924,IID#15d7744c4b1cff4ebd5bd2fb01911da6,"877 Holmes Plain Suite 835 New Kathryn, NM 82795",2017.73,Daniel Young MD,2018-01-15,SKU#117007deac01acfeab6f3aaf7c368467,17,lorismith@welch.com
9492577033,IID#153a045844c109524b70fc1f93bc5a28,"PSC 5767, Box 5687 APO AA 92019",601.1999999999999,Cameron Mckee,2018-01-18,SKU#a7e867cf39a53ef26a70614e2830b90c,9,eobrien@jones.info
6204080374,IID#59abe21a35de99bf4be0d740be3253e7,"01763 Lydia Views New Shelleyville, ME 86515",658.86,Manuel Evans,2018-01-18,SKU#66fb9404eb7435d1cd534ece06c97004,6,wheelermary@yahoo.com
6624705100,IID#3e5505956bab6db46b8d0166e3d99300,"7752 Anne Extension Marvinborough, NM 08103",788.8,Ms. Christina Coleman DDS,2018-01-19,SKU#421cd12b43e660f10da31bee36e85f4b,17,rlee@yahoo.com
4749995277,IID#e231385de2a299c10a2d737f645d7f1e,"7864 Kevin Islands Apt. 954 Belindaton, AZ 75155",1417.0,Amanda Mcguire,2018-01-19,SKU#a91b280e87a9586dfd346cc1ed01c453,20,edwinclark@ortiz.biz
9531741541,IID#68ffa7dc5e63c11f759d8fd8386fc363,"353 Mills Neck Apt. 452 Sotoshire, WY 85472",569.88,Rebecca Wood,2018-02-05,SKU#0a1dfc18c8c8381f05f8ad9d2b4509b5,18,stacy62@gmail.com
4898877494,IID#f770278840c2c209a6e6c3368ab4d50a,"34331 Mcclure Coves Suite 407 Andrewton, NV 76684",1233.6,Jennifer Kelley,2018-02-08,SKU#55215e8f92d35f26cca06fa9d5d221e9,20,riverachad@hotmail.com
6415172339,IID#f2a56562da1c1e9955cc1a74e27e5b54,"77433 Smith Crossroad Suite 165 West Holly, OK 64923",2190.96,Abigail Campbell,2018-02-11,SKU#3c4d7919cbd17dcd366fa5c05fca42da,17,julie26@hotmail.com
2902032670,IID#3282a3ff5f0531180a28d0e192ddace1,"298 Kenneth Lodge Wesleyfurt, DC 53179",2744.94,Amber Morris,2018-02-14,SKU#7228da7250d357ec26e8755a0bdbd652,22,harristaylor@yahoo.com
5855711565,IID#5c4ee37392f6b126ffbe424ac9c9dd31,"293 Flowers Islands Apt. 224 Lake Robertbury, TX 16743",1180.0,James Carlson,2018-02-14,SKU#bec4473fc43b77e28e60f89da4e29c00,8,parkerkaren@hughes.com
1210760642,IID#a3f1260b950e3066d48abcb89aa2a1c0,"3248 Carroll Street Mccartychester, TN 17148",2397.6000000000004,Diana Meyers,2018-02-18,SKU#b32733e7764a341ebc9431868a852817,24,ggreene@armstrong.biz
5971551273,IID#b3c39500b9d476d404ffefb061ef153e,"3205 Smith Crescent New Edwardchester, AZ 28986",2837.08,Gary Santos,2018-02-25,SKU#db271c734e9a6b7382c4e81113cad69d,19,deleonmadison@hotmail.com
5036971294,IID#69e808989f709eed29d41ea9f29fe4dc,"14513 William Meadow Kathyborough, GA 03469",1656.96,Brenda Smith,2018-03-01,SKU#9546c10433c45bfb9947449dd8d304de,24,rosesusan@fox.org
0721502567,IID#c38d06f16da84b24ff65a45b8ed62d34,"2996 Cook Light Griffinfurt, NY 69038",1142.55,Shelly Collins,2018-03-03,SKU#cc47869e3b4a5dedfc1831bb15dee3a9,15,tanyajohnson@jones.com
1243574345,IID#603430de838c148f238778f8b1165b41,"480 Brian Village Scottside, WV 07559",2389.68,Julie Davis,2018-03-09,SKU#1a6514b5e65eeab78790c78c5cdd5953,24,williamspaul@henderson.biz
8009570416,IID#6827313d0d8e162d81297f88385b2591,"28721 Mendez Key Suite 897 North Wayneview, OR 02681",1871.46,Richard Myers,2018-03-12,SKU#bceef68cb887519b438771840de07a60,18,fgreen@brown-wright.net
0906270899,IID#32e3d48923f0c4f2f68e2aad30bf0cfa,"584 Parsons Freeway Suite 044 Brianborough, AZ 19548",1234.05,Sharon Hendricks,2018-03-14,SKU#55da46e7b387bce5c1fef34f97063beb,15,georgemoreno@hotmail.com
3926383826,IID#e3d1e8fcd721b87cabfce474f6d93390,"0358 Wendy Oval Apt. 433 Ramostown, WV 32304",2827.2000000000003,Angel Hoover,2018-03-17,SKU#1bb3f933f0b35c7a3787cb2fb44beba4,19,perryedwards@hall.com
5156139741,IID#18085abf21f944234a1cf546f7cc4789,"051 Brianna Roads Suite 689 South Hannah, WV 48438",1351.61,Jessica Oconnor,2018-03-17,SKU#e66d4ab75e9862302da5825bbf066c5e,13,melissa86@hotmail.com
5181482535,IID#9a7a639619248e8793242e6136eeeb7b,"9566 Lewis Common East Ericberg, WA 91929",1392.96,James Bryant,2018-03-19,SKU#4aa476a72347ba44c9bd20c974d0f181,24,xstout@jones.com
8553725742,IID#6b3a80c9758aba0b82a908c8dcaa399b,"38513 Young Ferry Suite 271 Raymondshire, RI 18897",1804.96,Joseph Harris,2018-03-22,SKU#59bcafcabdd1f16e7b9889ee10dec858,16,tbell@patel-torres.org
9680664970,IID#9a54d1fdda5777a5de018741ef6ca084,"932 Jennifer Junctions Jodiport, IN 25699",1162.98,Thomas Strickland,2018-03-29,SKU#4e457115e6bd5c9e87ee47ab909229f3,18,scott15@gmail.com
0882443303,IID#55a980824d6d51980ba67019d4565511,"1624 Grimes Crossroad Suite 907 Lisashire, WV 35568",1193.01,Richard Palmer,2018-04-01,SKU#a302a771ee0e3127b8950f0a67d17e49,13,joejordan@gmail.com
4610753536,IID#579ef6b42b2f28fac423e1d91fee0485,"303 Cherry Islands Barrville, UT 42796",257.10999999999996,Brandon Turner,2018-04-08,SKU#ca9c491ac66b2c62500882e93f3719a8,7,bonnie77@pitts.biz
8241179539,IID#5a5e0dc95f6c0c217cb6bc2bf541e301,"55434 Robert Ridge Suite 612 Beckfort, NJ 36250",1586.8799999999999,Sandra Livingston,2018-04-08,SKU#8f869fc4a3473614660a422d11365947,19,ramirezmichael@neal.biz
7682465507,IID#9ed96e297d5f5eab5a2ff59c8834c283,"99075 Fox Hollow Suite 115 Dawnstad, NH 53299",2801.93,Bob Benson,2018-04-14,SKU#9ece66c3a32bcd82ae2e442953827d65,19,marcusfowler@clark-evans.com
3243993076,IID#d1bf63c5c0152f3f2566790c3a9fa8d0,"4412 Johnston Dale Suite 817 Caldwellmouth, KY 38581",2319.6,Stephen Pearson,2018-04-16,SKU#844e95ed5f5fbd2f0672b094ef680e81,15,dennis70@key-stokes.org
9392917616,IID#df968155660e30ee078b4c2780675c3d,"0657 James Road Suite 521 Mccoyton, DE 22447",2486.34,Joshua Smith,2018-04-21,SKU#590c5944c504ed6c86b6136179b27841,19,brian54@yahoo.com
0811278773,IID#ab04b0dd3a2766093bbbe0f62e80af9f,"USS Keller FPO AP 35616",1965.26,Dr. Erin Vaughn,2018-04-23,SKU#f09f35a5637839458e462e6350ecbce4,22,torresjames@johnson.com
6676445641,IID#f1f04e9910f658b1ce41e72475f32e78,"632 Bell Islands South Gordon, MT 67718",875.1999999999999,Whitney Nguyen,2018-04-27,SKU#78cda06746a4e5923ab73edc34344142,20,amyconway@hotmail.com
8742251912,IID#f9611a4def0b141e4e2925ca46d3a946,"610 Richard Tunnel Apt. 412 North Tanyaton, IL 06850",771.48,Alyssa Flynn,2018-05-03,SKU#3d5bc884d137ccd86a25f978a7800818,18,paul36@martinez.net
2538961714,IID#585f7bc6962eefefd14387ca1a249eb2,"022 Jones Rapid Suite 423 Diazstad, MT 31193",808.5,Patrick Jackson,2018-05-07,SKU#81d944c57b8df3f807b46c7a1b55fcb5,15,rachel90@gmail.com
6125249219,IID#fabf5e6acf16c45cb7a18152c77c239d,"54954 Maxwell Rapids Shawnberg, AL 35788",2760.89,Dr. Ashley Perry DDS,2018-05-09,SKU#aceb486e7e4b2d2f1c5f2328b503502b,19,buchanansue@hotmail.com
8597078239,IID#8b0c3c0d3da466fffbf44ac133b9ff51,"8187 Young Circles Travisfurt, MS 02861",2154.98,Adam Bailey,2018-05-10,SKU#881996a3045c5de73795fa31aa6d10ef,19,morrisjames@morgan.net
8204188089,IID#78f89feaf76b10b66a9e01d78aaa1436,"72099 Herrera Tunnel Suite 368 Mistyfurt, OK 60193",1020.0,Marisa Haynes,2018-05-15,SKU#0aa29904a5fe988a41cc1b680e4d7b77,17,kcantu@hotmail.com
3655619780,IID#e0c428aa4cd0eee567f7670d8ca34a8b,"582 Miller Lake North Juliafurt, MD 55399",2484.7200000000003,Elizabeth Lopez,2018-05-19,SKU#0160ecaa22c2946cfa62fd8e689e1f82,24,garciaperry@yahoo.com
4377312197,IID#325ba185fdf0e633f50449504076d443,"95622 Crystal Forest Suite 020 Margaretfort, MA 98624",766.6200000000001,Steve Lewis,2018-05-23,SKU#2b0e63420f5cae3932461d8c74a9e788,18,wjohnson@hill.biz
7402827271,IID#ead52e624ebc455d5de40d62bc8a356b,"07044 Patrick Mall Victoriahaven, NM 42151",2275.36,Catherine Wade,2018-05-31,SKU#d5b18e724efca67d16ef493ad8941281,16,starkhannah@yahoo.com
9782752659,IID#1822f3788c107b2f21875aa1c5f37e80,"3405 Sanders Throughway North Johnny, WY 43700",2254.2,Debbie Miller,2018-06-03,SKU#fc91658bb81ea407fd37a59d65f0d86e,20,stephensontammy@gmail.com
1787045199,IID#49c91a6b0b8db54d225f1ee754c87b8d,"634 Patterson Ferry Lake Connie, MD 78892",2855.7599999999998,Matthew Davis,2018-06-08,SKU#301657e2669b4c76979a15f801cc2adf,24,hlarson@miller.biz
5386470243,IID#4ee30087d852e786a33bad73db043c67,"7682 Michael Drive Tracymouth, OK 04761",2380.13,Francisco Hart,2018-06-08,SKU#0b0d4b77b1494ca873f4311cc88a9fde,19,jwatson@thompson.org
4610753536,IID#dbd636189cf986f7c428cefeaeaa3d18,"303 Cherry Islands Barrville, UT 42796",901.53,Brandon Turner,2018-06-11,SKU#86ae25fd8fc8ff16262133e5e6b578bc,21,bonnie77@pitts.biz
3191277522,IID#e4b6ab528beb04b653492831edfd674d,"PSC 9609, Box 9612 APO AE 87157",2100.64,Alex Hayes,2018-06-12,SKU#693e9af84d3dfcc71e640e005bdc5e2e,16,ascott@warren-johnson.com
3663517608,IID#c0821c0d665ce72ac06bbf2b552388f6,"95282 Michael Glen Suite 216 Jamesfurt, AL 61002",2154.88,Elizabeth Lawson,2018-06-13,SKU#a3e4a389dc43d310923fb62d5ab16a1c,16,sheppardcody@meyer.com
0410301902,IID#6f37c0e8fe94fb7d06a23d4358498568,"306 Vasquez Forges Shawshire, KY 07165",2458.2599999999998,Kristen Adams,2018-06-13,SKU#3b8883ab58438b245c89bc76ee848752,18,ckaufman@hotmail.com
0367734293,IID#2e0039f99425860185468c12c9f564f2,"USNV Clark FPO AP 85861",568.3,Robin Harris,2018-06-14,SKU#4df019b7bb2ba1e54ed725a85be04261,10,williammora@hale.com
1094708985,IID#b34b8a7b9dfd88f695dfcb65dda13041,"106 Natalie Mountains Suite 278 Mcphersonville, NC 28351",894.2700000000001,Gina Odonnell,2018-06-15,SKU#b85026155b964b6f3a883c9a8b62dfe3,13,kirktara@hotmail.com
0909609509,IID#8f859e132657a738a1185bc432e6b88e,"99908 George Squares Michaelview, MA 11627",374.93999999999994,Cheryl White,2018-06-15,SKU#d585e8dcb6b35de1212e2b54b34c3eef,9,williamperez@gmail.com
0737612752,IID#2e0937114963d89c71549d0a30a9e226,"0550 Curry Lodge Apt. 663 East Robertview, UT 39190",2281.84,Jill Wheeler,2018-06-17,SKU#4f77e9239aeae4a2e6712352bed67091,22,khartman@williams.com
0066184866,IID#489fb95a6fcae8fabc5c5e3cc8962aec,"87075 Jeffery Manors Cartermouth, NJ 48010",1682.3999999999999,Sarah Fritz,2018-06-26,SKU#53549731972ee564bcb8ca0cc2ba60b0,12,mcmillanjeffery@white.com
8796039834,IID#23a2b7e4e41d6883f403d8b77c6fd782,"28452 Cole Mews Apt. 152 South Sarahville, OH 34694",1360.44,Todd Morgan,2018-06-28,SKU#56f8973f2639280b45ca0ac1ffc486f7,18,medinadustin@mitchell-salazar.com
0182260830,IID#0b4b4be3766edf85562343c69240a807,"PSC 3137, Box 9160 APO AA 02679",1418.0600000000002,Terry Hill,2018-07-09,SKU#790d869f1712d38358a3f692f5e1484a,14,wilsondennis@jones.biz
0623168584,IID#4a5417efd558835438e899bc31286ad8,"08520 Nguyen Inlet New Jasonland, DE 17110",2347.7,Darren Cook,2018-07-20,SKU#29003687900cad69c06a7907f2738e79,17,lisa37@hotmail.com
0588917690,IID#d24550ca638efbf38149af16cd4707d6,"7984 Williams Creek West Ryanfort, WY 05193",2505.0,Julie Smith,2018-07-25,SKU#f66bbd2e5ab92eb20b68e23e0e7e2865,20,ssharp@yahoo.com
0343055995,IID#3438b0b1307db00b03375d31f2274652,"Unit 0136 Box 4140 DPO AA 93538",1845.2000000000003,Thomas Young,2018-08-02,SKU#385592b8ece89d5bb6c8ff79b132c562,14,lsmith@mcgee.com
3269283561,IID#f3288f82adfc360b35d2bd4eac81d1ec,"545 Williams Mills Suite 636 Davenportfort, DC 37051",1167.02,Robert Stuart,2018-08-06,SKU#ea331ac42de50273f00ee4b73fda90ad,23,mezakathleen@stephens-ayala.com
4460247797,IID#57efd9a1234322fbc29688e1c0459c76,"55286 Thompson Run Port Monicashire, ME 83489",564.0999999999999,Samantha Jones,2018-08-11,SKU#7a092925340c3faec22d7576a4eb7c5f,10,eric21@gmail.com
3840183829,IID#074298cf08a0cc2445d732fa6f14e518,"11201 Sandra Spur Apt. 935 New Ann, WI 93978",1348.48,Maria Mason,2018-08-13,SKU#345f88ce26c8fc82bc36f330303c1068,16,yalexander@hotmail.com
0355044790,IID#788099192529c4d80a9a5e5bc6093060,"2627 Andrews Alley West David, GA 94198",1398.76,Carla Gaines,2018-08-14,SKU#01734878c05d2dded8c726a622fdba9e,22,juanross@yahoo.com
6676445641,IID#c515e23d5c066029ab0123ab830fe8a9,"632 Bell Islands South Gordon, MT 67718",1480.31,Whitney Nguyen,2018-08-16,SKU#443e36e2a145d6a6dfa8fb6f120f0e1b,13,amyconway@hotmail.com
6658442557,IID#7dffcb313266b303a266f420bf040594,"7732 Ryan Spring Suite 024 Villanuevaborough, IN 42394",732.6,John Smith,2018-08-19,SKU#18412ecf95f7d37728e82f88932e60e8,18,twarren@cummings.net
2495727550,IID#a3d42a150c3a7273bdbc657efd495ef4,"6623 Joseph Brooks Suite 492 Harveybury, KS 26015",115.8,Monica Walker,2018-09-01,SKU#ce5d3eab1fcbd68c99e6292cab237c86,4,ashleenoble@williams.com
2276303898,IID#acee003c466d6070cb96033f97ce3869,"9824 Finley Spring North Heather, NY 38510",866.8799999999999,James Ayers,2018-09-04,SKU#2e715b7aec9cd1260982b62b78432cd9,9,odavis@gmail.com
7734610710,IID#d52fb13e7c32661b7b796ef51306d0bd,"859 West Lake Apt. 157 Lake Carolinemouth, WY 46307",1037.2,Sandra Hughes,2018-09-05,SKU#4f77e9239aeae4a2e6712352bed67091,10,hmiller@gmail.com
6536589032,IID#8ed2f7fcd655619a8a56bc7e4f35307e,"665 David Springs Johnmouth, CO 74854",832.04,Renee Lee,2018-09-18,SKU#915efde7e9cc34efd7d3feb1c3aba400,11,qperkins@yahoo.com
1347941329,IID#51cd7a930542d0bccabe107936d12377,"Unit 2003 Box 6956 DPO AP 00861",1170.0,Carmen Vazquez,2018-09-19,SKU#6100ca818d4e71ce540663f9a2406ca4,12,brookemiller@hotmail.com
6666227052,IID#2ed414c90ebad4b5e78657e0797eb00f,"308 Farmer Cape East Leviview, VT 65753",2494.35,Tara Walters,2018-09-25,SKU#f38f0b959cdd64bbbc5d73c2c24fddcf,23,brian04@hotmail.com
3773211665,IID#458ec30d0ea78d74496cca3ebc67b609,"7516 Carrie Fork Fosterport, MD 12943",1170.96,Linda Kennedy,2018-09-27,SKU#7622214b8536afe7b89b1c6606069b0d,12,montoyakelly@smith-wilson.com
8057300705,IID#a3a86d6ddcf43344e0ad3813f060c7de,"695 Trevino Forge Apt. 951 New Joshuachester, DC 15011",1210.08,Rebecca Trevino,2018-10-04,SKU#ebe28db082660b55fb94f6121a65fe65,12,john17@yahoo.com
2462191110,IID#0d9f8b0186d9c6c3cea2f3cfe1f9703f,"2791 Edwards Island Timchester, OR 75702",287.65,Deborah Hill,2018-10-07,SKU#0e9b775b7a252cde132821fd71d72969,5,qcohen@yahoo.com
5844522309,IID#0e26fe725a883e0d7cd053d0ea0cf9d0,"7637 Jeffrey Junction Apt. 357 Marcusborough, RI 12391",1005.1599999999999,Andrew Martinez,2018-10-14,SKU#eb74234cb882f0fedae27f0b9e9957d8,13,lrodriguez@gmail.com
1549822263,IID#a6f2b50acdcca75b5e46bbb9e6623497,"55232 Alex Curve South Heather, DC 98356",511.5,Alexa Rivera,2018-10-24,SKU#3f2829b2ffe8434d67f98a2a98968652,11,michelegonzales@osborne-jackson.com
4249312899,IID#730e6040d0541913771f38143d8dd155,"3071 Haley Rapids Suite 826 Lake Colleentown, NE 01914",1714.8,James Simmons,2018-10-29,SKU#e7633aa6a479bbbe82dbe794126bbeca,15,oreyes@henry.biz
8724379170,IID#ede37010718e3982f650d72af9d1f199,"51341 Perry Place Suite 019 Martinbury, TX 36628",2124.75,Jessica Jackson,2018-10-30,SKU#3f1151e276816a851f7d8b831a109e59,15,atorres@mills.com
9721555578,IID#2e8e077caceafe0c159e09e40792047c,"9914 Erica Square Johnsonshire, UT 45235",468.59999999999997,Regina Clark,2018-11-07,SKU#436dde36c9fc294189932638f3789898,12,mcbrideshannon@yahoo.com
8294996831,IID#6ba80559044d04aa39cb68bcdf6ab0e2,"1074 Simon Shoals Suite 252 Brookestad, FL 55091",687.4499999999999,Helen James,2018-11-08,SKU#68cf4c147c95c7e6a1e5a6ee6dc7a185,15,michaelchapman@gmail.com
1839220808,IID#edecf719b6607d2a721fa589442a54a8,"333 Brian Camp Apt. 582 Cynthiaton, SC 68062",1901.7,Brandon Wilson,2018-11-08,SKU#bf4c31c85e0802a52a6aad0e3ae4578a,15,christopherspencer@hotmail.com
1364174607,IID#04dfa4e025bef7adc8e1eb53b00f4794,"42878 Jesus Parks Suite 184 Dustinshire, AL 76355",1632.8,Marcus Johnson,2018-11-09,SKU#a9320a41ac8208a54979900a8ff67dd9,16,griffinmichelle@gmail.com
1582461079,IID#4b0d4579e88eb069c57ea97e48cafce0,"621 Joseph Stravenue Dawnville, SC 37974",1654.02,Sharon Kennedy,2018-11-10,SKU#537fd216abb1e2cad053594cc91eb955,18,victoriabutler@gmail.com
2508547247,IID#9f03867da1cd29aeb5975134b49beaed,"458 Dunn Land Suite 397 New Christinaville, AL 77511",238.84,Troy Schmidt,2018-11-13,SKU#f536fbf78e26387affb82ee89943b870,4,hallnicole@hotmail.com
6159291865,IID#b665b6d9eb72746581ffaadebeab8ef7,"054 Ashley Center New Joshua, WA 27255",1505.14,Daniel Nicholson,2018-11-18,SKU#2d14244e3f3a05e2d572a13ab80b7761,13,michellehoward@carlson.org
6723482710,IID#aea1eebd006bb7349e4fdd62c2761755,"40766 Scott Tunnel Suite 808 New Jillbury, WV 91481",463.79999999999995,Melvin Mason,2018-11-19,SKU#3ec27034eb407f4e005c159122e327fa,12,oford@gmail.com
8101631875,IID#0ef8ba03dc464280fe9605ddce78bd04,"46474 Brown Loaf Apt. 416 New Veronica, ND 59633",1822.6,Charles Scott,2018-11-26,SKU#53549731972ee564bcb8ca0cc2ba60b0,13,taylorian@yahoo.com
3051345120,IID#0386d9ab5219c65209a39b4b8fdda54a,"59810 Jessica Dale Apt. 948 Spencemouth, MS 64678",1231.72,Chris Franklin,2018-11-29,SKU#c3664b673d90c603447db7c2d2bbc5e7,14,julielarsen@yahoo.com
1994546793,IID#5c9fd324e3361c0e80cf218015277066,"4356 Brown Locks Port Amandaville, IN 22168",1145.1000000000001,Amy Wyatt,2018-12-08,SKU#55712f2f2f21a8321b9ee45d40b89091,10,mmaxwell@murray-lane.biz
2503137928,IID#441975cdc45260ac9f3be93b947c5083,"4695 Jones Summit Heatherburgh, KS 88272",2422.67,Kimberly Christensen,2018-12-11,SKU#7dea362b3fac8e00956a4952a3d4f474,17,kaylarobinson@gmail.com
6524711624,IID#5d22695a0aca10381c02b00dc4f1348e,"39743 Jeffrey Path Matthewbury, WV 78732",1829.96,Scott Kim,2018-12-15,SKU#f679f386067f41d85d54dd9d53f46e62,22,christophercolon@dawson-beasley.com
6451301139,IID#94579e64309b98038026ac268b8123fa,"12839 Tracy Brook Maloneview, CT 53794",1736.3999999999999,Elizabeth Santana,2018-12-15,SKU#4ac4df397d427c2b3ddd1b728188213d,12,vjackson@jones.com
5855711565,IID#8f9cd78e3dc9f5cefba0f055b591b1ce,"293 Flowers Islands Apt. 224 Lake Robertbury, TX 16743",2420.98,James Carlson,2018-12-20,SKU#c402ea01f458a9dfb9e0fafa0c5eb21e,19,parkerkaren@hughes.com
0389256692,IID#58da40b37db9e0070476e901a2fd8888,"03587 Benjamin Streets Suite 827 East Christopherborough, LA 28700",539.0,Paul Johnson,2018-12-21,SKU#5ff7d39f746825178890c870b0e6562d,20,lynchrobert@chang.com
3436887849,IID#d94b8bd725b1ad7267f7882a282edfbe,"819 Susan Road Elizabethbury, UT 40634",1003.86,Ashley Kirk,2018-12-22,SKU#4f8314c91ac9fe6397eafe6355213999,18,dana28@powell.com
6400981865,IID#ab9a288e336e51250aa2d2dff113753a,"800 Smith Plaza Suite 214 North Diane, NC 67687",1162.14,Christina Lin,2018-12-23,SKU#ca49dbf0ed653ebdd3d2ad1ed23d6047,14,briggsjustin@lester.com
3322496827,IID#7ea8e0231e2e9a0a72790062f84f9164,"93136 Jamie Mission Apt. 693 North Ryanstad, NM 40946",1623.86,Darin Thomas,2018-12-28,SKU#645605496ac18d914435ec4427573da7,14,gilesanna@terry.com
4092375810,IID#629a633322e6537455ce372619607014,"Unit 4455 Box 8234 DPO AA 01389",1771.8000000000002,Gilbert Smith,2018-12-30,SKU#e9ec8abba3c25796e027afd2cd2ef77d,15,rfoster@gmail.com
7286290786,IID#78e03c7426100132021d605f2c14e309,"PSC 7547, Box 2727 APO AE 37714",1461.13,Charles Hall,2019-01-08,SKU#310614b10980392ebdb5a5a8b90b527c,11,rollinsmolly@hicks.biz
9928650815,IID#ad4bffe1ddd3df7ecca3fe4340b5e278,"0341 Meyer Viaduct Apt. 474 Williamton, ID 64558",1131.01,Terri Fowler,2019-01-09,SKU#f00cce6ef25de2d633f344b62423863c,17,meganwright@jarvis-smith.com
6415172339,IID#5d5c6aede8e2c0027c18cb7f35f52455,"77433 Smith Crossroad Suite 165 West Holly, OK 64923",1030.26,Abigail Campbell,2019-01-21,SKU#b0b764a59edaf25c75cc6c1ffd6442a2,14,julie26@hotmail.com
5392962718,IID#d2ffea568278e87bce8c3b9bfcc8cb98,"01335 Bethany Mount Apt. 689 Port Joshua, NM 25277",1777.36,Kim Kent,2019-01-28,SKU#19c55b6aa760d80b828127613ebdd257,13,nguyenrobert@gmail.com
5248137387,IID#8f388dc74531b03422b1cfe964176ea9,"7858 Brown Plaza West Bradley, OK 47269",2200.39,Tina Kelly,2019-01-29,SKU#ff035bff2dcf972ee7dfd023455997ef,19,vazquezsamuel@williams.com
0046970890,IID#cbf49ab914a8e8ebc0851473be192014,"570 Mary Loop Suite 341 New Dillon, HI 37798",2281.5,Steven Lawrence,2019-02-11,SKU#60c6b126049a35e50fffeadf17279275,18,umosley@frederick-jones.com
3409688718,IID#89c513c1f203b8e3dccbf9338627caa7,"390 Rodriguez Locks Smithside, NY 44186",1802.2199999999998,Lori Brown,2019-02-12,SKU#9adb218fe5fbdc211907c36cb81efefa,14,nathaniel01@yahoo.com
4046437920,IID#e07e684442a143fe31bd07420ab38c02,"9519 Kayla Spurs Apt. 190 New Benjamin, TX 76128",1285.88,Jennifer Edwards,2019-02-13,SKU#915efde7e9cc34efd7d3feb1c3aba400,17,sking@hotmail.com
8636170292,IID#fb8d090cfa4c11980ad1f292ace8080f,"245 Allison Stravenue Suite 467 Nicholsview, GA 84484",1245.4399999999998,Patricia Henry,2019-02-13,SKU#871bdd96b159c14d15c8d97d9111e9c8,14,tammy57@calderon.net
8011592588,IID#6815dd25b157fd6b8010e60ffba8292a,"54206 Mayer Green New Vanessafort, LA 44892",1602.12,Walter Anthony,2019-02-26,SKU#15120767b40b12ccc180202acd5b968a,13,alanking@anderson.biz
5487219806,IID#b96017388a2551265f1802ead683e78a,"USNS Lynch FPO AA 04811",1759.95,Jason Gallegos,2019-02-27,SKU#d3e4c2fefeea6e6c467df305f7a8f3af,15,millerwilliam@vazquez-norris.biz
2417014331,IID#b9f1bd0432b5e995ac3dade3eebff445,"6559 Gregory View Apt. 539 Lake Kaitlinbury, AR 76550",711.26,Karina Campbell,2019-03-03,SKU#07d9b08eaa0a26f9771ee72f21e2b29d,11,taylorgray@reynolds.biz
2588107007,IID#bbf4db2e2c356c65d411daa89a8477ce,"591 Rodriguez Mountains Apt. 039 Christinebury, FL 62696",2126.3999999999996,Jordan Clark,2019-03-09,SKU#f7baa0ef2a6e106253085d6c0a5c0f03,24,iingram@hotmail.com
9741851201,IID#bb1a5cfcdcd868aac7d5175a54a9fbf3,"59039 Whitney Junction Suite 439 Anthonyton, VA 78075",892.65,Caleb Villarreal,2019-03-10,SKU#985f599bb4b81c01d5b5d16ad241d5ed,15,walkersean@yahoo.com
6233025588,IID#d2e5ecd206188ef69dddc0c64f144c0b,"7484 Jackson Islands Suite 239 Johnsonchester, LA 11746",1164.96,Adam Cole,2019-03-14,SKU#b9d0bbf41234c5021f8d5f280421c4b6,16,jacob00@hotmail.com
6120397219,IID#a00d2d12e949b27886287da1ee21e9c5,"021 Monroe Plain Suite 058 Larryton, HI 48480",2083.86,Don Thompson,2019-03-22,SKU#73b0769c7e1578ecab158382bd2ad1cc,18,watsoncody@hotmail.com
5656804682,IID#de17f9e6e85a289f0cfd215531001112,"PSC 1552, Box 1847 APO AP 10748",1599.57,Danielle Hayes,2019-03-26,SKU#cc47869e3b4a5dedfc1831bb15dee3a9,21,phillip07@hotmail.com
7945579848,IID#4082b739e91516e7378438dfb6ada106,"4083 Julie Turnpike Apt. 550 New Lisa, SD 21600",1443.68,James Conner,2019-04-03,SKU#cb6e900d82976474d5ff525aa0ee2a77,16,nichole45@hotmail.com
8991246072,IID#6a0ca8a05214ad534b7474d05e254229,"USNV Bates FPO AP 20267",822.4499999999999,Tracie Lopez,2019-04-17,SKU#81e4bf29a6552cb0df60980b937ed4a3,15,stephanie81@gmail.com
0169693609,IID#e02726cbc67e093fe855d286c56e2ebf,"14855 Wilkerson Trace Apt. 691 Mariafort, GA 61260",774.72,Victor Smith,2019-04-20,SKU#be9a60d34f059d2adb8de94bcc620af6,16,timothyalexander@gray-becker.biz
0943842848,IID#c27943d19f2a987525f35891c8487e1a,"6756 Joshua Island Apt. 247 West Christopherview, IN 86402",2198.95,Julie Huang,2019-05-08,SKU#9ed6b7c09f17400369236fd54f28ca29,17,mgreen@lewis.com
2389378664,IID#7be386b2e51373d94ebc458ffe37d49f,"3999 Martin Circle Fernandezburgh, TN 63280",778.96,Vincent Sharp,2019-05-09,SKU#38397588c4d02f8b95c263852e9aee7a,14,perryann@hotmail.com
3840183829,IID#3c8227bc883b928f50459a34a3affbfa,"11201 Sandra Spur Apt. 935 New Ann, WI 93978",462.87,Maria Mason,2019-05-20,SKU#06c61bcbf2ecd1295dd9a282ae253546,9,yalexander@hotmail.com
7437931866,IID#0f0e6e02e0c4088d43b4fa44fc102ee9,"5198 Joe Court New Brooke, NC 47016",2054.59,Paula Peterson,2019-05-22,SKU#f09f35a5637839458e462e6350ecbce4,23,maria36@gmail.com
4895559069,IID#af3771daeb2516d698b2ef600ae00dbd,"962 Joshua Center South Rebecca, MO 70722",415.62,Omar Anderson MD,2019-05-23,SKU#3bc9355c2e32b02cd125e0bc6e008ebf,9,linda97@miller.net
8027671028,IID#3c7c079399b0ecd7cfa4d0740f90fc14,"027 David Land Suite 245 Lake Peter, MO 68939",946.77,Eric Bell,2019-05-25,SKU#a5b789490e210929d6f33c8547e6c457,11,lisa01@taylor.com
6159291865,IID#ade250a7972e4986c373819fdda9f0d4,"054 Ashley Center New Joshua, WA 27255",1879.33,Daniel Nicholson,2019-06-01,SKU#8edc22fedce822ad66c7733ea98784b2,23,michellehoward@carlson.org
7182664687,IID#196b6871b66e7f91fbcdfba38267ba31,"003 Murray Vista Apt. 677 Elizabethside, WV 16596",2172.26,Thomas Rodriguez,2019-06-11,SKU#88424e757f66efd36c624e534052284a,17,lovelinda@gmail.com
1839220808,IID#8fdf7b7e7512655cdf00572d167feb29,"333 Brian Camp Apt. 582 Cynthiaton, SC 68062",676.5999999999999,Brandon Wilson,2019-06-12,SKU#3b5d3c7d207e37dceeedd301e35e2e58,5,christopherspencer@hotmail.com
7869377763,IID#d74f8aa33298b083a8e29cc215e935e8,"343 Weber Dale North Michael, ID 57458",1246.02,Justin Thompson,2019-06-15,SKU#9b1a44b7ba3d3637eba0c5ae8817ba92,19,joepeterson@jones.net
5069819241,IID#2339aac3052d15b164ce3804e73c5d6b,"Unit 3395 Box 8387 DPO AA 32339",234.3,Deborah Davis,2019-06-17,SKU#4f6e98693c8493169c2fc6216447880f,10,stevensdawn@khan-wood.com
6204080374,IID#ef06ff80a335299d0ccb1fe5807163e5,"01763 Lydia Views New Shelleyville, ME 86515",882.18,Manuel Evans,2019-06-20,SKU#231323658d79d9bdf946e1cfbe01e500,13,wheelermary@yahoo.com
7371852171,IID#58661f880ffe7949827c66b4ae1be7ff,"4469 Angela Row Apt. 602 Lake Rubenhaven, SD 19095",2250.54,Sara Hughes,2019-06-21,SKU#01b53ab60d1307f1db2f793377d3af08,18,nicholsonyolanda@gmail.com
1994546793,IID#fc84a41ada1e3a1b61542cbc187b7036,"4356 Brown Locks Port Amandaville, IN 22168",2023.51,Amy Wyatt,2019-06-25,SKU#ad6bb3e05acf6e8dd707be7f2659ccdf,17,mmaxwell@murray-lane.biz
4451655124,IID#15da76cd02e53033dcfb011aca9d45e9,"97785 Miller Pines Suite 040 North Dean, IA 42713",1769.04,James Ashley,2019-06-25,SKU#d898504a722bff1524134c6ab6a5eaa5,21,tammy31@yahoo.com
6596997593,IID#45ea2d9bb37eea47e43b2cdbdaa9a129,"0736 Williams Loaf Mcgeetown, KS 84124",1107.3400000000001,Angela Hicks,2019-06-30,SKU#2b0e63420f5cae3932461d8c74a9e788,26,twatson@peterson.com
3655619780,IID#2fed40eff2ef566ddf49879708018e83,"582 Miller Lake North Juliafurt, MD 55399",1293.1999999999998,Elizabeth Lopez,2019-07-05,SKU#07d9b08eaa0a26f9771ee72f21e2b29d,20,garciaperry@yahoo.com
4975829799,IID#4a2e7089c663f20f9b1eb8f199bdf499,"70457 Jennifer Trail Suite 571 Robertsonland, VA 90253",370.62,Kellie Little,2019-07-14,SKU#4fbdf7f6dc31f3ba119d36b1a9bc424d,6,ramoscassandra@yahoo.com
4143397469,IID#3c44c61bd49f75ec11386aa9bd98cc8b,"585 Debra Parkway West Michael, NC 33557",988.3800000000001,Patrick Ellis,2019-07-15,SKU#dc63172a798a0445eb28d0faa053ef42,19,hjenkins@preston.com
3160805941,IID#38cba8e31038903a465399b30801d7a1,"Unit 2587 Box 0017 DPO AA 80150",3196.0,Renee Brown,2019-07-17,SKU#cff66c68196faa687b6cecb8de3ffcb5,25,davidlyons@wilson.info
2971708051,IID#8689911b3c5ff1550e3322f6d6931424,"849 Lopez Oval Suite 445 Deckerstad, GA 84444",1651.72,Stephanie Wilson,2019-07-27,SKU#7fbffde9ea365fc0350eb9af2a0570c4,14,johnfischer@brown.com
7279222581,IID#540c4a42dfec2ed2e6070e7269db366c,"766 Patty Pike Apt. 183 East Melissa, NJ 92045",860.2,Eric Sanchez,2019-07-27,SKU#70a5b182abcabd5413836e3bf1a60299,17,floresamanda@gmail.com
2485379871,IID#f558e40eb79e299c3d10ce16cd1a085f,"67791 Christopher Views Suite 151 Grimesport, MN 35467",1252.3,Laura Hancock,2019-07-31,SKU#97282b0e263c50158e7a172121775f44,10,joyjones@jacobs.com
6105549167,IID#54fbc1f8e570f5142ca84a553111ee6f,"99261 Joshua Underpass New Alan, TN 43137",2157.92,Karen Martinez,2019-08-05,SKU#618d5a49e6251bee9bfbe75c474c1da4,16,areeves@mills-lyons.com
3419404648,IID#51efff7ab2585587b84f067c25a3e22b,"6635 Poole Station Carpenterfort, NV 31871",386.36,Tamara Conrad,2019-08-05,SKU#55b53f1413edc16c71b2ed8377f7cebf,13,ashleyclark@gmail.com
4880440333,IID#c7b92a04b763fb6baa477a7cbe86520e,"61159 Jason Courts Jackieside, IA 83081",1487.8999999999999,Tiffany Levy,2019-08-05,SKU#5d52c133dbb0c7dda6de26ed1ca2c54d,10,barbara01@blevins.org
6163397848,IID#6c3acf1fce0a43d4e125b18f96d32555,"USNV Morris FPO AP 45975",1755.0300000000002,Ronald Reynolds,2019-08-07,SKU#b32c51643fff046804f47c9b2f947f49,19,raventran@hotmail.com
4285782296,IID#80a57a4bee496534ae1b8a19661e9e21,"736 Ray View North Larry, LA 61923",2814.63,Shannon Adams,2019-08-11,SKU#5206cbaf5529838446357387ef409f1c,21,brianmorgan@jackson.info
1436704258,IID#157aab349dd11cc5bf42aff6add1040c,"56024 Hudson Station Lake Katherine, OR 60049",851.4,Jenna Kelly,2019-08-12,SKU#bf471a8e510e61a31dfbb1696594d56d,20,larrycohen@williams.com
2969526691,IID#1246fc3f63a5580618606246436298c1,"56087 Brooks Village Lake Williamshire, OH 62851",721.56,Theresa Ritter,2019-08-12,SKU#491d4857e02191839fe07d27d2aac519,14,bauerhayley@cordova.com
4692929918,IID#4b0c248c9700b3d1e568e2480198e586,"5010 Jackson Meadow Suite 867 Watsonland, LA 41085",764.8199999999999,Jennifer Huber,2019-08-14,SKU#5fcfa8adf29eda71e622d3242e753a65,6,tbanks@webb-gonzalez.biz
2631126172,IID#73cd1cb3b82cd6df9417977e1eaad052,"9890 Morris Lights Suite 957 Cunninghamton, FL 14564",2047.5,Jennifer Kelly,2019-08-14,SKU#6100ca818d4e71ce540663f9a2406ca4,21,tamara23@valenzuela.org
8009570416,IID#a8c4719ffb061b7f2d5d5c4fb58afed7,"28721 Mendez Key Suite 897 North Wayneview, OR 02681",1978.2,Richard Myers,2019-08-18,SKU#d3fedce0593b389ea95e2f0abb26a14d,21,fgreen@brown-wright.net
7266651476,IID#58f2088db0ab5dbee1c7e7acedcf6d38,"116 Joseph Brooks Apt. 730 West Shaun, RI 05727",1168.7400000000002,Sharon Owens,2019-08-23,SKU#a5918ee1d73725c199f00b9d09e9ef4f,18,aaron49@yahoo.com
0721502567,IID#810ba3aeace4d731da938bad9e5839ef,"2996 Cook Light Griffinfurt, NY 69038",2297.46,Shelly Collins,2019-08-26,SKU#435eae56fda2f77c534ce3c916573cf3,22,tanyajohnson@jones.com
8452830637,IID#2211b1652629c455bf16cf1803ea9322,"881 Cameron Mall Suite 705 New Hannahton, WA 98433",710.8199999999999,Kevin Campbell,2019-08-27,SKU#3045fd5bd59c01d8e5a91f514e8e9262,6,martinezanthony@hotmail.com
9127956104,IID#8a6c766ae39f4c76617576b5718e55ce,"8188 Amy Drives Darinburgh, MD 39814",1041.1,Tammy Gross,2019-08-27,SKU#bf619eac0cdf3f68d496ea9344137e8b,10,lbrown@deleon-morrow.com
6574015691,IID#b509530952be236d41ad0f22d1ed033f,"081 Love Motorway Suite 382 New Ryanchester, CT 12287",2714.34,Tristan Petty,2019-08-27,SKU#3253ce1786d33d345bb622d8fcbfb2a7,19,sbooker@yahoo.com
9863488496,IID#396bdee83182c7f59ecc0fbb31bb8764,"13212 Greer Curve Webbside, SC 18346",1339.1999999999998,Phillip Harrison,2019-08-31,SKU#7d0a27db87cbd4243eacad312e5d7f41,24,evansbryan@hotmail.com
8031866320,IID#0dce21c5f47560408e628a199a800983,"812 Kaiser Prairie Suite 608 Thomasstad, PA 89184",948.42,Jane Nichols,2019-09-02,SKU#ab61a1de6d87087e6d66fd274b7fb7f5,9,millerbrandon@gmail.com
0063973773,IID#0f832fabc526cd63829ff6cb80f4307d,"5261 David Cape South James, UT 50267",424.65,Carlos Young,2019-09-13,SKU#251a7e1401487e69a415fde9d5128b27,15,kathleen86@kennedy.com
6775322661,IID#5f220f22cf48989b773864b362a5f335,"8042 Sue Light South Michellebury, VT 21454",2570.89,John Hernandez,2019-09-16,SKU#8790564f0bd9d9cdd1bf9b83b761e607,19,paula97@tucker-le.com
2969526691,IID#f1c16aecb2d9440b91fcf38117f069ce,"56087 Brooks Village Lake Williamshire, OH 62851",289.08,Theresa Ritter,2019-09-30,SKU#aa5cc31a55a17c79fa3ccc1266d6f0ad,12,bauerhayley@cordova.com
1994546793,IID#d3b586912b0699d455af955612d8828e,"4356 Brown Locks Port Amandaville, IN 22168",1493.52,Amy Wyatt,2019-10-04,SKU#2b33bff451316574ec905448efaad2bf,12,mmaxwell@murray-lane.biz
2132647307,IID#64c552100fa204dfb26a166496e23755,"113 Smith Knolls West Erica, TX 24011",497.4,Michael Day,2019-10-08,SKU#174dd930129aabe1739c4ceb4aee97b8,15,alopez@yahoo.com
3419404648,IID#81b14a14c49a28f22a50bf3b297af5fc,"6635 Poole Station Carpenterfort, NV 31871",389.79999999999995,Tamara Conrad,2019-10-15,SKU#f7458cbaa064f1b2ece4f685559cafac,10,ashleyclark@gmail.com
2397450058,IID#a2e7441cd5c03e472ec9cfa810c4a61c,"8704 Jeffrey Oval South Stacyview, CA 37806",955.0500000000001,Robyn Boyd,2019-10-20,SKU#e7ed02038dd444f75b03cadb7c35b13f,15,michaelhanna@gmail.com
0400829755,IID#c02b5c3bbd19efff8b4d0f143ebd0fcc,"116 John Greens Lake Meganborough, OH 26527",2000.25,Hunter Robinson,2019-10-22,SKU#34551e3e409bad979a917dab6912e1b1,15,urivers@duncan-jones.org
6292942016,IID#8ccc8379f9e9d0fc0ee12c7d2bc23188,"PSC 2657, Box 5164 APO AP 52347",2093.94,Nathan Peterson,2019-10-25,SKU#3189de1ff1f8afed0f70e352dfcd2abb,18,imorrow@gmail.com
9667190120,IID#61cebb374391b62eb13bdb7a31305927,"Unit 5200 Box 4960 DPO AP 86003",1158.38,Brandon Holder,2019-10-29,SKU#024cf4b49c3c023c7834a1c0e0da523b,17,tonihoward@cooper.info
7113781826,IID#b4c55c79544b68bb069f8586ebd8557c,"96166 Eddie Plain Perezland, SC 91430",1770.0,Alexandria Harris,2019-11-01,SKU#bec4473fc43b77e28e60f89da4e29c00,12,alyons@hotmail.com
4598460979,IID#9e9d364aa1e888e2ea2e3a443f9f43eb,"358 Lewis Island Apt. 716 Roblesshire, NC 27638",974.4999999999999,Joe Wright,2019-11-12,SKU#f7458cbaa064f1b2ece4f685559cafac,25,ellisolivia@hamilton-chambers.org
1930551398,IID#1b4b8f15c07cb5f435092369caf04379,"USS Kidd FPO AP 45162",1218.48,Lorraine Anderson,2019-11-22,SKU#58f494c2a0fb65332110fb62ae5c4a74,12,osmith@yahoo.com
4208682499,IID#d4011dbeeb82d1116a3509e50816dd4e,"054 Thompson Lakes Parkerton, SD 04513",2487.95,Leah Marshall,2019-11-23,SKU#d4897692e4e8fd9d6057240671619925,17,cynthia05@martin-jones.info
6596997593,IID#8c487dda558036b539d45fef6219a26e,"0736 Williams Loaf Mcgeetown, KS 84124",711.26,Angela Hicks,2019-11-26,SKU#07d9b08eaa0a26f9771ee72f21e2b29d,11,twatson@peterson.com
2123921059,IID#48e79328e332865d2d828cc5ec2eb5b9,"6463 Young Lakes Apt. 723 Eduardofort, CO 79814",2181.9,Megan Webb,2019-11-29,SKU#78d9c664c638a1d59b95c322a29da3f9,15,christian08@harris.com
7757904075,IID#c1d144c46bd6c3f102b24778281e753e,"5422 Michael Knoll Susanborough, LA 38505",685.44,Laura Thomas,2019-12-01,SKU#2c02751412cdd185c01b53630e4fb8d2,16,hfuentes@gmail.com
5541691536,IID#72f20ce7e433dec37bb34c58699dd5ba,"Unit 4030 Box 1187 DPO AE 21230",1395.84,Jorge Barber,2019-12-06,SKU#dc30309781dc98cce673a1a2091b7954,12,erinjacobs@larson-payne.com
1436704258,IID#3777ed4061f32a50fe45fa7fbe5ecc87,"56024 Hudson Station Lake Katherine, OR 60049",1203.4099999999999,Jenna Kelly,2019-12-12,SKU#d26937a0a615266ccd9fb199e7fb7fb9,13,larrycohen@williams.com
3750311149,IID#95b1afe5489067d03893f8b56043cc91,"06730 Stevens Flats Brandonbury, GA 57982",1110.48,Henry Stone,2019-12-15,SKU#b7d01d15f7334eed7ea235515822f7d5,14,kcarson@carr.com
2075528693,IID#13a6102a9e381bedb097455df5c2bad8,"PSC 7057, Box 6975 APO AA 03497",2179.65,Rebecca Randolph,2019-12-17,SKU#aceb486e7e4b2d2f1c5f2328b503502b,15,radams@smith.com
9615110657,IID#0a8e106c40b045ff275b57504033496f,"36890 English Harbor East Christopher, MD 07349",1727.52,David Skinner,2019-12-18,SKU#ea520dfad40b4e1c1c6a749d82e4a2c1,16,rwallace@yahoo.com
5431883442,IID#657ef86e9b0070797d06c930e74fb78c,"PSC 6572, Box 7042 APO AP 39385",2996.5,Stephanie Brown,2019-12-24,SKU#c54104d7894a1941ca710981da437f9f,25,bhernandez@watson-floyd.biz
5790711254,IID#76acb3c83f23e6cf4cad98e7f62219f5,"463 Patel Springs Carlosfurt, VA 84644",896.8699999999999,Maria Jackson,2019-12-24,SKU#05169e0f72370d5c723c60555d9d9370,13,bwilliams@taylor.com
6807655876,IID#a900745e2351b16d830a02762b3ef04f,"PSC 3423, Box 7237 APO AE 94378",1141.92,Sherri Savage,2019-12-27,SKU#2f0f98115f17f2869c1f59ba804af077,16,jstewart@hotmail.com
0124158052,IID#a795a586e8624d43fd45b3cb5cb72bbc,"73512 Richards Orchard New Seth, VA 25814",821.84,Melissa Taylor,2019-12-28,SKU#f38284ed47516389c1d0d0369b7b56cf,8,lowerypaul@yahoo.com
4338654395,IID#12eee5c1deeaa351fd5fc66c50c6154e,"392 Michael Points New Thomas, SD 05814",1691.67,James Hill,2020-01-03,SKU#60ce29a6c4bb1d07174505537971423a,17,stacey54@yahoo.com
0867627561,IID#e2df34485438a20b1768df72d7aea33f,"Unit 0408 Box 7978 DPO AP 50106",1916.7,Christy Reed,2020-01-04,SKU#88424e757f66efd36c624e534052284a,15,kathleenanderson@higgins-watson.net
7182664687,IID#14e3400e3cc8d0bd1c4ed109ed428f26,"003 Murray Vista Apt. 677 Elizabethside, WV 16596",739.8000000000001,Thomas Rodriguez,2020-01-19,SKU#a44d27dd9c5fe19d8b1fe7253ec80523,10,lovelinda@gmail.com
9664953794,IID#14144f095b103857e94b21c54e3a9368,"71285 Johnson Path Apt. 173 South Annamouth, NE 34443",506.48,Courtney Caldwell,2020-01-20,SKU#e5f8288470cf8bd14097505081e6341f,8,ejohnson@luna.com
7520157291,IID#e08224cb82be3d41c88870af7ea79aec,"66555 Russell Throughway Larrystad, WA 89297",1158.74,Rachel Case,2020-01-27,SKU#f3c8bdb6b9df478f227af2ce61c8a5a1,23,arthur23@green.com
7889879593,IID#64971b893d2c3f8ed3a9657f24ebb63a,"PSC 0247, Box 8913 APO AA 66113",985.3,Katelyn Valdez,2020-01-31,SKU#c95483c701c7fc677e89f2c44f98a30b,10,kpeck@hotmail.com
2305641796,IID#91968be0350c181bba94f9574dd4f905,"PSC 3408, Box 2441 APO AA 77274",1763.24,Frederick George,2020-02-06,SKU#4f77e9239aeae4a2e6712352bed67091,17,romerodanielle@woods.com
2462191110,IID#2973807075879d1536bd21575427a3d6,"2791 Edwards Island Timchester, OR 75702",668.64,Deborah Hill,2020-02-06,SKU#7c97756c2c035ebcfe9208dd86591df7,16,qcohen@yahoo.com
4115726807,IID#0bbca5e33b5a1a3b1bf1cb943550b081,"282 Erin Skyway South Jeanetteport, MT 32663",1903.44,Fred Austin,2020-02-10,SKU#c20019258ca235d2408334dfbc5e67e3,14,tinajohnson@mitchell-craig.org
1549822263,IID#e8aba87595e615fc56ca850ab76f5793,"55232 Alex Curve South Heather, DC 98356",785.06,Alexa Rivera,2020-02-19,SKU#3bc9355c2e32b02cd125e0bc6e008ebf,17,michelegonzales@osborne-jackson.com
0225389354,IID#e089af14946bb1ce81fec0a48a5426e9,"768 Kathryn Terrace Anthonyview, SD 23512",1095.8200000000002,Erin Day,2020-02-22,SKU#d37af2d76d58a29f7cadadabd2ad6f3c,11,hallapril@sparks.com
0400460992,IID#319956509c5f029e0240216a42cf553a,"8136 Leblanc Place East Dawnstad, WA 88747",992.0,Derek Davenport,2020-02-27,SKU#0f810edc4764e31999a8dfe30b2405ec,16,jdaugherty@gmail.com
3454933185,IID#48f199aefa951ac538270468c69dc3a4,"290 Christine Forks Suite 428 Norrisburgh, MD 00734",723.9100000000001,Caleb Smith,2020-02-28,SKU#b1a232021c419a0243f14b3163dd4487,11,daniel61@hotmail.com
5293656325,IID#bf0652894634e7681c8c30f06514de6e,"09262 Clark Road Port Jacob, NE 85482",825.1,Sean Fuentes,2020-03-06,SKU#da73b095989c3489d615e0d1e05961c8,10,vdavis@hotmail.com
8712469958,IID#46c4a1f4af082242f08abfeed0145a13,"5186 Kemp Streets Apt. 987 Johnton, SC 70122",1460.9699999999998,Shane Briggs,2020-03-12,SKU#e21ac8d2721fd55b4e17ce2df1e0440c,21,nguyensamantha@hall.com
3067095628,IID#759eed6df4cc56bd3e8bc8a34ecd0cab,"9335 Sanders Heights Suite 348 Lindseyfurt, ME 60169",1671.6200000000001,William Gomez,2020-03-14,SKU#c3664b673d90c603447db7c2d2bbc5e7,19,jamesschultz@yahoo.com
7479703705,IID#885f916dbbc1d5a01fe8e84868a198a7,"90919 James Crescent Suite 932 Lake Ronaldfurt, NH 29214",802.6999999999999,Edward Barker,2020-03-20,SKU#565aba2aa486212bffe024fefb3a8ba0,10,alyssaaustin@yahoo.com
4451655124,IID#cad174e4ea3d85d0229836b94f3347b1,"97785 Miller Pines Suite 040 North Dean, IA 42713",442.41999999999996,James Ashley,2020-03-22,SKU#93b885adfe0da089cdf634904fd59f71,11,tammy31@yahoo.com
6400981865,IID#82ef3c6abcb8a4a060531d221459729d,"800 Smith Plaza Suite 214 North Diane, NC 67687",1757.86,Christina Lin,2020-03-22,SKU#e0e2d4e5fd76889a0fb95f8227b27293,13,briggsjustin@lester.com
0410301902,IID#3f90befa4fd8d4c747ec2b7e2400fc2c,"306 Vasquez Forges Shawshire, KY 07165",1008.5899999999999,Kristen Adams,2020-03-23,SKU#1dc439aca90bbdf4c4c9a31543252fe3,11,ckaufman@hotmail.com
9550352607,IID#45777c1e3f8a80d39666c32603f2935a,"445 Duarte Village New Thomas, AL 94717",191.52,Juan Garcia,2020-03-24,SKU#c0dff1da881341b4e8b54a9cb6c91fff,12,qmcfarland@bell.info
6125249219,IID#862e51db4a66cb7b5ba663551a987d42,"54954 Maxwell Rapids Shawnberg, AL 35788",2314.2,Dr. Ashley Perry DDS,2020-03-31,SKU#4ae71336e44bf9bf79d2752e234818a5,15,buchanansue@hotmail.com
3221921653,IID#0110d249f69c5b2f6e3de93f3cb2887c,"37269 Lisa Squares Suite 488 West Jill, CO 99354",695.6999999999999,Shane Griffith,2020-04-02,SKU#e21ac8d2721fd55b4e17ce2df1e0440c,10,rodriguezbrittany@gmail.com
2276939909,IID#01befe6b9f4e73d75f3d3f3e3e013973,"6581 Vang Stream West Sergio, AL 66839",1875.45,Scott Silva,2020-04-08,SKU#01b53ab60d1307f1db2f793377d3af08,15,suzannefrank@hotmail.com
0458515992,IID#c76ccfb48d9719f6b1ab262dd5b15225,"492 Ian Wells Apt. 903 Grosshaven, TN 63670",807.3000000000001,Kaitlyn Bonilla,2020-04-13,SKU#6b43b583e2b662724b6fbb5189f6ab28,23,davidharris@hotmail.com
9531741541,IID#62ebcb00b8b12015119738b56e53b712,"353 Mills Neck Apt. 452 Sotoshire, WY 85472",1721.4599999999998,Rebecca Wood,2020-04-14,SKU#e2a482a3896964675811dba0bfde2f0b,13,stacy62@gmail.com
8101631875,IID#72236378ce5b34e9dfccca102bf7f398,"46474 Brown Loaf Apt. 416 New Veronica, ND 59633",3106.3199999999997,Charles Scott,2020-04-15,SKU#a50b718c3518b630251fb54b92bde360,28,taylorian@yahoo.com
7427962511,IID#a11ac244c24d86946da8e05bdc22114a,"504 Monroe Run Suite 370 Denisemouth, WV 60558",930.0,Jose Harris,2020-04-20,SKU#3f2829b2ffe8434d67f98a2a98968652,20,markolson@hotmail.com
1622376189,IID#da51bd8460f2ea780848b63a7cd67231,"62509 Dean Viaduct Crawfordberg, WI 17434",2551.7,Lisa Pennington,2020-04-21,SKU#16b41a8dee51a47cf362ec449b2a4ab0,17,hermansarah@carter-gill.com
1974776140,IID#993ba6f92af62eea38cccb233c6a955b,"33207 Jeffrey Gardens Suite 246 Abbottstad, KY 60471",1766.56,Melissa Hill,2020-04-22,SKU#0e2e640b11f60ae0769bca010bdc6ecc,16,todd78@moore.biz
3409688718,IID#ac556c3a4b4f71712e446134663e8246,"390 Rodriguez Locks Smithside, NY 44186",624.9100000000001,Lori Brown,2020-04-24,SKU#153a5896b15f08b9958895743d19f664,11,nathaniel01@yahoo.com
8899741132,IID#4891336db5bba69b867af3fd27ce53ad,"30482 Stephen Plain Apt. 111 New Matthew, VT 78439",1427.55,Rhonda Glenn,2020-04-27,SKU#80802b088528adf260a52f1563f68b85,15,mendezheather@gilbert.org
3377256954,IID#94bef119cbb69e3cf008e1d3e2d9bc2b,"568 Michaela Roads East Katrina, DE 77649",1797.64,Amber Jones,2020-05-02,SKU#bec7e4f13de9f987d917998cf040754d,13,combsbrett@ho.com
1908062512,IID#02a3fd1c08436960a8a0844b7beb167f,"346 Lucas Extensions Suite 423 Wilcoxchester, MN 23092",757.6200000000001,Melvin Johnson,2020-05-12,SKU#7a265747dc11d8a73c0ce39f3d0c6b7a,18,iholland@walsh.biz
8108980100,IID#8ee1ecc4728c893c8840e84caa22d898,"03537 Bryan Prairie Apt. 958 South Taraport, ID 35576",1657.1999999999998,Adriana Butler,2020-05-20,SKU#29003687900cad69c06a7907f2738e79,12,talexander@gmail.com
5971551273,IID#8b6ce570f437982e399c222e1ede0ddc,"3205 Smith Crescent New Edwardchester, AZ 28986",1055.53,Gary Santos,2020-05-20,SKU#f76f0a335388e887c2b67433c8541115,17,deleonmadison@hotmail.com
3678604014,IID#ca434393a0aedc395da11c0c21f452a0,"3839 Arellano Flats Apt. 376 Stevenborough, CA 56147",843.04,Alicia Long,2020-05-22,SKU#ab61a1de6d87087e6d66fd274b7fb7f5,8,hstrong@hotmail.com
2743474904,IID#21145702522c1fbbecff4c9304f1e9d3,"1646 Judy Drive Apt. 417 Lake Aprilville, RI 79028",1032.35,Lance Marshall,2020-05-23,SKU#bbba4c1a20f4f2868946f3bc6e2cfd83,11,osmith@morgan-johnston.net
3926383826,IID#5b3e3dabc84ed5d184f86e5ee33489aa,"0358 Wendy Oval Apt. 433 Ramostown, WV 32304",1871.05,Angel Hoover,2020-05-31,SKU#2dcea950234175e3edf672936843ab5f,23,perryedwards@hall.com
0596384103,IID#10d9d48e4e47271ae41379aad8945b3f,"Unit 1851 Box 1057 DPO AP 27113",355.76,Donna Warner,2020-06-03,SKU#1db1bd9f0f3d2c261347ca9b278351e8,8,afreeman@hughes.com
0169693609,IID#d3c5cca15a03c97217833bd6ac3e7a38,"14855 Wilkerson Trace Apt. 691 Mariafort, GA 61260",2319.32,Victor Smith,2020-06-09,SKU#ebe28db082660b55fb94f6121a65fe65,23,timothyalexander@gray-becker.biz
3578585211,IID#b590326fe728e870f78d354922f9a4cb,"070 Clark Centers Jenniferberg, KY 81923",847.21,Kimberly Morgan,2020-06-10,SKU#27c28407dc17f217aeacb5e62ed9a2bf,13,amberdavila@smith.com
3833770011,IID#256716a6f74f6575d2b7e762277b87db,"785 Smith Canyon Suite 289 New Nicholasfort, RI 21001",1880.6,Daniel Price,2020-06-11,SKU#fd4b38e94292e00251b9f39c47ee5710,20,anneevans@hotmail.com
0873115397,IID#853153a52eee4a4c26fc2d243465de44,"4940 Amber Flats Apt. 638 South Josephfort, TN 82551",835.94,Corey Reilly,2020-07-03,SKU#f536fbf78e26387affb82ee89943b870,14,maysandrew@yahoo.com
1943082991,IID#29b63dd9b629eb7e83e207e89230c0e0,"5264 Pierce Circles Apt. 236 Jacksontown, AK 48644",1620.45,Arthur Foley,2020-07-08,SKU#65c9f3fb24b80d8c470d518f901b9c60,13,lawrencemcmahon@yahoo.com
9860110628,IID#441869529f133f5bc7c054dd2f525d67,"8377 Bartlett Light Apt. 392 Bryantside, OR 80578",1863.3300000000002,Rachel Jackson,2020-07-08,SKU#938fcac2676e99d92efee069eacacc37,21,carpenterkathleen@duncan.com
2675564121,IID#98834f1e18c6e79165c43a629d19e5c4,"332 Morrow Crossing Erikabury, TX 68991",645.36,Dawn Robertson,2020-07-09,SKU#aa6672fe9e8426f8dd570c81095e1476,6,bfry@singh-peterson.biz
1303705308,IID#419a60739849b07b69e1bc66724d173c,"17812 Samuel Flat Wongbury, GA 36877",1756.1999999999998,Anthony Walker,2020-07-10,SKU#d4897692e4e8fd9d6057240671619925,12,lindahogan@brown.org
2588107007,IID#04f486bc1212b3d4cd531c489e6029f7,"591 Rodriguez Mountains Apt. 039 Christinebury, FL 62696",2420.32,Jordan Clark,2020-07-14,SKU#598e2e96502a47ec48ae6554d07960f8,16,iingram@hotmail.com
1502999588,IID#44f71d23031aecf462f8d25a76b6da2c,"53024 Hamilton Flat Suite 137 Emilyport, AZ 46859",580.4,Darlene Bailey,2020-07-20,SKU#4aa476a72347ba44c9bd20c974d0f181,10,mbecker@yahoo.com
1371062971,IID#e21f389e894903aa7a9b39a87abcafd5,"PSC 2969, Box 0544 APO AA 81348",1732.64,Chad Kelly,2020-07-24,SKU#662c15902c01543c5e91f48de58d8ecd,14,meghan19@cantrell.com
7515953849,IID#c28e45d6b22d18c696a392acb996c39c,"3361 Scott Orchard Apt. 766 Mccormickchester, WV 05363",1243.08,Arthur Jones,2020-07-26,SKU#b89c9e6a775567fb289ff3a4e15e9f5a,12,dustinrichardson@hotmail.com
4059290514,IID#00282ac5b33da22d7c1bad62f811b014,"75020 Alvarez Tunnel Suite 249 West Heather, NC 46782",1110.4399999999998,Lori Riley,2020-07-27,SKU#aea2fa668453e23c431649801e5ea548,17,carriewelch@hotmail.com
2893680906,IID#d4ec14c5290a482efd713e9390e38c2f,"83968 Gina Squares Thomasmouth, OH 48742",1110.4399999999998,Sharon Velazquez,2020-07-29,SKU#aea2fa668453e23c431649801e5ea548,17,brett91@martin.org
4528618782,IID#ff1ff2bcb0ee1defcbec14511c7641a7,"Unit 5646 Box 6698 DPO AA 96285",1469.08,Justin Parker,2020-08-05,SKU#eb74234cb882f0fedae27f0b9e9957d8,19,bmann@gmail.com
4864313762,IID#32913bf275c2f3cb31fb8cc0bfea27a0,"6241 Chandler Freeway Apt. 963 South Erin, MS 02852",1932.0500000000002,Nicole Hull,2020-08-09,SKU#385bea3f7f645aa973e0f50400c25979,17,daniel04@yahoo.com
9863579896,IID#cc8e422ae34692fdaa1dbf6520c8ede4,"8071 Jeremy Skyway Suite 019 South Troy, UT 57810",2401.6,Michael Cox,2020-08-14,SKU#16b41a8dee51a47cf362ec449b2a4ab0,16,hannah67@weaver.com
5127455359,IID#1776052c0959413f582b5c8b3d513ec5,"9960 Ramirez Radial Suite 317 Danielleton, CO 02321",1957.0,Marie Werner,2020-08-15,SKU#71b445d43959effc03861d1a8da3d7a4,19,brandi21@gmail.com
5578927182,IID#d0d8222745897b00a8d9a6e75c339fa5,"8285 Curtis Road Suite 150 North Thomas, WI 26715",554.22,Kathryn Saunders,2020-08-19,SKU#b32c51643fff046804f47c9b2f947f49,6,sonyamccarthy@palmer.com
8721600095,IID#111e09478f400fc96dfa028468540cd4,"4527 Neal Pines Suite 686 Leetown, GA 13880",925.74,Eddie Ortiz,2020-08-22,SKU#06c61bcbf2ecd1295dd9a282ae253546,18,melissa42@hotmail.com
1901726046,IID#c8e074d838a3f5794f54547f3afba1f2,"274 Jones Forges Suite 464 New Nancy, VT 58551",1658.58,Kylie Walker,2020-08-23,SKU#3045fd5bd59c01d8e5a91f514e8e9262,14,smithbrian@wells.com
8899741132,IID#71d45d99ab8968c7f9dee54d6b33ad57,"30482 Stephen Plain Apt. 111 New Matthew, VT 78439",867.1200000000001,Rhonda Glenn,2020-08-25,SKU#62aed4f3f9277808536c0ee59896f0ff,12,mendezheather@gilbert.org
4864313762,IID#aa345ecd329bb5f4a945f308fda5442f,"6241 Chandler Freeway Apt. 963 South Erin, MS 02852",756.2,Nicole Hull,2020-08-25,SKU#c3c9945cae188df73afd04c6251ba98d,20,daniel04@yahoo.com
7158460605,IID#1e9ab418827bd98d23abd14c101f63ea,"736 Matthew Islands Suite 099 Haydenburgh, WY 63262",1213.92,Brandon Nelson,2020-08-30,SKU#5154ac663d45cfaf699056fe8cdd3085,24,rachelwalsh@hansen-riley.com
0960965390,IID#1b93df4895dcdf63696cfb0991dd8ff2,"02166 Mason Walks Suite 980 West Brandonhaven, RI 97993",1676.92,Tiffany Jacobs,2020-09-02,SKU#6a1d1570d7662ed0e85ac8ee278b4178,14,tony09@walker.com
2235529857,IID#ae5494d9c2627e44747856e956995880,"09461 Madison Crest Suite 795 New Terrymouth, MI 21680",1085.76,Michael Singh,2020-09-03,SKU#8f869fc4a3473614660a422d11365947,13,eric72@valdez.com
4540724106,IID#9e65f1d6b3e8bddb0c9d479b66b02d64,"69189 Raymond Views Shannonburgh, CA 03674",2654.04,Stephen Hudson,2020-09-03,SKU#a00cf3a9ed10ef4b2995a370e09f40a5,17,reynoldshenry@juarez.com
9378146016,IID#712aa6cc085fe1df343e3db8c8f32fdb,"6230 Burns Heights Suite 774 West Larryshire, MS 93186",445.56000000000006,Emily Lewis,2020-09-07,SKU#2fcd4070a198ccd99cc243ff1979f984,12,amypowell@gmail.com
9492808162,IID#7b3be609951bd7167e753464b0733b61,"388 Scott Fort New Randystad, NM 74256",422.55999999999995,Margaret Patterson,2020-09-11,SKU#a66df92f58a96dbf30ae157c0d7e2ded,19,jennifertorres@fischer.net
7157087294,IID#03400f918f2542af8ba6f784e44bf2e1,"74415 Taylor Plaza Suite 749 New Williambury, NM 61000",328.95,Becky Price,2020-09-18,SKU#fd1ebd64b5488420ccaef55d35316a5d,15,jacoborr@gmail.com
3655619780,IID#54837c548f5fc2ee421f3227f6f2590c,"582 Miller Lake North Juliafurt, MD 55399",557.64,Elizabeth Lopez,2020-10-08,SKU#59c502133813ee6a3282cb7fbedcc968,9,garciaperry@yahoo.com
6552719178,IID#dd94d78abd5ed94fffc37fc8704f660c,"97568 Rebecca Vista Apt. 400 East Zacharyview, MO 96562",1947.3600000000001,Matthew Schmitt,2020-10-11,SKU#d1843877be2b76d1ebc5572daafa3fdc,24,amykaiser@gmail.com
6120397219,IID#409018e375922a96ed3170bd9b9341ff,"021 Monroe Plain Suite 058 Larryton, HI 48480",558.36,Don Thompson,2020-10-12,SKU#18532bc27a6d0133fd23067bef3f7e83,11,watsoncody@hotmail.com
7734610710,IID#ee434899b345b7b21869fab62004445c,"859 West Lake Apt. 157 Lake Carolinemouth, WY 46307",1511.3000000000002,Sandra Hughes,2020-10-13,SKU#a658f5a9cb2c6a606d30c3dd909edd60,17,hmiller@gmail.com
2090993660,IID#a0bdca34ff1f684402bbc686d340fadf,"915 Zimmerman Burgs Patriciaport, IL 35001",2396.16,Christopher Gillespie,2020-10-13,SKU#3aaceebd65f0b79f9ae1718d3241bf37,18,hannabrittany@yahoo.com
7068480847,IID#aa3460b5fb63e2d3c31b1dee83a7f074,"507 Katherine Lakes Apt. 725 Emilymouth, CA 34183",1029.99,Diane Daniels,2020-10-14,SKU#305ed0cbcf4945a9a48dd0c51c0b6226,19,erin90@young.com
0343055995,IID#a562c972320ed6c7457efd7fd24350b0,"Unit 0136 Box 4140 DPO AA 93538",1648.27,Thomas Young,2020-10-16,SKU#213e635dac590095b5681a944a5713a2,13,lsmith@mcgee.com
3593688752,IID#9c445251da0720c87b66ee7fc196b619,"79217 Bryan Fork East Davidport, WI 65880",1299.3000000000002,Xavier Jones,2020-10-21,SKU#1ae17d4009cce51ba79fbfebd9b8a513,15,nward@schwartz.biz
5956408441,IID#511f8b84d48ccc73a0b75417b99cd0fa,"897 Brown Shore Suite 743 Port Jasonport, NC 28911",2644.75,Roger Anderson,2020-11-03,SKU#3ce9d74193d28338494362767873ba7b,25,tammypreston@yahoo.com
3987105479,IID#cc33bc20eab7d4330ffb72dcdc613f2e,"47328 Hansen Crest Suite 427 Port Stacymouth, TN 45598",1464.72,John Joyce,2020-11-05,SKU#9639b2e7e5fe39d0f1770cad86f59b73,12,scott97@arellano.com
9021502292,IID#fc13cb790ecb67e35d4947f1f63c1d8c,"079 Joseph Fork Suite 463 Jeffreyburgh, FL 28806",923.25,Vickie Mckenzie,2020-11-06,SKU#5ffaec4f79adb38df9b566d3307bdd09,15,stacy55@yahoo.com
9998068489,IID#ba03d7e90d30c9479eb477a059639cc6,"30568 Kristina Lodge Suite 650 Williamsmouth, MS 05251",1339.0,Thomas Obrien,2020-11-12,SKU#71b445d43959effc03861d1a8da3d7a4,13,pamelabarrera@hotmail.com
6855765182,IID#8552701d7e9784d52b59148877da6b06,"7664 Timothy Stream Lake Nancyborough, OH 59954",1140.92,Christina Keith,2020-11-13,SKU#4f77e9239aeae4a2e6712352bed67091,11,carlacarter@hotmail.com
4692929918,IID#8ddaea2343344d8688af13b66816d747,"5010 Jackson Meadow Suite 867 Watsonland, LA 41085",2565.18,Jennifer Huber,2020-11-15,SKU#7dea362b3fac8e00956a4952a3d4f474,18,tbanks@webb-gonzalez.biz
1543633302,IID#a93c960de115d9302266d5b967374a13,"556 Sanchez Groves Graybury, MN 72982",369.44,David Adams,2020-11-16,SKU#3bc9355c2e32b02cd125e0bc6e008ebf,8,shannonflores@hotmail.com
0951635950,IID#f5370aa31ba9e075ecc94a3026514c34,"5869 John Hills Ortizbury, WA 21709",1187.3999999999999,Jamie Monroe,2020-11-16,SKU#6cbbe3240a203b0ff387d9bbdadd49ef,20,chadgarcia@gmail.com
2090993660,IID#f4e381ab271113cbd205347e37bc1234,"915 Zimmerman Burgs Patriciaport, IL 35001",530.88,Christopher Gillespie,2020-11-17,SKU#b4052c951a5d5df0482bec08dcd1a1d9,4,hannabrittany@yahoo.com
0485924290,IID#da6731d017b8d5c4913e5e74a10f3911,"9763 Hendricks Mill Apt. 080 South Alisonmouth, KY 98455",1658.54,Thomas Potter,2020-11-18,SKU#ac1fdb6d81cf4ad164aad299ae67bb03,13,bellchristopher@yahoo.com
4708220376,IID#50bbdee4c19a7ce431db34589e6011d7,"8384 Bonnie Brooks Tylerborough, WA 01187",1330.14,Stephanie Rodriguez,2020-11-18,SKU#9bcb128639cb1f7f3b7387762dd35536,14,john00@yahoo.com
0192809116,IID#011366396035598d540ef4ed7c7af792,"8447 Tapia Motorway Lake Hollyshire, MT 10621",1567.61,Madeline Huynh,2020-11-18,SKU#7dea362b3fac8e00956a4952a3d4f474,11,sandersstephanie@brown.com
1943082991,IID#9c2bc09440574f20945184543e520911,"5264 Pierce Circles Apt. 236 Jacksontown, AK 48644",923.21,Arthur Foley,2020-11-20,SKU#9c1b2a47c87f33de47ccfcdc098e1806,19,lawrencemcmahon@yahoo.com
9091889361,IID#94bd74843c60645228455c68aea7487a,"944 Justin Oval Brittanyside, OR 07525",957.77,Vanessa Young,2020-11-28,SKU#cf69901e6d4609009dff8be5b3045c96,11,janice40@hotmail.com
2637031597,IID#76cbc3f854c0fb520a460d5c2bfb0bf4,"0659 Frederick Cape Apt. 962 Matthewview, CA 47662",2763.7400000000002,Jody Peterson,2020-12-03,SKU#78d9c664c638a1d59b95c322a29da3f9,19,haleylucero@ray.com
6833039454,IID#01372187928408c52eb24e1688c1b157,"505 Pamela Ports Apt. 634 Williamsmouth, AK 44126",3447.24,Elizabeth Hines,2020-12-03,SKU#63be8c1a5f7e53d837e3a4b347d8d811,23,mmoore@warner-leon.com
2893680906,IID#78111387c3746806bee10ec88825295c,"83968 Gina Squares Thomasmouth, OH 48742",1651.32,Sharon Velazquez,2020-12-04,SKU#0efce63cf4c085888a2772125dfe7aaa,18,brett91@martin.org
0120719708,IID#0b82325bd8137f587a5ced079b668fbf,"14454 Jimmy Vista Rebeccaberg, LA 43956",915.85,Julie Johnson,2020-12-09,SKU#7a232b079f30771ada44ab6a1843ec14,13,selenadavis@silva.biz
8991246072,IID#5275dd60cf8afb1262619a4f84199b43,"USNV Bates FPO AP 20267",574.9499999999999,Tracie Lopez,2020-12-15,SKU#27a7404c386f389ca798dcafa2b279d2,15,stephanie81@gmail.com
8715958409,IID#7a1c43b7fcd29b8689e9daed888b5654,"5611 Joanne Green Apt. 641 New Christopher, MA 02184",1595.16,Natalie Cruz,2020-12-18,SKU#a9d5728f9b0e997753288b3a140c5335,18,rodneyking@king.org
1132804651,IID#244876f74ac6866afbaa1d2f0421b548,"6928 Karla Parkways Thomasshire, IL 11828",782.8499999999999,Michael Pena,2020-12-29,SKU#38cb782b7a81d1914df7b3bb4457e412,15,edwardhansen@hotmail.com
7302157662,IID#3a09201b91a0365abdcc44759630a5a1,"42206 Desiree Springs South Frankfort, MT 17298",3571.0,Deanna Lewis,2021-01-01,SKU#0e6bce6899fae841f79024afbdf7db1d,25,charlesbernard@peterson.com
0355863712,IID#2a02b6fe03de55653321d1f599a52491,"2231 Hoover Court East Taylorborough, WA 19551",1484.8400000000001,Nicholas White,2021-01-05,SKU#3dee8cafb2684396b42a08cc5dd2d132,14,johnyoung@carter.com
8622608721,IID#a3d52dff81dbbd54d2e70422d6a49d09,"Unit 1240 Box 9785 DPO AP 62669",1676.88,Christina Robinson,2021-01-05,SKU#9fdedcb815fb656c25878b5ec7c29fec,24,vrose@howard.net
6222293164,IID#82a12366e706ff419f52b8f9182a66fe,"324 David Trace Port Keith, SC 23077",1261.09,Bobby Vargas,2021-01-08,SKU#81e4bf29a6552cb0df60980b937ed4a3,23,brian39@hotmail.com
5224522145,IID#1490b99d49d3cdc1f05a16eccb67be28,"4416 Barbara River Port Shannonfort, KS 96607",1417.92,William Rivas,2021-01-09,SKU#a9d5728f9b0e997753288b3a140c5335,16,zmoyer@gmail.com
4580277981,IID#20010a1cb7896198772bd9dabe163db4,"77371 Brian Forges Suite 113 East Caitlinview, NM 38886",1350.58,Reginald Owens,2021-01-12,SKU#45108b72c040e03ccd2e22d15419eff3,22,ochaney@lopez.biz
5679567286,IID#97cddcdb4e4f6535a04f5ad79ffe8e17,"USCGC Mitchell FPO AP 06875",503.58,Mr. Daniel Kemp,2021-01-14,SKU#fb81d628255e2a9b08e67cdbf462093d,7,anneblackwell@escobar.com
2675790367,IID#0d26790590964f1a2b758fbda52e73cf,"Unit 9522 Box 8678 DPO AA 81287",2007.9399999999998,Ashley Burton,2021-01-16,SKU#ccbdf684d154d86984b984bef22fb71f,22,patricia42@gmail.com
8662221243,IID#43a8fe5ecd0ce41a4b1c3ef8a817b93e,"0084 Jennifer Mission North Ethan, AL 81815",806.56,Rebecca Baker,2021-01-17,SKU#bb5e3d4ca343bd970eb03674b015b9c5,8,rachelwilliams@hotmail.com
6442014523,IID#c0e227d6734334fd6aa53a8a5e09984d,"2858 Jamie Ford Suite 225 West Victoria, TX 57326",631.35,Austin Gonzalez,2021-01-19,SKU#7a265747dc11d8a73c0ce39f3d0c6b7a,15,eric08@yahoo.com
0842201625,IID#f70d33abaa49b9d946157b4d67bde032,"7301 William Ferry Suite 609 Stevenport, MA 24231",252.42000000000002,Chad Frey,2021-01-21,SKU#ec8d9cf15661e1e246997637ac868ca2,14,sierra43@ramos.net
6204080374,IID#6c001645d66a32264a11af2c92aa8b70,"01763 Lydia Views New Shelleyville, ME 86515",1554.28,Manuel Evans,2021-01-24,SKU#96228de58ca280b629fcb6069cb085b5,26,wheelermary@yahoo.com
8410468420,IID#b191ab008e0f42c4c249f864b58e72d1,"4772 Paige Hollow New Danielborough, DE 86151",1955.1000000000001,Jennifer Garcia,2021-02-02,SKU#3b4f9df3e0b6718b99aa272cbb5f763b,14,madison40@rogers.com
6379124674,IID#53eafba1d1ebd5b21013ede1fc51d6ca,"65655 Kevin Fall Leonardport, NE 81239",872.64,Nicole Simpson,2021-02-09,SKU#e732f97e91f3dc2cc2e03d18916e982c,6,miguel17@thomas-perry.com
0812221873,IID#3fd34c82eefff77c5c113907bedfab18,"173 Dylan Shore Apt. 254 Lake Jamiehaven, NY 62744",954.21,Karen Cook,2021-02-10,SKU#809457c05fe696f5d34ac5ac8768cdd4,17,pmitchell@sanchez.org
6135108581,IID#38acfa1ebb2373b3c9cca40fd81a257e,"675 Phillip Forks Ashleytown, MS 61280",161.7,Lori Torres,2021-02-16,SKU#5ff7d39f746825178890c870b0e6562d,6,lbright@farrell.net
9398068768,IID#13f8a4d7adb36362bd4d8c2072ec7ae3,"87792 Hernandez Pine South Christopherview, NM 93532",1923.6000000000001,Matthew Reese,2021-02-17,SKU#227ab21f84456d3c2b28194d9398a148,14,iwade@ray.com
3723287745,IID#a3af32e1f11269259ddc3e6f0922b871,"1623 Simmons Motorway Suite 752 Davidstad, WI 06240",2161.5,Melissa Hull,2021-02-21,SKU#28e37d39272f9d6d788d86cbf1810af5,15,mweiss@moore-richardson.com
2698638569,IID#6549378224c4eaa811e1478dd6e295a8,"USNV Andrade FPO AA 29556",1704.4499999999998,Katie Ramirez,2021-03-01,SKU#04dbc66d8e4559769bb38a92cd6f7d9d,15,steven13@yahoo.com
1538663727,IID#dbf9258cf9bc932779309a877f203055,"808 Singh Meadow Suite 701 North Markfurt, VT 23464",1767.49,Tiffany Rogers,2021-03-07,SKU#e66d4ab75e9862302da5825bbf066c5e,17,jennifer08@sanders.com
8710625298,IID#7e1103111fdde7bafd2848ea5fca18ba,"80270 Weeks Crescent South Jason, NY 58801",836.9200000000001,Christopher Hodge,2021-03-13,SKU#96228de58ca280b629fcb6069cb085b5,14,dennisgarcia@wagner.com
6565891325,IID#d6329a068c0d50c05e5a2f4796a221fa,"4677 Hernandez Extensions Lopezview, WI 94443",352.08,Heidi Sparks,2021-03-15,SKU#093264d0e7a634e02b747db711a34894,6,rojaseric@wilson.com
3837132256,IID#7ae01ffb266c4629048448d2240fde38,"7814 Alexander Estates Suite 012 Hamiltonton, NV 06068",1297.45,Daniel Lee,2021-03-15,SKU#40c597f6feffcb98183b78890754bb60,11,krichardson@rivera.com
0355863712,IID#bb44e2fc446a76842604e301cdc64417,"2231 Hoover Court East Taylorborough, WA 19551",722.25,Nicholas White,2021-03-16,SKU#81684c2e68ade2cd4bf9f2e8a67dd4fe,9,johnyoung@carter.com
0120719708,IID#7c652074f9c11c0fcbd1334771ad5c53,"14454 Jimmy Vista Rebeccaberg, LA 43956",1212.9499999999998,Julie Johnson,2021-03-22,SKU#7e92d9d62a1287cc540f3a4c6516c6ea,17,selenadavis@silva.biz
9956880725,IID#52b8286af9630f3fb76531982b4d46e2,"Unit 7605 Box 3721 DPO AE 31342",835.04,Brandon Murphy,2021-03-22,SKU#38cb782b7a81d1914df7b3bb4457e412,16,melissaodom@johnson.info
0929606114,IID#0aedb3e59c4c6bfdaecb55e2c315f261,"9745 Sanchez Square Apt. 699 East Laura, NC 84944",1418.52,Donna Austin,2021-04-03,SKU#c65115ef444af8b8a7c17d1b47136331,12,lwong@nelson-marshall.com
1182350621,IID#c372096aa0d271ab5294f9d4e22dddd8,"26146 Justin Skyway Suite 501 Hillbury, NE 83188",1995.68,Casey Evans,2021-04-05,SKU#300f960ebd4a8403afc8fb101573fed3,16,vsimmons@yahoo.com
1371062971,IID#7c02d2a275c78858b495a2126c991d11,"PSC 2969, Box 0544 APO AA 81348",247.41,Chad Kelly,2021-04-14,SKU#6923685781779ac0b69c77ec08ce0479,9,meghan19@cantrell.com
1569061531,IID#f5c32004add1f86d3736ff29e3dfdad0,"911 Vance Fall Christophermouth, MO 91937",535.92,Beth Bailey,2021-04-14,SKU#e17a3c09c23a3ed800a4aeccc4bcdc7b,24,kenttanya@yahoo.com
9157904388,IID#10bbfb7677d813345bc4b9a843996d30,"USS Haney FPO AP 52781",2016.16,Jasmine Olson,2021-04-14,SKU#bc6714be5c417fda4d3915f2eed0a6f5,16,brownrachel@thompson.info
2230986261,IID#199632be2f0a0f9ddf1ca45353f7b301,"76099 Rivers Mills Apt. 829 Jenniferville, TN 71948",1935.79,Susan Cook,2021-04-16,SKU#443e36e2a145d6a6dfa8fb6f120f0e1b,17,ccurtis@foley.org
6981185032,IID#3ed8d1004ff0b9ed34d9c196a73d26e8,"2261 Johnson Mills New Lauren, CO 77310",1567.68,Anthony Hill,2021-04-21,SKU#5bccd8ff10735da26d5761d10b294a6a,16,stephanie57@gmail.com
3089179771,IID#32e7432b775921dba7c8b2c913021191,"1850 Austin Heights Richardsfurt, KS 78185",2394.19,Douglas Lucas,2021-05-02,SKU#bc6714be5c417fda4d3915f2eed0a6f5,19,matthew24@allen.com
2090993660,IID#1a135e0efa277539525480de6b558d5b,"915 Zimmerman Burgs Patriciaport, IL 35001",1969.35,Christopher Gillespie,2021-05-07,SKU#693e9af84d3dfcc71e640e005bdc5e2e,15,hannabrittany@yahoo.com
1567164946,IID#2febd3310c23314b52cf31625bd7a892,"959 Calvin Club Suite 269 New Davidborough, PA 52578",970.44,Alexandra Smith,2021-05-09,SKU#0b867e53c1d233ce9fe49d54549a2323,12,dylanramos@hotmail.com
5086613202,IID#e7bf83a4bd9c7aeb71d8af8b00f0b1c1,"0850 Anna Trail Jenniferfort, VT 26002",1746.78,April Rivera,2021-05-10,SKU#7228da7250d357ec26e8755a0bdbd652,14,gary27@hotmail.com
5751253624,IID#411612679ad29c9c9327baa68157360d,"0826 David Village West Michael, IL 86910",1949.1999999999998,Shannon Swanson,2021-05-13,SKU#f7baa0ef2a6e106253085d6c0a5c0f03,22,xmichael@yahoo.com
0321156624,IID#9fb0ef0a704033e48f82b94ef8af2e8c,"037 Christopher Spring Apt. 450 Floresmouth, SC 95460",2454.79,Richard Espinoza,2021-05-20,SKU#1079e8f69138f626c4065e314d2ba525,23,ingrammichelle@melendez.com
