Address,Total Cost,Name,Amount,Phone Number,Email,Invoice Id,Date,Sku#
"USNS Lawson FPO AP 50265",118.44,David Sanchez,4,(141) 917-8272,leonard83@hotmail.com,IID#bfbc6e29299a5386413f7eb4fd741049,09/07/2016,SKU#9461d6821ed8378704d8c0658cb655c4
"7732 Ryan Spring Suite 024 Villanuevaborough, IN 42394",966.25,John Smith,25,(665) 844-2557,twarren@cummings.net,IID#1e53b6545c3c6b751f594887831e48ed,09/11/2016,SKU#3ec27034eb407f4e005c159122e327fa
"287 Francisco Club Normanshire, NV 57438",1427.55,Christopher Owens,15,(094) 081-9403,emilyfoster@hotmail.com,IID#f8db947cc422247a3ae94a2a4a11917f,09/19/2016,SKU#80802b088528adf260a52f1563f68b85
"730 Brittany Lakes Apt. 706 North Michael, MD 03949",2246.7599999999998,Martha Dougherty,18,(261) 930-6844,pattersonchristine@yahoo.com,IID#238bb2889be8108b0f59fd46f67f61a0,09/20/2016,SKU#1adcb05e97a9d3de3c80d399692829b7
"Unit 8785 Box 3068 DPO AA 25549",350.34999999999997,Charles Davis,13,(945) 648-7329,pricekristin@yahoo.com,IID#b4123a5d3c88a2ad7d5a3d79d4303440,09/21/2016,SKU#5ff7d39f746825178890c870b0e6562d
"98506 Joann Rue Jessicaton, MO 74210",2683.38,Michael Wilkinson,21,(598) 182-2628,timothy87@green.com,IID#6fdf97a7eb65c965d96644d1a702e00f,09/26/2016,SKU#88424e757f66efd36c624e534052284a
"95622 Crystal Forest Suite 020 Margaretfort, MA 98624",771.45,Steve Lewis,15,(437) 731-2197,wjohnson@hill.biz,IID#05572df305a1051fd49a801129c23afa,10/01/2016,SKU#06c61bcbf2ecd1295dd9a282ae253546
"011 Jackson Gateway West Kylie, NH 41433",393.68,Paige Lee,14,(776) 016-8862,carriejensen@boyer.com,IID#3481c61930574a7d766db0ca47d98cd3,10/06/2016,SKU#790b47ce33356b9493e981bf105da7ce
"65655 Kevin Fall Leonardport, NE 81239",686.88,Nicole Simpson,16,(637) 912-4674,miguel17@thomas-perry.com,IID#cdb20c04d5acff3221c1f7261ddc900d,10/19/2016,SKU#86ae25fd8fc8ff16262133e5e6b578bc
"32801 Cameron Villages South Rachaelchester, MO 72930",1852.02,Gail Owens,18,(690) 818-0547,marylee@gmail.com,IID#fff4bf55ef712e97872255bb88caedf8,10/23/2016,SKU#4fb90e5f1623b15a43cc85e33b0aa82f
"1645 Harvey Mountains Apt. 091 North Wendyport, WA 37298",1695.84,Laura Reyes MD,16,(319) 881-0436,jason28@hotmail.com,IID#e19afca1c5476ea014bca913afaf150e,10/30/2016,SKU#ff9a2d3be0b1b401f5bbae30ab62a24d
"19165 Hayley Landing Suite 395 Markberg, NY 38243",314.16,Nicole Nguyen,14,(345) 955-9923,rebecca44@hawkins-rogers.info,IID#bbf4610a3fff5f0ada25a853b3e7ff50,11/02/2016,SKU#b203621a65475445e6fcdca717c667b5
"77371 Brian Forges Suite 113 East Caitlinview, NM 38886",701.0,Reginald Owens,5,(458) 027-7981,ochaney@lopez.biz,IID#93f31dff57cbf94c302c5187145199d5,11/12/2016,SKU#53549731972ee564bcb8ca0cc2ba60b0
"229 Stanley Park Apt. 691 Andrewberg, OR 78211",717.21,Michelle Young,9,(481) 722-1016,claytonmorales@hotmail.com,IID#bd0b772959760d9ca14dd3340b45f055,11/18/2016,SKU#d0439fd37b50bf9818f12d47dc2dea78
"114 Alicia Parks Suite 545 Justinside, AK 33432",515.4,Derek Dixon,10,(079) 025-8728,erinpreston@yahoo.com,IID#e4b60993d431aa61f99dbe8464c1144f,11/19/2016,SKU#491d4857e02191839fe07d27d2aac519
"704 Love Manors West Nicholas, DE 03988",407.28999999999996,Raymond Russell,13,(065) 541-8369,kristinfleming@hernandez.org,IID#255ee8e7f363a898252878b2904c0b56,11/20/2016,SKU#6841a847b560d1a1483bdbd28d212ad7
"5869 John Hills Ortizbury, WA 21709",980.52,Jamie Monroe,12,(095) 163-5950,chadgarcia@gmail.com,IID#39b29c12af646fb2186570935de0e144,11/25/2016,SKU#8edc22fedce822ad66c7733ea98784b2
"43044 Michelle Parks New Bethanytown, NJ 99313",1038.53,Jessica Williams,17,(499) 896-5202,katrina29@yahoo.com,IID#6059aacff481eab2437ab1001062c8a3,11/26/2016,SKU#3855a48bda492173d92ea60e14af2730
"419 Devon Villages New Donna, PA 87518",276.0,Gregory Gardner,10,(993) 939-7687,meyerkimberly@gmail.com,IID#3b493887fb96a7975b2ca587f8cbef66,11/29/2016,SKU#4d043fe794126dc2fbfb793e01668074
"714 Mindy Inlet Apt. 956 Port Vernonborough, NM 85033",806.8000000000001,Michelle Higgins,20,(769) 061-8936,dmartinez@lopez.com,IID#17bc53ec6ba501e51720feccd1436353,12/02/2016,SKU#5e0d423694dc87169e1124f26d755117
"USNS Lawson FPO AP 50265",2967.6,David Sanchez,20,(141) 917-8272,leonard83@hotmail.com,IID#cf389e8a465c44a09fd7a39d1bfbb0c3,12/07/2016,SKU#bbf7c6077962a7c28114dbd10be947cd
"USNV Bates FPO AP 20267",2316.75,Tracie Lopez,15,(899) 124-6072,stephanie81@gmail.com,IID#de9fe251822f7a982151e7d5332c292b,12/10/2016,SKU#5632090e276f96fe6f833a2e0f75cdf9
"736 Matthew Islands Suite 099 Haydenburgh, WY 63262",2291.21,Brandon Nelson,19,(715) 846-0605,rachelwalsh@hansen-riley.com,IID#31ff9a263e7ad97b5a88640b94be1d9d,12/13/2016,SKU#f6c8964623e559ff358a24fd0b7d1240
"01594 Schroeder Skyway Suite 766 Josephshire, VT 69046",506.4,Noah Booker,15,(738) 308-3144,hpatel@wilkins-kemp.com,IID#6e0470a1f8703424ffb91a04f462d30f,12/18/2016,SKU#5cacb4805e5d8b17ef79665d09ca0797
"09461 Madison Crest Suite 795 New Terrymouth, MI 21680",1634.21,Michael Singh,17,(223) 552-9857,eric72@valdez.com,IID#6eb00d4b98cec25328270e2fa5ea4d1a,12/19/2016,SKU#90ecf1d759d1a9d28eaa034551442e94
"037 Christopher Spring Apt. 450 Floresmouth, SC 95460",758.94,Richard Espinoza,14,(032) 115-6624,ingrammichelle@melendez.com,IID#d99621c00015384198652c9ab84fd030,12/20/2016,SKU#305ed0cbcf4945a9a48dd0c51c0b6226
"06730 Stevens Flats Brandonbury, GA 57982",1755.38,Henry Stone,22,(375) 031-1149,kcarson@carr.com,IID#75bf41e767122ba32564e330c320f2d1,12/27/2016,SKU#fd45e0b6af52af4341db1383cf2c627c
"731 Yvonne Station Apt. 277 Kimberlyberg, NM 85448",1429.1999999999998,Cindy Alexander,12,(000) 184-2211,amandahill@mcdaniel-herrera.com,IID#ebb9b8cda73deec4f213bab9d201e3ea,12/29/2016,SKU#b93d9b41abd4ab965ea782b4be302a12
"872 Richard Divide Johnsonborough, SC 73096",810.39,Daniel Mckee,7,(638) 052-7086,bsanders@beard.info,IID#e2e4a12efc67dc318e2a4a86c53f18a5,01/04/2017,SKU#73b0769c7e1578ecab158382bd2ad1cc
"0908 Michele Overpass Suite 884 Port Robertbury, OH 87620",2129.59,Ryan Goodwin,17,(714) 773-8597,aimee02@hotmail.com,IID#8b6e60f5d6a3a1562d8914b70c6d3132,01/04/2017,SKU#0b0d4b77b1494ca873f4311cc88a9fde
"19165 Hayley Landing Suite 395 Markberg, NY 38243",1044.94,Nicole Nguyen,13,(345) 955-9923,rebecca44@hawkins-rogers.info,IID#e8aea24056720057ada20b2ecdbaef04,01/11/2017,SKU#9e0573ecb4a0800788a3aa64ad731bbc
"764 Johnson Center Suite 498 Nicholasview, IA 86278",1336.32,Jamie Cole,16,(361) 934-2627,christophermckee@hotmail.com,IID#f7d10d369028f7e58b37627be4b40978,01/13/2017,SKU#8f869fc4a3473614660a422d11365947
"672 Brian Path Perrymouth, SD 89348",866.5,John Willis,10,(552) 358-8046,nicoledennis@kelly.com,IID#a1c20549ed5a2231fcd3b8f8a2db2aa4,01/19/2017,SKU#c7d0f659eca42d5276b00fc3380e9d63
"512 Jerome Run Apt. 041 Greerfort, WA 60640",1614.8999999999999,Sarah Hamilton,15,(631) 044-0070,christinereynolds@gmail.com,IID#bf02e0da5c982f2e199e553d1221f5b9,01/20/2017,SKU#c31dfcf948d8fbaffb2fc39e18001ea1
"Unit 5646 Box 6698 DPO AA 96285",700.1999999999999,Justin Parker,20,(452) 861-8782,bmann@gmail.com,IID#e231ca1b34674da371389a311f373899,01/24/2017,SKU#cf419aec312cf4b6abaa849d67e31093
"98453 Anderson Freeway Suite 647 Evansland, VA 26995",2586.7200000000003,Misty Brown,24,(847) 524-4948,jaredwood@fernandez.com,IID#1a0e82313958c8bf39a06460d07efe73,01/25/2017,SKU#f1d3ff8443297732862df21dc4e57262
"457 Anthony Shoal Suite 178 Lake Valerie, WA 81085",2967.2000000000003,Gregory Patel Jr.,20,(979) 752-0320,mjenkins@yahoo.com,IID#460b678c76239437b0dc0a6e78df77c7,01/25/2017,SKU#21e2e8fe686ed0003b67d698b1273481
"507 White Falls West Daniel, IL 24088",485.92,Misty Peters,16,(972) 690-8608,dominguezmatthew@yahoo.com,IID#a020d63927d48025810350282c209782,02/01/2017,SKU#6682f9baf3150eadb9e47d4d8b59780b
"032 Brown Corners Suite 500 North Timothyton, ID 51760",1540.0,Tara Harper,16,(767) 446-3748,tanya51@hotmail.com,IID#70a01a646d7e959444bc51842daf5e94,02/06/2017,SKU#0bdc9969224bdff526cc6748cf8bd8c0
"3839 Arellano Flats Apt. 376 Stevenborough, CA 56147",1809.44,Alicia Long,16,(367) 860-4014,hstrong@hotmail.com,IID#bba2cb8ad624d09239b7783a2d8529da,02/08/2017,SKU#a45b79d07fca5434ec3ac8f6ebdca02d
"USS Villarreal FPO AE 06396",2676.87,James Nash,21,(581) 635-9984,james55@edwards-velez.com,IID#f5424a7d0f8be1f4c96e5415d21a3b1b,02/08/2017,SKU#5fcfa8adf29eda71e622d3242e753a65
"915 Zimmerman Burgs Patriciaport, IL 35001",435.36,Christopher Gillespie,12,(209) 099-3660,hannabrittany@yahoo.com,IID#544f718ce33d73722c174563ff35c2c6,02/09/2017,SKU#ddfd9afa54d20919ae66441a744336f9
"507 White Falls West Daniel, IL 24088",1195.2,Misty Peters,16,(972) 690-8608,dominguezmatthew@yahoo.com,IID#1d6a47060424331d7090c7d06e78626f,02/12/2017,SKU#26ed62afc80812fb9b14ad6ca4f32b86
"USS Kidd FPO AP 45162",1942.2,Lorraine Anderson,20,(193) 055-1398,osmith@yahoo.com,IID#8c83d60e1579e23cf57cf793c7e2b849,02/12/2017,SKU#49a0e45ae8dfba5e4161b60ab5330a45
"54954 Maxwell Rapids Shawnberg, AL 35788",993.44,Dr. Ashley Perry DDS,16,(612) 524-9219,buchanansue@hotmail.com,IID#517c33344673b458e44142d59fc3686e,02/13/2017,SKU#f76f0a335388e887c2b67433c8541115
"62898 Howard Gardens East Cynthia, MS 18245",883.8900000000001,Kenneth Collins,21,(695) 905-2034,xarcher@hotmail.com,IID#0f37a31eae2a1b3fab57b40a9533871f,02/14/2017,SKU#7a265747dc11d8a73c0ce39f3d0c6b7a
"682 Fletcher Parkway Apt. 648 Michelleton, NV 27828",1657.67,Gregory Walker,17,(737) 315-6282,morenokimberly@hotmail.com,IID#2b948e50baebfd12aa4c5e0ae69adbdf,02/15/2017,SKU#e6b62b76fb2eb2a0e0adde0c067da680
"PSC 0089, Box 4172 APO AA 54372",1626.75,Robert Bush,15,(984) 794-1064,matthewdorsey@gmail.com,IID#48f1d721fe2415e119c6da75bc834ffa,02/26/2017,SKU#f38f0b959cdd64bbbc5d73c2c24fddcf
"8360 Joshua Plains Jacobbury, CA 69110",333.59999999999997,Rachel Craig,15,(882) 276-1233,gonzalezpaul@gmail.com,IID#2e980b6f38c791746910b5dc9f49332b,03/03/2017,SKU#a66df92f58a96dbf30ae157c0d7e2ded
"26375 Gross Stream North Mary, CT 14473",741.66,Darlene Campbell,6,(157) 368-2141,xwelch@yahoo.com,IID#5c60b7776a7e1fb2f4ce3af2fcdd7bdc,03/08/2017,SKU#30c9bd1aee3794fd46bc99fc2a359212
"330 Angelica Forges Suite 077 New Shawnchester, NV 68541",535.0500000000001,Dr. Kristen Mccall DDS,15,(444) 046-0656,ronald26@stephens.biz,IID#57bf3a28ae77c9480285899ccd0ab0ff,03/09/2017,SKU#cddfae5d02ecddb6f66d23a6f88fe4fc
"80270 Weeks Crescent South Jason, NY 58801",907.9200000000001,Christopher Hodge,13,(871) 062-5298,dennisgarcia@wagner.com,IID#c19f4508d90eb80e604af3e59c33ea7f,03/10/2017,SKU#a6fdef745f091df850100797044448e6
"638 Eric Pines Suite 992 Lake Michelleport, DE 53916",900.1200000000001,Cathy Lozano,12,(834) 983-9593,kennethscott@wang-garcia.com,IID#6297d0a343d4a2213ffc376b1c7c12c5,03/11/2017,SKU#0a15f50911fbd69c7f0d921f313ce4db
"08520 Nguyen Inlet New Jasonland, DE 17110",2359.7999999999997,Darren Cook,18,(062) 316-8584,lisa37@hotmail.com,IID#2de8a0805790b4c59f1828b6e5960cc5,03/19/2017,SKU#1dd69f505b6b0a993b58a03ae51ada0c
"7566 Angela Glens West Elizabeth, TN 41160",1307.0100000000002,James Clayton DDS,19,(839) 184-0312,randy68@hotmail.com,IID#bb8632f50db909a1f312d92856c5bf06,03/21/2017,SKU#b85026155b964b6f3a883c9a8b62dfe3
"309 Small Oval Suite 186 New Susanland, WY 16268",359.68,Leslie Gibbs,8,(857) 888-7193,carol07@hotmail.com,IID#3de8ac3d5fca56a01c76ca5390394d7c,03/22/2017,SKU#becc18c1df698952a593bf005c8e8ec0
"037 Christopher Spring Apt. 450 Floresmouth, SC 95460",1660.08,Richard Espinoza,24,(032) 115-6624,ingrammichelle@melendez.com,IID#94258cb2838162c8123a005222d748ed,03/26/2017,SKU#f615e219175d923e1a35183696a98c91
"4873 Melissa Valley West Darryltown, ID 58989",2050.8,Pamela Carpenter,15,(031) 094-0083,amanda83@castillo-benitez.com,IID#31235b947555a3f92e401fae229e4a43,03/27/2017,SKU#f3a534d52e3fe0c7a85b30ca00ca7424
"8447 Tapia Motorway Lake Hollyshire, MT 10621",722.43,Madeline Huynh,9,(019) 280-9116,sandersstephanie@brown.com,IID#204f62e1a79c7c723d771039e05db2c2,03/30/2017,SKU#565aba2aa486212bffe024fefb3a8ba0
"75020 Alvarez Tunnel Suite 249 West Heather, NC 46782",1120.8100000000002,Lori Riley,17,(405) 929-0514,carriewelch@hotmail.com,IID#3d1436787d9f912eab5fbde0cdc0f100,04/10/2017,SKU#a67d568fd3cd6d93504c1352708fd8ba
"73512 Richards Orchard New Seth, VA 25814",1751.4899999999998,Melissa Taylor,13,(012) 415-8052,lowerypaul@yahoo.com,IID#88b50022b19d7426289b2c66555403e8,04/13/2017,SKU#e5b0327c41376ef19fc5edc9152529d0
"205 Madison Square Laurabury, WV 66040",1468.64,Kimberly Davis,16,(000) 471-8365,ubush@hotmail.com,IID#c31b08af81239c93b8ef67280cdfa189,04/14/2017,SKU#c710e5c03f09182686c59a220b566232
"484 Kenneth Cape Davismouth, DC 73252",1702.4,Kelly Jordan,16,(316) 954-0579,maria02@hotmail.com,IID#e3791de37c825ce99e968d038f53aaaf,04/14/2017,SKU#eeb20c9bc165677800b6dc7621a50cc9
"7322 Kennedy Light Morrisville, NV 70526",2280.16,Mary Owen,16,(965) 394-4569,zmorales@hotmail.com,IID#503d4b76eee4474eb0b7f4c3f2cd1d55,04/17/2017,SKU#7dea362b3fac8e00956a4952a3d4f474
"95538 Thomas Track Bishopbury, VA 17142",802.56,Henry Anderson,22,(444) 580-4654,hessdavid@rivera-wheeler.com,IID#78fcd2029453703a07b3e3bafb4f67d6,04/21/2017,SKU#53e079183ddf7a114aed02f9f4d3efbd
"110 Boone Freeway East Juantown, RI 78544",1846.0400000000002,Cheryl Fleming,28,(277) 308-3693,broberts@hotmail.com,IID#2e115168d68c569f07bc624fd9404bfb,04/22/2017,SKU#a67d568fd3cd6d93504c1352708fd8ba
"03537 Bryan Prairie Apt. 958 South Taraport, ID 35576",750.04,Adriana Butler,17,(810) 898-0100,talexander@gmail.com,IID#ffdcdd6d0b36393a7c1ea5fd796d60ea,04/26/2017,SKU#f2331152449c622545360f18dfdf0e2d
"8071 Jeremy Skyway Suite 019 South Troy, UT 57810",919.5999999999999,Michael Cox,10,(986) 357-9896,hannah67@weaver.com,IID#06ca82164e25fa14f0f6df0ab2522339,05/02/2017,SKU#e0a6fc12e9cddb11d637714157db14e8
"15202 Johnson Street Suite 552 Toddtown, DC 60589",694.6200000000001,Michael Davidson,18,(110) 221-8078,hernandezmichael@patterson.com,IID#cf0147237cf0f80cbee863ee1a049fd7,05/02/2017,SKU#eda6a5ecad2070fad8cb1a94359f9f57
"4416 Barbara River Port Shannonfort, KS 96607",1600.1999999999998,William Rivas,12,(522) 452-2145,zmoyer@gmail.com,IID#a0e99b32c76243b402a08437a38317d1,05/03/2017,SKU#34551e3e409bad979a917dab6912e1b1
"9960 Ramirez Radial Suite 317 Danielleton, CO 02321",1590.82,Marie Werner,14,(512) 745-5359,brandi21@gmail.com,IID#84d568a1899abbada3000faf0dad6b7f,05/06/2017,SKU#04dbc66d8e4559769bb38a92cd6f7d9d
"523 Crystal Isle Apt. 264 South Lindamouth, SD 21910",1364.59,Steven Preston,17,(469) 739-2596,opotter@franklin-parker.biz,IID#76a5d18eabf079a227292dcbd07be1a9,05/08/2017,SKU#565aba2aa486212bffe024fefb3a8ba0
"USS Buck FPO AE 61355",748.89,Catherine Brown,9,(222) 167-2470,christopherthompson@yahoo.com,IID#c1d22418bde2dc3c1fab74e72c102eac,05/13/2017,SKU#3ee924dfac555e1e940e11e84d347040
"4061 Smith Loop Suite 174 Klineborough, NV 16878",807.8800000000001,Jeremy Parker,19,(488) 723-8325,ugreene@gmail.com,IID#c5a4e2a206bcd12cb51c4521833bc5b0,05/15/2017,SKU#fa75a367ca8b7688d1959e228aafd946
"8187 Young Circles Travisfurt, MS 02861",1417.6,Adam Bailey,16,(859) 707-8239,morrisjames@morgan.net,IID#5a1bbcf3dc70230d72dc26ef01f07b76,05/23/2017,SKU#f7baa0ef2a6e106253085d6c0a5c0f03
"8550 Frazier Manors Lake Lisa, MS 17754",569.4499999999999,Kendra James,7,(546) 610-0863,eddiesmith@pena.org,IID#8e7404f623d85ea89ca7d2c8ccb1f63c,05/26/2017,SKU#2dcea950234175e3edf672936843ab5f
"74311 Wilson Hill Carolynland, DE 07012",1023.6800000000001,Bobby Vasquez,14,(267) 213-9161,susancain@johns.com,IID#cc5cd1f4255d7c2d43280fe137abd5cb,05/28/2017,SKU#87f5d8a4e70684e420eade3a1c662bc2
"59297 Jennifer Crest Suite 909 North Loristad, KY 95672",1372.18,Christina Wilson,19,(663) 090-0220,regina40@yahoo.com,IID#af03485501b4f29ebc9b03b84589e39d,05/29/2017,SKU#9a921c4351f15b4a634f0d4ba412952e
"34331 Mcclure Coves Suite 407 Andrewton, NV 76684",987.44,Jennifer Kelley,8,(489) 887-7494,riverachad@hotmail.com,IID#0f0b3ece4ed9977e8bf43098972a393f,05/31/2017,SKU#49a47e24ec21818ece7bccb86e9ad880
"166 Pamela Harbors Smithview, IN 74321",733.3299999999999,Kara Mccann,13,(705) 236-5803,robert85@hotmail.com,IID#ba7ba266c6b1d032f51514a751e1ed45,06/06/2017,SKU#2545788bb1d4ac5ab99547c491dff7d5
"739 Toni Pass Suite 043 Davismouth, WI 99874",1867.04,Douglas Romero,16,(379) 224-0143,cortezjessica@yahoo.com,IID#ebe760ae25b8a2af089518b6ed012471,06/12/2017,SKU#49e885c1bd66fc43e856a00e59d71188
"682 Fletcher Parkway Apt. 648 Michelleton, NV 27828",2574.88,Gregory Walker,16,(737) 315-6282,morenokimberly@hotmail.com,IID#7a2321b535cdb02ec86b2e8e13fc2cad,06/15/2017,SKU#b54b9c5d611b062aea9d8ec0d192335d
"09531 Bailey Courts Suite 359 Carrillomouth, NM 45778",1362.76,Marcus Gomez,14,(681) 265-2412,erin02@rivas.com,IID#f3bc97caa1862008c61ad66488d3b0de,06/23/2017,SKU#335a7c8e767a2dd0ecf3460eaabb0bbd
"03047 Wesley Landing South Christopher, CA 16305",2718.83,Nathan Hamilton,23,(099) 421-2592,ldonovan@guzman.com,IID#fd17e3e39f88cee7bceb4dc2e84f5761,06/26/2017,SKU#c65115ef444af8b8a7c17d1b47136331
"098 Owens Ramp Apt. 483 South Dawn, MO 90789",311.35999999999996,Ashley Olsen,14,(130) 383-2380,brownjennifer@davis-mcknight.info,IID#65af6aaaf7b4e79d07412ab5a3947d4e,06/29/2017,SKU#a66df92f58a96dbf30ae157c0d7e2ded
"6420 Chang Square Suite 122 Petersberg, NC 23800",706.3199999999999,David Schultz,24,(418) 940-7083,rherrera@gomez.org,IID#1d1554d5441f5d72132e45167066590e,07/01/2017,SKU#36ab5bbc84127288a4bfbab259005f93
"59703 Yates Forge Port Anthony, TX 28923",2618.32,Jasmin Conner,23,(521) 942-9702,herrerajames@sanders-long.org,IID#c16c8da983946fa27b1e7cb8c8c629c1,07/10/2017,SKU#835977829ed7e5d4eda983e33dc7868e
"6230 Burns Heights Suite 774 West Larryshire, MS 93186",2074.2,Emily Lewis,15,(937) 814-6016,amypowell@gmail.com,IID#4450c68bc4c91ca7ccb528b259a27dee,07/12/2017,SKU#bec7e4f13de9f987d917998cf040754d
"32343 Ramsey Cove Apt. 192 Port Tinaport, ID 94978",1483.86,Jesse Miller,14,(780) 180-8394,karenbrown@bass-rogers.org,IID#05bfc9ddfbb1b747bdb579f227ede30b,07/12/2017,SKU#ff9a2d3be0b1b401f5bbae30ab62a24d
"011 Jackson Gateway West Kylie, NH 41433",2213.2799999999997,Paige Lee,24,(776) 016-8862,carriejensen@boyer.com,IID#b9df68b8fc9f652496aba36af74dfdab,07/15/2017,SKU#e111197534abdbff0427985d2db30f48
"695 Trevino Forge Apt. 951 New Joshuachester, DC 15011",1012.2,Rebecca Trevino,15,(805) 730-0705,john17@yahoo.com,IID#a87125ad7852b033fa4ea6a0e5fc5961,07/19/2017,SKU#4081915d3c4916b6ccc35b6943175e1f
"645 Brittany Glens Suite 510 Brownfort, PA 67302",1753.8,Willie Brown,15,(795) 108-6969,kimomar@yahoo.com,IID#d3977dfe036a916ff4a290b516f60709,07/20/2017,SKU#527e3a39bc066f9dfcc85c57acc8d262
"079 Bush Oval West Vickieberg, WV 57187",1070.1000000000001,Sandra Wilson,15,(194) 116-9346,collierstacy@lamb-gonzalez.biz,IID#e214c3daba1027da10b84f2d83ae2cd5,07/23/2017,SKU#0c0753b0057a2f8db2ff040d916b016d
"276 Wendy Road Apt. 394 Jacobside, OK 03347",1282.48,William Greene,17,(469) 800-8082,foxkaitlin@gmail.com,IID#4196d9529abb8e64e1ce4978dffb86a9,07/29/2017,SKU#32b5e7886d1928c44fadc040471cc550
"54954 Maxwell Rapids Shawnberg, AL 35788",1143.25,Dr. Ashley Perry DDS,17,(612) 524-9219,buchanansue@hotmail.com,IID#91fdf20865c40b33f79524cfd1a9e94b,08/01/2017,SKU#fc0bc7885ad356801903e7f9e01fba4c
"3205 Smith Crescent New Edwardchester, AZ 28986",356.72,Gary Santos,8,(597) 155-1273,deleonmadison@hotmail.com,IID#1a7b23dc5a731249e60c871ff73b1db5,08/04/2017,SKU#1681f47bd5f4a89f10395c5b75c76fa6
"12859 Antonio Shoal Perezfort, FL 94170",1927.6599999999999,Joseph Flores,14,(917) 130-7906,ileblanc@walters-alexander.biz,IID#061049e29f0c6957ab7e8d8ac1925159,08/13/2017,SKU#9ce3b1ec053bb5a3b04ce82abafa835f
"40766 Scott Tunnel Suite 808 New Jillbury, WV 91481",991.98,Melvin Mason,11,(672) 348-2710,oford@gmail.com,IID#0f470d853e4325c74bd49d7af556f92b,08/17/2017,SKU#1a7c3b4c28eb0673aa12037a2b9739f0
"785 Smith Canyon Suite 289 New Nicholasfort, RI 21001",1001.6999999999999,Daniel Price,9,(383) 377-0011,anneevans@hotmail.com,IID#3321e3b7349decf8a4c6925d23c46e00,08/17/2017,SKU#c06c6123a8d3723eeefe8ed813b0658d
"114 Alicia Parks Suite 545 Justinside, AK 33432",556.8,Derek Dixon,12,(079) 025-8728,erinpreston@yahoo.com,IID#58ab09f0eb85eb7093b337432cfc4ace,08/19/2017,SKU#421cd12b43e660f10da31bee36e85f4b
"5087 Dixon Divide Suite 180 North Stacey, MD 72765",1545.39,Shannon Warren,21,(540) 878-4849,ethanhale@hotmail.com,IID#5a8c09536d1ea158ccd3106d6a911243,08/22/2017,SKU#b0b764a59edaf25c75cc6c1ffd6442a2
"2933 Martin Vista Suite 127 Petersview, WV 69109",2047.68,Michael Gutierrez III,18,(360) 456-9544,keithperez@lewis-brewer.com,IID#749d7bc39d10ab5f9b110529669b82d3,08/24/2017,SKU#5f54d1240735d46980b776af554f44d3
"930 Morgan Glen Apt. 797 Nelsonville, IA 16811",1350.8000000000002,Christina Santos,20,(970) 026-4933,christina48@gmail.com,IID#a6f90b9c72b336795aafd9a43f247f5c,08/28/2017,SKU#91492f3350f4a1c513741f6aa8a96b5a
"021 Monroe Plain Suite 058 Larryton, HI 48480",1120.98,Don Thompson,14,(612) 039-7219,watsoncody@hotmail.com,IID#26c801cd02058f61d437892efcbd0355,09/09/2017,SKU#5360b12f6a07af7be93437d215f72fca
"13212 Greer Curve Webbside, SC 18346",1656.72,Phillip Harrison,24,(986) 348-8496,evansbryan@hotmail.com,IID#8664949489716aaa0477690d672bf13d,09/09/2017,SKU#d28c293e10139d5d8f6e4592aeaffc1b
"73026 Kimberly Lodge Lake Suzanne, AL 35454",787.65,Jeremiah Richard,15,(024) 258-1019,haleybest@taylor.com,IID#7296ea50200e6672090b51fe6f749510,09/10/2017,SKU#2b62a30906a2b8bf3b68abd2ef9d105b
"6345 Smith Crossing Port Alexander, CO 10294",2407.68,Holly Campbell,19,(754) 269-6642,lauracoffey@hotmail.com,IID#b66ff233c46c80c22c4afbcdd4dbba9f,09/16/2017,SKU#25a495be8250cc90b02a483e82df99c6
"944 David Cliff Suite 330 Bradleyhaven, CA 26865",1832.18,Jeffrey Fisher,14,(954) 271-8074,jacob60@yahoo.com,IID#e868209901a25a49f51e4c89d7ed4976,09/17/2017,SKU#0d01ec8fa2fa784eabe391e1bafc42c5
"74658 White Light Apt. 232 Nunezside, CA 45370",817.74,Ricardo Butler,14,(594) 115-6845,littlethomas@gmail.com,IID#32627f737a18fa17cb210a924c352bcb,09/19/2017,SKU#0fb569bd35d44c9ffa7d4728af4e734f
"9914 Erica Square Johnsonshire, UT 45235",456.8,Regina Clark,10,(972) 155-5578,mcbrideshannon@yahoo.com,IID#713ab5dde5dd9d3928b1e1dc0b2e3ed5,09/22/2017,SKU#186129784bd76837125350e15ff96118
"972 Edwards Heights Catherineport, MN 64875",1657.5,Anna Martinez,17,(638) 017-7745,jenna73@gmail.com,IID#cd000183fdbded77db2255cecd8a9d8e,09/23/2017,SKU#6100ca818d4e71ce540663f9a2406ca4
"69017 Chang Course Apt. 336 Kennethstad, WI 81770",2678.64,Matthew Hamilton,24,(585) 854-3773,caitlinmcdaniel@murphy-jenkins.info,IID#8bb02ed3ff98fa016bfd4867587c7d01,10/11/2017,SKU#f7e545e231ffaaea63416f8e688e0104
"USS Scott FPO AP 61171",1318.72,Patricia Barnes,13,(872) 954-7766,tiffanyhess@mckinney-young.com,IID#095bb57d6c2d749d27678a57e0253e8d,10/13/2017,SKU#e3c4dd21a9171fd39d208efa09bf7883
"93136 Jamie Mission Apt. 693 North Ryanstad, NM 40946",805.6999999999999,Darin Thomas,10,(332) 249-6827,gilesanna@terry.com,IID#5b525c1ae297a1bc7f7b753dd983ed20,10/20/2017,SKU#0e50034267efee4f7bcfd62dc1b5f809
"28721 Mendez Key Suite 897 North Wayneview, OR 02681",634.56,Richard Myers,8,(800) 957-0416,fgreen@brown-wright.net,IID#5de93915de53443445d705384849ae30,10/22/2017,SKU#b7d01d15f7334eed7ea235515822f7d5
"298 Kenneth Lodge Wesleyfurt, DC 53179",652.08,Amber Morris,8,(290) 203-2670,harristaylor@yahoo.com,IID#03c00dcbb3965ac0656afc39c8ab295b,10/24/2017,SKU#2c16868331f82ff43059dcb0ea178af3
"PSC 3408, Box 2441 APO AA 77274",1480.86,Frederick George,18,(230) 564-1796,romerodanielle@woods.com,IID#3255e155c4492aac3e8ddb3ad91829f8,11/01/2017,SKU#55da46e7b387bce5c1fef34f97063beb
"0736 Williams Loaf Mcgeetown, KS 84124",891.6700000000001,Angela Hicks,13,(659) 699-7593,twatson@peterson.com,IID#4e0a293a5b638f0aba2c4fe2c3418d0e,11/02/2017,SKU#5363c96604a0db55e0fafc787385e36b
"4083 Julie Turnpike Apt. 550 New Lisa, SD 21600",961.24,James Conner,14,(794) 557-9848,nichole45@hotmail.com,IID#48bc6f2782141f4f6175cc2eee47f6e4,11/03/2017,SKU#66663b7d29e1bcbcfabbf26496f44d28
"8136 Leblanc Place East Dawnstad, WA 88747",1361.28,Derek Davenport,12,(040) 046-0992,jdaugherty@gmail.com,IID#b5a71adbc305619fbd097a125d3275a1,11/09/2017,SKU#3ece5b54f95dc81cd789dfd8490c000d
"95622 Crystal Forest Suite 020 Margaretfort, MA 98624",939.6,Steve Lewis,9,(437) 731-2197,wjohnson@hill.biz,IID#4412206237098949340a452c921be94d,11/09/2017,SKU#3905c62201a248ec1c59ea0c0f117117
"5186 Kemp Streets Apt. 987 Johnton, SC 70122",775.56,Shane Briggs,23,(871) 246-9958,nguyensamantha@hall.com,IID#901ff34ff767de2fd8b21fdf5d144cae,11/10/2017,SKU#65c21e8717a63abd00b80362511566f5
"135 Baker Turnpike Port Tiffanyville, OR 53565",1630.72,Anthony Lewis,16,(380) 248-4799,lbennett@mcguire-adams.com,IID#fac32a395733ae50547681e51c18efd8,11/14/2017,SKU#c712615f0f012ecd8913bf7d9098468b
"7390 Ashley Plains Wileytown, MI 08330",2610.3500000000004,Katie Oneal,17,(109) 543-3754,michellemitchell@hotmail.com,IID#c69afe263f31981fede1ab2a5db5df95,11/19/2017,SKU#1ef5e829303a139ce967440e0cdca10c
"14091 Howard Extension Suite 862 Kevinton, MD 38969",696.02,Theresa Wise,13,(679) 623-7169,howardherrera@lewis.com,IID#8307e1f0066f46d07d83cc4cbfd90252,11/27/2017,SKU#c2dc578691371996eab94eb37f6896e4
"7374 Linda Crescent Apt. 165 Markmouth, AK 83542",932.8,Samantha Hale,20,(422) 299-9150,johngomez@hotmail.com,IID#d924e5218abecdee845e997490d83d7b,12/08/2017,SKU#db73efcfe91a8a5873b5ac5f7c53a365
"1972 Christopher Centers Suite 405 Marcfort, IN 15858",1831.8000000000002,Melissa Edwards,20,(477) 048-6300,mckayjoshua@hotmail.com,IID#b53d7cb11164a42c4ee44944c3daaab1,12/28/2017,SKU#1eb29d02e82d0f5ef507ebd70d6eaa56
"90278 Timothy Overpass Suite 078 Lake Rachelborough, CO 93262",1061.6,Jessica Fritz,10,(898) 459-8511,romerochad@gmail.com,IID#755efe8e19a58e9a4a607720f0a32e8e,12/31/2017,SKU#2a78f84427d1d591409740722e60d793
"0341 Hopkins Turnpike Suite 706 Ericfurt, MI 24725",532.0,Mr. Andrew Guzman,14,(838) 488-2671,qsmith@hotmail.com,IID#b45fb53054e9390bcde107193cc265a8,01/01/2018,SKU#811fcb5aa8ed5d192793ed0351858410
"6123 Montgomery Mall Apt. 422 Johnview, DE 93664",1004.6400000000001,Laura Clarke,14,(797) 254-5641,kathleen98@gmail.com,IID#d89a89c43f7cf1cec00e62bc5766d44b,01/11/2018,SKU#167801ebcbcc7fa238fe2c62900c6f8a
"0736 Williams Loaf Mcgeetown, KS 84124",1741.44,Angela Hicks,16,(659) 699-7593,twatson@peterson.com,IID#bc1dba6d1da78762290446ffea3ca2a7,01/15/2018,SKU#0d92f9f093fe363ad97fe27675981f1d
"932 Jennifer Junctions Jodiport, IN 25699",1789.65,Thomas Strickland,15,(968) 066-4970,scott15@gmail.com,IID#a868b47728117c8ae8c29231319ef65e,01/16/2018,SKU#05fc90d38e2468528ad10b5ce0bff46f
"714 Mindy Inlet Apt. 956 Port Vernonborough, NM 85033",1373.8,Michelle Higgins,10,(769) 061-8936,dmartinez@lopez.com,IID#1237586c0a13c7195181a8cc278330dc,01/18/2018,SKU#e201927c77f2c0a3e0c3950ae931b6e6
"116 John Greens Lake Meganborough, OH 26527",1197.0,Hunter Robinson,14,(040) 082-9755,urivers@duncan-jones.org,IID#d23fd20a655a194c940eacead3f83360,01/19/2018,SKU#3d35b336ebb3fbfe61ea1e1041d510b7
"098 Owens Ramp Apt. 483 South Dawn, MO 90789",842.8499999999999,Ashley Olsen,15,(130) 383-2380,brownjennifer@davis-mcknight.info,IID#c40e69c4d27f48200b03db1567cf3aaf,01/19/2018,SKU#74c5747a96ed8e17f4835ec431fc391e
"USS Villarreal FPO AE 06396",778.08,James Nash,6,(581) 635-9984,james55@edwards-velez.com,IID#4e420fdd80e1792772256ee8b5cea52e,01/21/2018,SKU#a9235453f1fb672db828a673ed597d2e
"33543 Jennifer Ports Apt. 486 Santoston, IA 31229",1692.64,Matthew Johnson,16,(685) 368-2228,jeffreyphillips@hotmail.com,IID#202c6bfbfadf4e46d0ad3146a16d17b1,01/21/2018,SKU#3ce9d74193d28338494362767873ba7b
"7322 Kennedy Light Morrisville, NV 70526",2157.4500000000003,Mary Owen,15,(965) 394-4569,zmorales@hotmail.com,IID#3a282202044921e5b71713fad2a25c97,01/23/2018,SKU#668765baf858733a6f53e53dd878755c
"14513 William Meadow Kathyborough, GA 03469",1267.2,Brenda Smith,10,(503) 697-1294,rosesusan@fox.org,IID#6853fa66a717d70704a21e9f5025458d,01/25/2018,SKU#25a495be8250cc90b02a483e82df99c6
"096 Charles Causeway Lake Marcus, NM 94677",336.44,Brad Burnett,13,(471) 489-3626,ytran@hotmail.com,IID#da32c1c769e56993d4d72ecd26d4950b,01/25/2018,SKU#766249d959c74811d520bfc39f105933
"09461 Madison Crest Suite 795 New Terrymouth, MI 21680",2800.35,Michael Singh,21,(223) 552-9857,eric72@valdez.com,IID#4a47569a5884a0b83fcf89aba2652729,01/25/2018,SKU#34551e3e409bad979a917dab6912e1b1
"PSC 0247, Box 8913 APO AA 66113",516.8,Katelyn Valdez,20,(788) 987-9593,kpeck@hotmail.com,IID#f707225ef5bde8fda2dac8a8059efc84,01/26/2018,SKU#efdaddb1fa2fdce326c52fb89c220863
"Unit 4455 Box 8234 DPO AA 01389",386.70000000000005,Gilbert Smith,6,(409) 237-5810,rfoster@gmail.com,IID#2ca918d94830325d26af8f30993e6cb1,01/29/2018,SKU#3676e04cd30ad97e0534f53d580be89a
"51880 Hunt Glen Suite 019 South Candaceberg, TN 60866",1084.7,Luke Clark,10,(926) 091-1231,coxmelanie@frank-stewart.com,IID#18713ecf28014ffa5d3b882243120463,02/04/2018,SKU#a7df3766ea38999716bcf1033b36fad3
"298 Kenneth Lodge Wesleyfurt, DC 53179",1207.08,Amber Morris,21,(290) 203-2670,harristaylor@yahoo.com,IID#bfa2bc31aff88f72c9786569622ae09f,02/05/2018,SKU#11be6f5a9a46d74dfe7fdee344937b9f
"PSC 1552, Box 1847 APO AP 10748",3851.6399999999994,Danielle Hayes,26,(565) 680-4682,phillip07@hotmail.com,IID#b356c54785d820a69610f4251b24e5cc,02/08/2018,SKU#8722e1d435edf4a2e79a1aba0e555bff
"73161 Andrew Point Tuckermouth, MO 43674",1742.3999999999999,Robert Munoz,15,(604) 234-7137,veronica16@ross-chen.com,IID#9b98ff986b04133235a8ca6efd614129,02/12/2018,SKU#295952536db5fbb6a2a731247021f555
"9615 Arellano Glen Apt. 004 Vazquezmouth, AK 65521",2149.18,Alyssa Luna,22,(999) 027-2138,smitheric@gmail.com,IID#3f2dc38d66c7bbc0b1860d7bd9305a0b,02/14/2018,SKU#7b86d9557fe2ec804e5ebeab0f1c39d6
"793 Madison Lake Port Tylerbury, OK 08672",491.53000000000003,Kevin Sanders,13,(380) 294-3758,wendyjones@harris.biz,IID#9da128a9f628f4d34b5c678fe2fb6fe8,02/15/2018,SKU#c3c9945cae188df73afd04c6251ba98d
"4527 Neal Pines Suite 686 Leetown, GA 13880",857.34,Eddie Ortiz,18,(872) 160-0095,melissa42@hotmail.com,IID#6f4650f79614a781a68a741ecbe29ec2,02/15/2018,SKU#de3c77e86c8f132cb67976814a901841
"845 Williamson Stream Apt. 361 Brewershire, OK 04402",2518.3799999999997,Juan Hughes,17,(210) 828-4827,allisonlong@hotmail.com,IID#4a1b2149c5126fe12f0a0f4026540ae8,02/21/2018,SKU#8722e1d435edf4a2e79a1aba0e555bff
"65655 Kevin Fall Leonardport, NE 81239",1605.65,Nicole Simpson,17,(637) 912-4674,miguel17@thomas-perry.com,IID#70b3c98be04974749f43d34d10b2bc98,03/03/2018,SKU#0498cfb8aae1383c049e8ccdd85f3abf
"4573 Hamilton Manor Markbury, OH 15917",734.63,Elizabeth Stone,13,(491) 627-0331,owensbrian@anderson-torres.com,IID#eccf5db80c9e405c5e360e9c7ddbc55b,03/04/2018,SKU#b513ae819f7d8d10fa4f6cbfdf055b22
"394 Garrett Ferry Williamsbury, MA 60350",1820.52,Robin Arnold,18,(067) 673-7446,ewalker@gmail.com,IID#9f2805239e258caa23548be0ea1fd138,03/06/2018,SKU#60277079fca3996d910efdfa812dac81
"463 Patel Springs Carlosfurt, VA 84644",872.4100000000001,Maria Jackson,11,(579) 071-1254,bwilliams@taylor.com,IID#583c8e8dd8fd50de8aa1ba67df48e8de,03/10/2018,SKU#9d1101f2c45ce53f2ead40247bc2629f
"65655 Kevin Fall Leonardport, NE 81239",812.02,Nicole Simpson,11,(637) 912-4674,miguel17@thomas-perry.com,IID#176cdf51afd18687549886456693d512,03/12/2018,SKU#ea7d7bd6eece99eb35daa1e5f1decd60
"Unit 4455 Box 8234 DPO AA 01389",1636.9499999999998,Gilbert Smith,15,(409) 237-5810,rfoster@gmail.com,IID#95b32bea44f870ac84b35e080ff938e7,03/15/2018,SKU#99d47e45a30cb15418c49f7e087c9cc4
"Unit 2587 Box 0017 DPO AA 80150",255.2,Renee Brown,8,(316) 080-5941,davidlyons@wilson.info,IID#63f024053a20739c3b5a7e5e376c54af,03/15/2018,SKU#8b12b848f1cc13d4eb4c4cb4e59dfd46
"56351 Timothy Fall Suite 001 Garrisonburgh, TX 53993",2548.4,Donald Jacobson,20,(474) 937-4984,alexander03@clark.biz,IID#d6b2b20e9292fcc5cf2a9e7361f9fd13,03/20/2018,SKU#c402ea01f458a9dfb9e0fafa0c5eb21e
"38513 Young Ferry Suite 271 Raymondshire, RI 18897",1169.43,Joseph Harris,17,(855) 372-5742,tbell@patel-torres.org,IID#15be2f85d5f1eac491ba9c966888b476,03/28/2018,SKU#b85026155b964b6f3a883c9a8b62dfe3
"994 Medina Pine Suite 106 Lake Christineview, TN 35417",1164.96,Michael Snyder,16,(970) 054-4130,rnolan@johnson.com,IID#e8ec2485a41d1374e9ec9e8cf3bd4608,03/31/2018,SKU#b9d0bbf41234c5021f8d5f280421c4b6
"682 Fletcher Parkway Apt. 648 Michelleton, NV 27828",2689.16,Gregory Walker,23,(737) 315-6282,morenokimberly@hotmail.com,IID#8db12b0b279eef716110275d6b0fd380,04/01/2018,SKU#527e3a39bc066f9dfcc85c57acc8d262
"003 Murray Vista Apt. 677 Elizabethside, WV 16596",583.49,Thomas Rodriguez,19,(718) 266-4687,lovelinda@gmail.com,IID#d8d7aaba77d70ac739b4e7debac8aecb,04/04/2018,SKU#304dafe7369e8eabdd8e403d923c753d
"1957 Moon Mews Apt. 969 Amandamouth, FL 81176",833.1299999999999,Betty Scott,9,(847) 621-8557,christophermcdonald@gmail.com,IID#19b60ae1918952fe4176eabfb670c02d,04/05/2018,SKU#d26937a0a615266ccd9fb199e7fb7fb9
"65289 Vaughan Points East William, UT 37274",1692.0,Ashley Gill,15,(498) 593-7850,csanchez@wheeler-ramirez.org,IID#6e89004b8df7879d922fe39779c9a3d3,04/09/2018,SKU#f7aa819535e83034f3bb522cc8c6da75
"3790 Melissa Hollow Rayton, WI 52224",1350.0,Wendy Hernandez,18,(536) 635-0044,chamberserik@hotmail.com,IID#34da38b6132b46db831156034be6b92f,04/14/2018,SKU#47ff153f1d7396fa513426e9b17c9670
"98415 Gabriella Port Apt. 408 Caseymouth, IN 89807",1229.1299999999999,Sydney Allen,9,(733) 866-5944,ibrown@gmail.com,IID#c0c8ee4f480ded58c3c1c20be6f9be02,04/14/2018,SKU#3b8883ab58438b245c89bc76ee848752
"8751 Ramirez Glens Sheltonshire, MA 69044",1418.0,Richard Hughes,10,(376) 435-5578,jacqueline14@hotmail.com,IID#e28301cc32f87e900e2d7f98137a3222,04/16/2018,SKU#29dbb24810bdd7f802c1165f8bc3a714
"92060 Berg Coves Jimmyview, NH 05895",456.3,Eric Boyle,13,(406) 587-4171,gcuevas@gmail.com,IID#3a2b147875a5459634ce07ae9c294f01,05/06/2018,SKU#6b43b583e2b662724b6fbb5189f6ab28
"56304 Andrea Islands Suite 026 Davidfort, VT 64952",899.65,Meghan Mccann,19,(093) 568-0523,nancystephens@cooper.com,IID#b786f06ef507b43b7fae13938403178a,05/10/2018,SKU#b2d9d5b06c044b2b0e6ecb4e66d28f1d
"10216 Rios Mills West Michaelstad, AR 20639",1197.24,Emily Shields,11,(666) 074-9048,crystalmassey@yahoo.com,IID#cf5fd9d40ee966559a6e30a94ca9923f,05/15/2018,SKU#0d92f9f093fe363ad97fe27675981f1d
"47294 Petersen Station Apt. 151 Stevenberg, NV 52509",1949.1999999999998,Ariel Archer,22,(277) 877-7729,carlawalton@hotmail.com,IID#0722586b95af4037bc913a76c87f03d1,05/19/2018,SKU#f7baa0ef2a6e106253085d6c0a5c0f03
"353 Mills Neck Apt. 452 Sotoshire, WY 85472",696.56,Rebecca Wood,8,(953) 174-1541,stacy62@gmail.com,IID#bd43620e682f29eb51f862582cb7acd8,05/26/2018,SKU#cf69901e6d4609009dff8be5b3045c96
"932 Jennifer Junctions Jodiport, IN 25699",923.4000000000001,Thomas Strickland,20,(968) 066-4970,scott15@gmail.com,IID#f66c10cf0e4eb9164f1ffaef84567637,05/26/2018,SKU#a0afe8f4a12e00f1aa8f0e65e5228fe6
"8238 David Radial Suite 618 Maynardland, NC 31507",604.5600000000001,Lisa Giles,12,(106) 614-5703,robertosborne@crosby-wolf.com,IID#7d3479a02a8de7cb0633f4ff5b569dc0,05/27/2018,SKU#f3c8bdb6b9df478f227af2ce61c8a5a1
"74658 White Light Apt. 232 Nunezside, CA 45370",1000.4399999999999,Ricardo Butler,14,(594) 115-6845,littlethomas@gmail.com,IID#e2fabd541442ebe16c5ed60dda7ce253,05/28/2018,SKU#420d8ce955a48dbad2fcb7acbdee3d06
"096 Charles Causeway Lake Marcus, NM 94677",1139.1299999999999,Brad Burnett,9,(471) 489-3626,ytran@hotmail.com,IID#35f7c7fa458ec339c0209637add8f9bb,05/28/2018,SKU#881bd819b630b74c878755bdc8a8a83a
"39274 Cox Islands Apt. 421 New Jonathan, SD 80248",2123.3799999999997,Thomas Morgan,14,(823) 820-5002,jason61@hotmail.com,IID#ef53bf7af99944df3c719d407dffda8f,06/02/2018,SKU#f7c78514872f9cb5585f8d69532cd2d0
"2284 Miller Heights Andersonbury, UT 92016",1410.11,Victoria Olson,13,(205) 144-1822,ufowler@hotmail.com,IID#118e0966f6125c5dce11f71108a51a63,06/13/2018,SKU#a7df3766ea38999716bcf1033b36fad3
"6169 Andrew Isle Apt. 591 New Mark, UT 59086",338.94,Anthony Nash,7,(490) 236-4683,rdavis@johnson.org,IID#efcbc55324baf1c013b771e7934479c3,06/25/2018,SKU#be9a60d34f059d2adb8de94bcc620af6
"567 Williams Islands Mckenzieville, ME 73476",1128.96,Shelby Johnson,12,(666) 382-9707,andreafowler@yahoo.com,IID#34005b668373714020ee13bb459ff212,07/02/2018,SKU#aa9ecdc8d4e3ecddb3cdc851ea2eeb61
"665 Brittany Run Suite 831 New Stacy, TN 30049",1399.1999999999998,Susan Simon,10,(491) 442-9500,scott99@yahoo.com,IID#d5c5882f0a4e2ea85d48520d4f6a3411,07/04/2018,SKU#120bc01b4688cadcaf28acca2edc6497
"958 Taylor Loaf Elizabethberg, DE 90235",744.52,Connie Odonnell,14,(712) 871-4742,rhamilton@thomas.com,IID#accb3a3d0ca1600317ea50861bf5af2b,07/11/2018,SKU#dbc7cd01110560706c0574ecb971e5d5
"01467 Smith Glen Apt. 840 Port Brandonchester, IL 30535",2312.8,James Sharp,20,(233) 510-9310,dmedina@russo.com,IID#638d6e8bbca28ada7da8a3da4efcf433,07/19/2018,SKU#22e0412c502e998a7a89d0813bc8ba5e
"8285 Curtis Road Suite 150 North Thomas, WI 26715",675.4000000000001,Kathryn Saunders,10,(557) 892-7182,sonyamccarthy@palmer.com,IID#d372becd38e3e87d4eb7d80d4e1c93fd,07/22/2018,SKU#91492f3350f4a1c513741f6aa8a96b5a
"0358 Wendy Oval Apt. 433 Ramostown, WV 32304",2397.0,Angel Hoover,20,(392) 638-3826,perryedwards@hall.com,IID#f4d9b5042c49454ff2fbf8f7a5f4cace,07/29/2018,SKU#d20be465415527a913db5d2e3fb35127
"29302 Jacob Ports Suite 998 New Amyport, NV 48852",1455.66,Brandy Clark,18,(853) 447-9176,hjackson@fox.com,IID#5af0a1f895a4afa88ac1404ba5e151fa,07/31/2018,SKU#0b867e53c1d233ce9fe49d54549a2323
"2231 Hoover Court East Taylorborough, WA 19551",426.92,Nicholas White,4,(035) 586-3712,johnyoung@carter.com,IID#511f1192401039bc1f628e02a4332a50,08/11/2018,SKU#1079e8f69138f626c4065e314d2ba525
"58137 Boyd Route Cheryltown, ID 84114",492.70000000000005,Toni Shelton,10,(445) 271-8076,cmartinez@obrien.biz,IID#aff77a7bf85967e3a0899d6d6043e384,08/11/2018,SKU#77f11a9207cdc620a93a176108baf73d
"11586 Nicole Rapid Apt. 798 Brittanyburgh, DC 81994",1427.55,Alan Cummings,15,(843) 677-1722,donaldsanders@lewis.com,IID#c719a551aefd29b88dab2889c79327e8,08/12/2018,SKU#80802b088528adf260a52f1563f68b85
"3871 Kimberly Curve Brownbury, SD 87780",2552.64,Rodney Murphy,16,(568) 850-7549,teresa01@yahoo.com,IID#f846f271a90c4b78b7b350dfc4ea113c,08/12/2018,SKU#315f429f54ac64409bbf4acee92474d5
"06004 Danny Fields Suite 403 Lake Amytown, HI 04095",793.1999999999999,David Smith,10,(638) 954-2735,cherylbaldwin@schwartz.info,IID#65f756b3d317b431ffda25620c17b7d0,08/16/2018,SKU#b7d01d15f7334eed7ea235515822f7d5
"97374 Mcintosh Street Lake Jennifermouth, ND 71802",1365.6999999999998,Mr. Joseph Sanchez,10,(906) 515-4852,steven62@gmail.com,IID#cd1616edad7a22cc5141428f5ab61dfc,08/17/2018,SKU#3b8883ab58438b245c89bc76ee848752
"308 Farmer Cape East Leviview, VT 65753",1507.2,Tara Walters,16,(666) 622-7052,brian04@hotmail.com,IID#55a8bd58c6ea0734d6fa2d6212b17101,08/19/2018,SKU#d3fedce0593b389ea95e2f0abb26a14d
"Unit 7605 Box 3721 DPO AE 31342",881.82,Brandon Murphy,9,(995) 688-0725,melissaodom@johnson.info,IID#cb174c121bea29b1f00cb40f782eaee0,08/19/2018,SKU#5bccd8ff10735da26d5761d10b294a6a
"463 Patel Springs Carlosfurt, VA 84644",1594.36,Maria Jackson,23,(579) 071-1254,bwilliams@taylor.com,IID#a12455cf5736f68fb4caab09595a1d44,08/19/2018,SKU#f006e7d4dccfb3da2975fa59fc8f8079
"7732 Ryan Spring Suite 024 Villanuevaborough, IN 42394",658.08,John Smith,9,(665) 844-2557,twarren@cummings.net,IID#7ad14779bfc394e7f935dad26a53eefe,08/28/2018,SKU#87f5d8a4e70684e420eade3a1c662bc2
"465 Tyler Throughway Apt. 567 Williamschester, GA 83906",1964.6899999999998,Philip Gomez,17,(765) 561-4467,kenneth35@yahoo.com,IID#f008fd1436bd0e4abba1186cad28acd1,08/29/2018,SKU#9b7eeab7d5643bb97d4595d6b3ba7c6a
"308 Farmer Cape East Leviview, VT 65753",1785.3,Tara Walters,15,(666) 622-7052,brian04@hotmail.com,IID#1f2b76ce753bd0d4cc549ff6fe713ac9,09/09/2018,SKU#38f4e73d8ddc59d241dcc3f503e56b22
"806 Robinson Wells East Paul, IN 88449",590.52,Megan Simpson,21,(238) 013-3583,mbaldwin@yahoo.com,IID#67dba9d2faa420a319e721f5b65e6bc1,09/11/2018,SKU#790b47ce33356b9493e981bf105da7ce
"2631 Steele Landing Suite 274 Collinsmouth, NM 18846",1920.9599999999998,Renee Wilson,23,(926) 367-2417,steven15@clark.com,IID#c22ecc59999fdd25cca872c4722a8a04,09/13/2018,SKU#8f869fc4a3473614660a422d11365947
"5198 Joe Court New Brooke, NC 47016",166.92,Paula Peterson,13,(743) 793-1866,maria36@gmail.com,IID#748197f7fd2f29c688e6dd0f1634a503,09/20/2018,SKU#648d5447910adc3eab22b4d16e63f007
"3205 Smith Crescent New Edwardchester, AZ 28986",1163.68,Gary Santos,8,(597) 155-1273,deleonmadison@hotmail.com,IID#ef26c5e177884653d77c909dc46a2d6f,09/20/2018,SKU#78d9c664c638a1d59b95c322a29da3f9
"Unit 2003 Box 6956 DPO AP 00861",1248.5,Carmen Vazquez,25,(134) 794-1329,brookemiller@hotmail.com,IID#585a1546448b2beeb528eee35589adae,09/21/2018,SKU#4034db804ab2f325a46c8c3d1a6c2d73
"392 Ferguson Island Apt. 834 Port Linda, MO 75052",1842.08,Christian Schroeder,16,(400) 955-2315,hannahbennett@hotmail.com,IID#281a6b384304a4940946b8016a6251a3,09/21/2018,SKU#3c2bfeac2ec39c652fad00241bdf552f
"9890 Morris Lights Suite 957 Cunninghamton, FL 14564",1271.16,Jennifer Kelly,18,(263) 112-6172,tamara23@valenzuela.org,IID#ce4463cb1ad2d3f7a454597b0cf5459b,09/23/2018,SKU#6c4bbc2191b9fca407592ebc86567a12
"PSC 0089, Box 4172 APO AA 54372",1283.6599999999999,Robert Bush,14,(984) 794-1064,matthewdorsey@gmail.com,IID#9c9cc11ca7e4f794802c00bd6e3bd28d,09/23/2018,SKU#1dc439aca90bbdf4c4c9a31543252fe3
"62898 Howard Gardens East Cynthia, MS 18245",2386.97,Kenneth Collins,17,(695) 905-2034,xarcher@hotmail.com,IID#cc88a5663565a972c4b4af4491802271,09/25/2018,SKU#be2429905922fc27578f75842b95af6f
"1932 Victoria Trail South Catherinebury, GA 78648",578.34,Daniel Alvarez,14,(315) 840-3857,maryrobinson@gmail.com,IID#dec51e5e9a6e9829b87a41cc82414f76,09/25/2018,SKU#9e9ce8da0aa4d8def53db58387caa205
"34331 Mcclure Coves Suite 407 Andrewton, NV 76684",1414.3500000000001,Jennifer Kelley,15,(489) 887-7494,riverachad@hotmail.com,IID#d52bee2eb5ce69886b2678813d167564,09/26/2018,SKU#149e9d3008eb45be7b0b57c19065d57b
"9174 Osborn Forge Lake Todd, TN 54619",286.34,Jessica Beasley,2,(760) 492-5290,jamesosborne@mendez-johnson.net,IID#a5d22355255eff22f6d48c84ffc95dd7,09/26/2018,SKU#601b95dc9f1512fc0c7d6388d2f37a37
"843 Ward Lodge Suite 873 Andersonton, NY 41742",2571.08,Steven Sullivan,19,(727) 422-6975,nicoleclark@yahoo.com,IID#1d0235c4d1b2717e2fdd4e4e95e87c1f,09/30/2018,SKU#3b5d3c7d207e37dceeedd301e35e2e58
"8188 Amy Drives Darinburgh, MD 39814",2092.48,Tammy Gross,26,(912) 795-6104,lbrown@deleon-morrow.com,IID#8c03632683240299412307341773b3de,10/02/2018,SKU#e2aa232794d64feb5851d2e48454c4c2
"867 Fernandez Track Apt. 062 East Maryport, VT 27760",1791.5100000000002,Christine Murphy,19,(002) 621-2319,wayers@hotmail.com,IID#9fe83138d818af91932bf8b9cc0d6ac0,10/05/2018,SKU#149e9d3008eb45be7b0b57c19065d57b
"4469 Angela Row Apt. 602 Lake Rubenhaven, SD 19095",577.1500000000001,Sara Hughes,17,(737) 185-2171,nicholsonyolanda@gmail.com,IID#52f041798e7f5c980fe37a32edb89949,10/06/2018,SKU#714648d2aa2d73c96e0bf598fe1947a3
"5261 David Cape South James, UT 50267",1313.6200000000001,Carlos Young,22,(006) 397-3773,kathleen86@kennedy.com,IID#01ed641eb9b73d8e7391315c28d4d0c1,10/12/2018,SKU#f536fbf78e26387affb82ee89943b870
"PSC 0089, Box 4172 APO AA 54372",2606.5,Robert Bush,26,(984) 794-1064,matthewdorsey@gmail.com,IID#66799e30064a60b63ab66147d63e8877,10/14/2018,SKU#417c67707ad8fbb5300140892c8666cc
"23934 George Groves South Theresa, IL 36208",2316.75,Ryan Solis,15,(632) 076-4999,uwilliamson@bryant.com,IID#6e38db2a4c34cd87dedd490a8ee55a57,10/19/2018,SKU#5632090e276f96fe6f833a2e0f75cdf9
"022 Jones Rapid Suite 423 Diazstad, MT 31193",449.92,Patrick Jackson,16,(253) 896-1714,rachel90@gmail.com,IID#cd582334eb73ad32d265cfe058b66568,10/20/2018,SKU#8c3dd65e8c58f99f970296b73a6be417
"9592 Buchanan Ranch Apt. 864 Belindamouth, DE 61504",354.25,Tracy White,13,(910) 365-8171,lucasmichael@gmail.com,IID#3b205e653ac19140f600e0471fe4f848,10/21/2018,SKU#323821054750939d32c26fec3a5ab7a5
"944 David Cliff Suite 330 Bradleyhaven, CA 26865",1929.4,Jeffrey Fisher,20,(954) 271-8074,jacob60@yahoo.com,IID#3469374ea427e553661eaf5fb8ca3e63,10/27/2018,SKU#3db1245b1350a34c1a8aa762299dd415
"32343 Ramsey Cove Apt. 192 Port Tinaport, ID 94978",1196.69,Jesse Miller,11,(780) 180-8394,karenbrown@bass-rogers.org,IID#bef263ef67b9ef366ee56acac57419e4,10/29/2018,SKU#6995ecc80f661f51b5f3a40dca5df020
"30984 Matthew Neck Michaelville, GA 43520",2190.54,Edward Clements,22,(619) 126-4663,kharmon@hotmail.com,IID#4b17a61b8fd537cb53f4dfdfbf690bf4,11/01/2018,SKU#1a6514b5e65eeab78790c78c5cdd5953
"USNS Lawson FPO AP 50265",1760.01,David Sanchez,17,(141) 917-8272,leonard83@hotmail.com,IID#c9cfcb91a58b474b8821e6ddf78a2cf4,11/02/2018,SKU#bfd4f3f518d771ed1e163a74360c8782
"Unit 5646 Box 6698 DPO AA 96285",466.65,Justin Parker,15,(452) 861-8782,bmann@gmail.com,IID#5790701d0e4b2077f775a98f277a7076,11/02/2018,SKU#de6c1bfebf1154bddffd37653abba499
"4940 Amber Flats Apt. 638 South Josephfort, TN 82551",967.41,Corey Reilly,9,(087) 311-5397,maysandrew@yahoo.com,IID#e1ac4b86d38c32ebe354c17dbc9020cc,11/03/2018,SKU#f7f8b6f5a04cca6bb1f3b19a9f4ad9e7
"PSC 7057, Box 6975 APO AA 03497",732.69,Rebecca Randolph,7,(207) 552-8693,radams@smith.com,IID#218abe8405b79cb688d0f1d705e35865,11/08/2018,SKU#9f89b49e6e4b81eb9a3ef6a5d8924461
"4625 Michelle Summit Scottland, MD 67051",770.4200000000001,Cindy Walker,14,(264) 092-0051,marissa04@gmail.com,IID#55b78619e6f8fe1b2284d05a08fa8a4a,11/12/2018,SKU#b1fec41621e338896e2d26f232a6b006
"5906 Charles Station Jamesmouth, NH 82264",2613.9500000000003,Francisco Sweeney,23,(623) 632-9363,charlesgriffin@barber-jones.com,IID#ab9bf451b249344afff44a597cd569f5,11/12/2018,SKU#385bea3f7f645aa973e0f50400c25979
"PSC 3423, Box 7237 APO AE 94378",642.6,Sherri Savage,15,(680) 765-5876,jstewart@hotmail.com,IID#16bc278b3145f18f3cfb0b31a04ef62e,11/16/2018,SKU#2c02751412cdd185c01b53630e4fb8d2
"38513 Young Ferry Suite 271 Raymondshire, RI 18897",793.6800000000001,Joseph Harris,12,(855) 372-5742,tbell@patel-torres.org,IID#c13c57218c5d2f7a6ee31f3b77b85d8c,11/28/2018,SKU#169c7a31eb0d6b96e4eae21bec189582
"2627 Andrews Alley West David, GA 94198",835.94,Carla Gaines,14,(035) 504-4790,juanross@yahoo.com,IID#fb3e16c58b56bff0ce0bc6da26f774fd,11/30/2018,SKU#f536fbf78e26387affb82ee89943b870
"5844 Hayes Flats Robertborough, CT 56340",2653.35,Mr. William Garcia DDS,19,(151) 377-8273,cheryljohnson@hotmail.com,IID#33711acd8b0f23e214f70d5a58b1c5f3,12/02/2018,SKU#f3ae5df8aa230821696ab95edf0bb5bb
"2858 Jamie Ford Suite 225 West Victoria, TX 57326",1953.8,Austin Gonzalez,20,(644) 201-4523,eric08@yahoo.com,IID#f31ec7e2e17c0e9832848bfcff4a0535,12/03/2018,SKU#7b86d9557fe2ec804e5ebeab0f1c39d6
"9511 Robert Spurs Apt. 462 North Kelly, NE 67987",2742.8100000000004,Christopher Nolan,21,(326) 855-2727,cbishop@garza-perry.info,IID#b236b74faea73b1e880f6a869967266f,12/09/2018,SKU#c9ea3314b91c9fd4e38f9432064fd1f2
"88515 Lori Square Suite 967 Karenland, MT 53094",2185.12,Natalie King,16,(134) 490-3978,munozamy@miller.biz,IID#c8899b02d8f184651106f2c55a2aaa76,12/17/2018,SKU#3b8883ab58438b245c89bc76ee848752
"90919 James Crescent Suite 932 Lake Ronaldfurt, NH 29214",323.26,Edward Barker,7,(747) 970-3705,alyssaaustin@yahoo.com,IID#2be89326bca22ff37ca1153f1923fea7,12/17/2018,SKU#3bc9355c2e32b02cd125e0bc6e008ebf
"480 Chan Groves Kirkview, PA 87323",831.9,Francisco Phelps,15,(662) 180-3334,rojassandra@reyes-hernandez.com,IID#a89aa15c7e1a02b81301e8ff58a729a2,12/17/2018,SKU#93a2fdbfe3bd18cfa0620f2632efa4d4
"PSC 3902, Box 3515 APO AA 44539",1616.3,Nancy Smith,14,(526) 750-9967,theresabrown@yahoo.com,IID#07d9a22a051d9931658782dedc93fe75,12/18/2018,SKU#2c37f212012917a7a9a6410ebba1f27b
"094 Michele River Apt. 633 Leonardton, WY 07200",1747.4099999999999,Brittany Foley,21,(069) 134-3067,wmurillo@wallace-jenkins.com,IID#856953cb9716074182526d4fbe0e9835,12/27/2018,SKU#3ee924dfac555e1e940e11e84d347040
"76423 Paige Square Suite 165 Chadstad, SD 05161",1715.25,Jamie Kim,15,(413) 975-6968,kyle99@stone-colon.com,IID#540c17ee8f54c538e73cca63bfccc437,12/28/2018,SKU#fa8715078d45101200a6e2bf7321aa04
"5961 Daniel Row North Bradleyfort, DC 37648",1823.58,Tanner Stuart,22,(943) 231-5739,adamslaura@hotmail.com,IID#5e13557922cee0a48406133e3ec333f4,12/30/2018,SKU#cd5d2472a2bf9ac7eb4e15146b30bd2f
"USS Keller FPO AP 35616",1187.25,Dr. Erin Vaughn,15,(081) 127-8773,torresjames@johnson.com,IID#5e0af34d3647189218df7a1f029eabd4,12/31/2018,SKU#bf7abfdb63237357df8b9ac253005496
"7689 Douglas Inlet Suite 993 Anthonyport, UT 43024",668.56,Rhonda Rhodes,8,(860) 985-0833,joneswendy@davis-nichols.org,IID#4b58d20a258bdc29282adfe6f5d264e8,01/10/2019,SKU#64fab0277e9b50a6b157b1360d4b6836
"445 Duarte Village New Thomas, AL 94717",1171.92,Juan Garcia,19,(955) 035-2607,qmcfarland@bell.info,IID#8587869a4d396cbb9910f618451c6e0a,01/17/2019,SKU#55215e8f92d35f26cca06fa9d5d221e9
"7048 Harris Avenue Port Alexandermouth, AZ 20553",1602.12,Sarah Gomez,13,(966) 317-1059,fordjesse@yahoo.com,IID#43cc1dda6e6c68de91fb3a13264bdb90,01/19/2019,SKU#15120767b40b12ccc180202acd5b968a
"054 Matthew Meadow Suite 658 Matthewfort, NM 36822",465.12,Joe Payne,18,(058) 851-5283,cindy95@gmail.com,IID#8aebbbfd823c0f2333683c21a7c1d96b,02/03/2019,SKU#efdaddb1fa2fdce326c52fb89c220863
"4940 Amber Flats Apt. 638 South Josephfort, TN 82551",676.26,Corey Reilly,13,(087) 311-5397,maysandrew@yahoo.com,IID#51133c7ebc9a2af1884255c3648120e5,02/06/2019,SKU#dc63172a798a0445eb28d0faa053ef42
"8377 Bartlett Light Apt. 392 Bryantside, OR 80578",918.0600000000001,Rachel Jackson,13,(986) 011-0628,carpenterkathleen@duncan.com,IID#0d1142e0611cdb15b440255ccdad104a,02/08/2019,SKU#6c4bbc2191b9fca407592ebc86567a12
"632 Jennifer Radial Apt. 772 Stephanieshire, KS 39320",3510.2599999999998,Robert Long,26,(331) 137-5622,fclark@dominguez.info,IID#bfa261f171d3c3ffa4d46d3253460389,02/08/2019,SKU#222f7d881ded1871724a1b9a1cb94247
"50690 Timothy Curve Michealtown, NY 74411",1985.25,Robert Gilbert,15,(257) 723-2541,walter94@gmail.com,IID#076476d4d641575ecd0a6d2ede0fefa8,02/12/2019,SKU#ead9e956ece48d39b5f5a4f685c7d63f
"22384 Burton Turnpike Apt. 703 Port Elizabethmouth, OK 90733",1716.96,Holly Baker,14,(361) 852-0549,gharris@figueroa.com,IID#c9b0e350928a20acd26ec73e4f3b7704,02/14/2019,SKU#7ec690b9bbbb7ed4aded30cfc17ef546
"2974 Gibson Court New Johntown, WI 25189",1046.88,Luke Fields,8,(502) 964-2960,pmeyer@park.com,IID#ac95ac19214055ba3fb4ff4176cd4c7d,03/03/2019,SKU#590c5944c504ed6c86b6136179b27841
"074 Conley Trace Apt. 903 North Troy, KY 62919",613.9,Jennifer Wagner,10,(341) 911-4826,nicholas32@yahoo.com,IID#5808d48dce40eab2a8c0c1e3f127e590,03/04/2019,SKU#45108b72c040e03ccd2e22d15419eff3
"480 Brian Village Scottside, WV 07559",1831.8000000000002,Julie Davis,20,(124) 357-4345,williamspaul@henderson.biz,IID#bad1a62fd8a66f7d36ca3e1e302a2d8a,03/16/2019,SKU#1eb29d02e82d0f5ef507ebd70d6eaa56
"3390 Scott Fort Suite 381 Port Timothy, VA 24439",1273.47,Tina Browning,11,(200) 688-7872,robert60@richardson.com,IID#42f91e47e4e79a980b41b979323a606f,03/18/2019,SKU#73b0769c7e1578ecab158382bd2ad1cc
"Unit 5200 Box 4960 DPO AP 86003",2001.78,Brandon Holder,18,(966) 719-0120,tonihoward@cooper.info,IID#593135b42472ae50d7e1d4221b834359,03/21/2019,SKU#c339b3f518bfc65c3a4568de89fbcdb6
"780 Rogers Walks Suite 241 Amandatown, MN 88931",1025.18,Tim Bradford,13,(020) 880-7195,kimberly60@bell.org,IID#79dc75c3732037a3244100150234141e,03/26/2019,SKU#f57be49f276a617a7128ce9e8c2163cb
"303 Cherry Islands Barrville, UT 42796",1775.3100000000002,Brandon Turner,17,(461) 075-3536,bonnie77@pitts.biz,IID#f30fa775a827146cbe187ff2cf6f48cc,04/11/2019,SKU#435eae56fda2f77c534ce3c916573cf3
"54534 Adam Ranch Port Robert, LA 64162",904.48,Kelly Trujillo,8,(097) 488-7632,vargasstacy@hammond-walker.org,IID#b606d7cc275feeef1b39989fa49bc5c9,04/13/2019,SKU#83e0cba63de0511e1f933e9a662afaaa
"517 Donald Villages Henryport, LA 67252",1648.0,Sarah Martinez,20,(526) 392-9872,jamescopeland@gmail.com,IID#f32656c5c7b45b52fced8ee89d3e3a51,04/16/2019,SKU#f7ea476ffac36f9a1d4915a18d79dbf8
"8360 Joshua Plains Jacobbury, CA 69110",2287.34,Rachel Craig,22,(882) 276-1233,gonzalezpaul@gmail.com,IID#87a683ef054e4d1058ab7a5c6d955980,04/29/2019,SKU#bceef68cb887519b438771840de07a60
"332 Morrow Crossing Erikabury, TX 68991",883.1999999999999,Dawn Robertson,10,(267) 556-4121,bfry@singh-peterson.biz,IID#40b0b4ef58c2b44d03bfc91233bfe653,05/06/2019,SKU#2a4ea5937237dcc9a394b47665d76acf
"851 Terry Station Apt. 493 South Kelly, VA 79467",1369.8,Matthew Zimmerman,20,(092) 542-7948,mindyguerrero@jimenez-simmons.com,IID#8bcbc33f8a85ea3d2127c8df999c7bf8,05/07/2019,SKU#6294c74db1a4aac788765b4e0a0278b5
"9792 Alexander Station Apt. 582 Lake Tommyton, IL 49349",660.45,Tiffany Thompson,15,(330) 251-9668,matthewlee@castaneda.com,IID#6acdcba119725ce515720a651bdd0502,05/14/2019,SKU#90b9f5f36ab38f3fef5692014ceceb78
"704 Love Manors West Nicholas, DE 03988",2023.34,Raymond Russell,17,(065) 541-8369,kristinfleming@hernandez.org,IID#c0868acb71132aaf51d8e4551442f292,06/04/2019,SKU#38f4e73d8ddc59d241dcc3f503e56b22
"USNV Richardson FPO AE 25878",160.5,Gregg Ortega,10,(216) 076-2927,smithrachel@kline.com,IID#7d192ff635d4607ac55dd06d45162113,06/09/2019,SKU#1229df03e013e7db1833e9a5e7861dd0
"399 Rebecca Squares Apt. 917 Normaville, WV 06241",1269.97,Daniel Smith,13,(428) 338-3608,jason22@strong.com,IID#d355322c4ead7716790029212faf8cf3,06/13/2019,SKU#7b86d9557fe2ec804e5ebeab0f1c39d6
"2467 Danielle Lock Apt. 405 Dianeborough, ME 22378",1850.6999999999998,Jennifer Johnston,15,(884) 224-3016,donald44@morris-brown.com,IID#e04af3c58dd191b269443e1d5b2121cd,06/18/2019,SKU#d567f75fba75ba13d448b5deaa208e67
"567 Williams Islands Mckenzieville, ME 73476",972.8000000000001,Shelby Johnson,19,(666) 382-9707,andreafowler@yahoo.com,IID#2e8f34f3e115511680f55a491d9b1630,07/06/2019,SKU#8c1d71b2bf2d4d1eea6a825412dd4544
"8071 Jeremy Skyway Suite 019 South Troy, UT 57810",1939.08,Michael Cox,22,(986) 357-9896,hannah67@weaver.com,IID#f30f33e2924b2b4fd60c748aaf3d2cb4,07/06/2019,SKU#79680cd55a6b3db8e34b3ce1905b441f
"479 Kelly Brooks Apt. 427 New Kimberly, MD 26083",1257.39,Kenneth Delgado,9,(125) 262-0135,marthapugh@elliott.com,IID#fe2c34400addf2d008b5df77c6fb5c47,07/08/2019,SKU#27cf216aefe52d3245e88b0aa23a1677
"77917 Sheri Lock Suite 873 North Deborahmouth, ME 27724",1685.18,Andrew Daniels,14,(363) 818-2902,mendeztony@carter.com,IID#a01b2a8cfa420e852b978575e2323bfe,07/14/2019,SKU#74da4121dc1c0ed2a8e5b0741f824034
"851 Terry Station Apt. 493 South Kelly, VA 79467",1222.98,Matthew Zimmerman,17,(092) 542-7948,mindyguerrero@jimenez-simmons.com,IID#b77b0bb464f50a2163806d967e0b5b5d,07/15/2019,SKU#fb81d628255e2a9b08e67cdbf462093d
"7048 Harris Avenue Port Alexandermouth, AZ 20553",313.14,Sarah Gomez,6,(966) 317-1059,fordjesse@yahoo.com,IID#52d76b9143a088b402870cb9fd649055,07/20/2019,SKU#38cb782b7a81d1914df7b3bb4457e412
"022 Jones Rapid Suite 423 Diazstad, MT 31193",1767.48,Patrick Jackson,13,(253) 896-1714,rachel90@gmail.com,IID#ee39fcdfbd39c697913b798d520984ba,07/26/2019,SKU#c20019258ca235d2408334dfbc5e67e3
"903 Roberts Court Apt. 032 West Raven, PA 43529",2121.94,John Johnson,17,(658) 379-0604,victoria18@morris.com,IID#55e18f6626ad39b701c39a50c019c86d,07/31/2019,SKU#1135e286fb5224ef530f4ce0ec4a2835
"1623 Simmons Motorway Suite 752 Davidstad, WI 06240",2533.65,Melissa Hull,19,(372) 328-7745,mweiss@moore-richardson.com,IID#d8b506ac5b8620c863ba591e30e9d26d,08/03/2019,SKU#34551e3e409bad979a917dab6912e1b1
"122 Michele Light Lake Steven, NV 57490",956.6999999999999,Erica Wilson,18,(684) 988-0518,rbeard@gray.com,IID#3ebc498274198e0056dac68f08838ed8,08/03/2019,SKU#965c023ba38a94183b90080b81222695
"465 Tyler Throughway Apt. 567 Williamschester, GA 83906",1934.27,Philip Gomez,13,(765) 561-4467,kenneth35@yahoo.com,IID#9d1924fa0e16b5bd7336b3614728e5f1,08/03/2019,SKU#5d52c133dbb0c7dda6de26ed1ca2c54d
"489 Johnson Trail Apt. 903 Lake Brittanyborough, CT 44315",2549.6,Michael Chambers,20,(456) 661-2511,kimberlybryant@fowler.org,IID#8e903a57f09018012a1f3429d446abc8,08/14/2019,SKU#8ceac52c503f2bc4eefecc3d8a391fa6
"46585 Douglas Port Andrewfort, CT 02095",2408.05,Tina Nichols,17,(217) 443-6390,brian69@hotmail.com,IID#482147e8c1e52c4e3b01d6de55f6a004,08/16/2019,SKU#3f1151e276816a851f7d8b831a109e59
"73026 Kimberly Lodge Lake Suzanne, AL 35454",1916.6699999999998,Jeremiah Richard,21,(024) 258-1019,haleybest@taylor.com,IID#66b252c95a85c38b93c133ab511bf476,08/17/2019,SKU#ccbdf684d154d86984b984bef22fb71f
"568 Michaela Roads East Katrina, DE 77649",954.5999999999999,Amber Jones,12,(337) 725-6954,combsbrett@ho.com,IID#9b9488aa260ea4c306c08a0878046bf5,08/18/2019,SKU#299c365bb82b69e7f4312ad662845bde
"PSC 7429, Box 2472 APO AE 60463",1289.8799999999999,Don Nelson,12,(005) 047-3719,dianephillips@russell.com,IID#6f0ef610ff6707d23f0cce8528a7f83a,08/19/2019,SKU#f7f8b6f5a04cca6bb1f3b19a9f4ad9e7
"84633 Wendy Summit Suite 529 Robbinsview, DC 29032",1854.15,Dr. John Randolph,15,(422) 826-0131,tiffanyperez@gmail.com,IID#3684dc2e2d344775746f4c5f90102512,08/22/2019,SKU#30c9bd1aee3794fd46bc99fc2a359212
"USS Brown FPO AA 01970",2059.6400000000003,William Oneill,22,(542) 246-8861,garciaerica@hotmail.com,IID#094c71549a62c752a1e31f38ce02cf39,08/23/2019,SKU#9e1f8a61a2b5fad69d29c10bf7057d30
"3071 Haley Rapids Suite 826 Lake Colleentown, NE 01914",1031.1599999999999,James Simmons,13,(424) 931-2899,oreyes@henry.biz,IID#382cebab9d48eae7bade4b0b55405b45,08/24/2019,SKU#b7d01d15f7334eed7ea235515822f7d5
"6878 Edwin Groves New Nancy, DC 49122",1902.47,Jason Copeland,17,(422) 092-7816,jerome36@lee-porter.com,IID#8ca261355011eb4fe33b90a3a03e635c,08/28/2019,SKU#530760e26291763b437871583c568557
"99075 Fox Hollow Suite 115 Dawnstad, NH 53299",716.8000000000001,Bob Benson,14,(768) 246-5507,marcusfowler@clark-evans.com,IID#e79ed3161284c08649459c7c22b7a77a,08/29/2019,SKU#8c1d71b2bf2d4d1eea6a825412dd4544
"7322 Kennedy Light Morrisville, NV 70526",661.8,Mary Owen,15,(965) 394-4569,zmorales@hotmail.com,IID#884b008a0820312c0014e2f0c335a132,09/06/2019,SKU#f2331152449c622545360f18dfdf0e2d
"0341 Hopkins Turnpike Suite 706 Ericfurt, MI 24725",1690.52,Mr. Andrew Guzman,13,(838) 488-2671,qsmith@hotmail.com,IID#f200baaa03c468d41c637d7607bc095a,09/10/2019,SKU#ac3b5a19643ee5816a1df17f2fadaae3
"14855 Wilkerson Trace Apt. 691 Mariafort, GA 61260",116.34,Victor Smith,6,(016) 969-3609,timothyalexander@gray-becker.biz,IID#9da72a379f892045646a671d6ca50ca4,09/13/2019,SKU#5896cf4827474d1dd04f483e94f82442
"867 Fernandez Track Apt. 062 East Maryport, VT 27760",964.7,Christine Murphy,10,(002) 621-2319,wayers@hotmail.com,IID#14759924d6de133e0ac596d54ca84422,09/21/2019,SKU#3db1245b1350a34c1a8aa762299dd415
"284 Marisa Square Suite 478 Davisberg, TN 95791",1906.72,Donna Lewis,17,(318) 114-3444,mphillips@daugherty.com,IID#d70cc676d0845239517e80f77ae33ab5,09/24/2019,SKU#cc9fde7e84b9a905cacd8eadca610fd6
"358 Lewis Island Apt. 716 Roblesshire, NC 27638",1925.22,Joe Wright,22,(459) 846-0979,ellisolivia@hamilton-chambers.org,IID#55e51de99b4ec304043d836149011b65,10/08/2019,SKU#43046e41072a4e97a0481d8d928b84d3
"7732 Ryan Spring Suite 024 Villanuevaborough, IN 42394",1383.39,John Smith,19,(665) 844-2557,twarren@cummings.net,IID#bae6d4d86f5ef77ea5c7e18b2f4fe735,10/08/2019,SKU#b9d0bbf41234c5021f8d5f280421c4b6
"057 Ortiz Pine Aguilarstad, ID 86364",3235.76,Patrick Mitchell,22,(097) 608-8652,fgeorge@hotmail.com,IID#c424b128f3d3784a3e5860148818d9fa,10/08/2019,SKU#3d55e1e012d3824e53e84d404a6e2f2e
"202 Aaron Forges Suite 784 Lake Lindaside, DE 76261",2123.2,Debbie Hill,20,(191) 603-4164,joshuacaldwell@jackson-shaw.com,IID#1e9ee821c8bf68b9a9f27fb7ea54a76e,10/10/2019,SKU#2a78f84427d1d591409740722e60d793
"6623 Joseph Brooks Suite 492 Harveybury, KS 26015",1563.04,Monica Walker,16,(249) 572-7550,ashleenoble@williams.com,IID#d36c5bd1c1b669f3b54ea73169af604d,10/14/2019,SKU#7b86d9557fe2ec804e5ebeab0f1c39d6
"73161 Andrew Point Tuckermouth, MO 43674",90.15,Robert Munoz,5,(604) 234-7137,veronica16@ross-chen.com,IID#a112674b42e31dcb744af89dc2bfcd0b,10/28/2019,SKU#ec8d9cf15661e1e246997637ac868ca2
"7775 Mary Pike South Nathanchester, KY 20198",1278.36,Adam Brown,18,(598) 086-6700,dmiller@lawson.com,IID#c69ac3b2723dbcb0d22e74a393a1f665,11/01/2019,SKU#db3ff70e4f18882de7640963e5ca9717
"6477 John Ramp Suite 076 Lake Kimberlyport, MA 51602",1568.8500000000001,Joseph Maxwell,15,(455) 001-0841,harrisjill@caldwell.com,IID#4fee2e6686c922f5aaaff8e5613f8c74,11/01/2019,SKU#071f4ede403a0a53ff2948a95ecbaace
"41684 Cline Burgs Suite 108 Lake Brenda, NH 78167",669.5999999999999,Paige Patterson,12,(972) 784-4847,greed@houston-livingston.biz,IID#44594eeeec982134ebefa9fb8de55568,11/05/2019,SKU#7d0a27db87cbd4243eacad312e5d7f41
"21934 Christina Ford Vanessaport, WI 25628",2344.22,Jeffrey Hernandez,19,(192) 395-7742,jessicameyer@gilbert.com,IID#66f568d62228a7da960f766724a9992d,11/08/2019,SKU#d567f75fba75ba13d448b5deaa208e67
"24874 Michelle Burgs New Lisamouth, CO 85502",901.1800000000001,Matthew Miller,14,(694) 022-2487,bellderek@mccoy.biz,IID#5e9ca675e5f0ba5274f2af1c61d33ed1,11/10/2019,SKU#5b27a78cb61feef49e37aa0a1ccda7d1
"3790 Melissa Hollow Rayton, WI 52224",652.08,Wendy Hernandez,8,(536) 635-0044,chamberserik@hotmail.com,IID#6b39274a88dd5cc961d24397632b98bb,11/13/2019,SKU#2c16868331f82ff43059dcb0ea178af3
"USCGC Mccarthy FPO AP 05658",1316.4,Brooke Allen,15,(262) 392-4989,stevenmartinez@gmail.com,IID#52aef7cea6a6a35e520aa2125391aab1,11/13/2019,SKU#7138c6b2c2310bdbe9ebd602467405c6
"PSC 4970, Box 1960 APO AP 94255",1653.08,Matthew Torres,22,(027) 657-6861,michaelsimpson@paul.com,IID#e2eb9aa9f17ac5a0604e25501333131e,11/14/2019,SKU#7328cf46ef5c72397dbe083a40bc131d
"00340 Alexis Burg Simshaven, NC 97297",614.4000000000001,Kayla Fletcher,12,(351) 242-3408,zthompson@howell-young.net,IID#610cc90ef916e270a896f06c286cb519,11/17/2019,SKU#8c1d71b2bf2d4d1eea6a825412dd4544
"PSC 3408, Box 2441 APO AA 77274",327.59999999999997,Frederick George,10,(230) 564-1796,romerodanielle@woods.com,IID#933d2ca564c75d158a4685b75d0f6ecb,11/22/2019,SKU#118db038cff249fc1b96f7a8f2b27620
"5869 John Hills Ortizbury, WA 21709",1322.3999999999999,Jamie Monroe,15,(095) 163-5950,chadgarcia@gmail.com,IID#5513e6635e8c17232a79e7162486ab49,11/22/2019,SKU#b259e6ea164c6e479eec45c80772e515
"851 Anne Fall Apt. 029 Port Benjamin, OH 42542",826.72,Peggy White,16,(051) 585-1118,bradley58@hotmail.com,IID#0059c1f25d80b0befab694540062c6e0,11/24/2019,SKU#946141e7eb0db0444844abd10ffec804
"113 Smith Knolls West Erica, TX 24011",1318.8,Michael Day,14,(213) 264-7307,alopez@yahoo.com,IID#041c5731545c38749825e4fdc1a36645,11/25/2019,SKU#d3fedce0593b389ea95e2f0abb26a14d
"293 Austin Spur Suite 994 Dustinview, TN 08354",907.61,Rachel Clark,11,(289) 846-2694,montgomerytracy@johnson.com,IID#50dd3267a1721bd10e4cd0298c41f121,11/30/2019,SKU#da73b095989c3489d615e0d1e05961c8
"60923 Allen Motorway Whiteton, KS 31993",1935.28,Susan Carlson,17,(476) 838-3365,kimriggs@benson-thornton.net,IID#ef0302ca3a7bc020f9af4788354ce2df,12/02/2019,SKU#835977829ed7e5d4eda983e33dc7868e
"682 Fletcher Parkway Apt. 648 Michelleton, NV 27828",1519.36,Gregory Walker,16,(737) 315-6282,morenokimberly@hotmail.com,IID#336d3a4a6afc121b641505561e5cbbff,12/03/2019,SKU#05292ae368555ae1dbde635f071b0369
"7484 Jackson Islands Suite 239 Johnsonchester, LA 11746",2766.2799999999997,Adam Cole,22,(623) 302-5588,jacob00@hotmail.com,IID#2e448ed1ed863449e66eaba0bcb0cec0,12/04/2019,SKU#9ed1bb09f1363bd8feca8a5702f45b5b
"9511 Robert Spurs Apt. 462 North Kelly, NE 67987",1307.64,Christopher Nolan,17,(326) 855-2727,cbishop@garza-perry.info,IID#e52c71511fcde02df617437e6e3475bf,12/07/2019,SKU#1268b3656a9b07a7c18f2184cf46e8fc
"4416 Barbara River Port Shannonfort, KS 96607",627.39,William Rivas,9,(522) 452-2145,zmoyer@gmail.com,IID#72557e0aa667f2661a4f876e588102bc,12/07/2019,SKU#b9205d5c0a413e022f6c36d4bdfa0750
"763 Higgins Ranch Apt. 730 South Raymondview, WA 36133",1048.74,Sean Miller,21,(146) 651-6430,rivasstephanie@castro.com,IID#e960bda3e1b7d68062137b549cba6c55,12/09/2019,SKU#4034db804ab2f325a46c8c3d1a6c2d73
"0341 Hopkins Turnpike Suite 706 Ericfurt, MI 24725",2648.3999999999996,Mr. Andrew Guzman,20,(838) 488-2671,qsmith@hotmail.com,IID#2f6aa11cdb4d714dc4b5673d483ea75b,12/10/2019,SKU#e2a482a3896964675811dba0bfde2f0b
"065 Robert Junctions South Gabriellachester, SD 04589",585.0,Gloria Peterson,6,(428) 781-7578,hcarlson@gmail.com,IID#9fbc6a3df81d044fa96fb7abd24c16cd,12/13/2019,SKU#6100ca818d4e71ce540663f9a2406ca4
"3300 Reynolds Motorway Apt. 387 Foxmouth, MT 78301",2927.0,David Rodgers,20,(238) 005-4408,cheryl17@yahoo.com,IID#a69be8d94ad3439f996ef6505d7cead6,12/17/2019,SKU#d4897692e4e8fd9d6057240671619925
"6044 Robertson Streets Michaelmouth, ME 29438",2170.62,Diamond Carter,18,(029) 854-0340,tyler10@hicks.com,IID#d6faef03e5ca26065e11224f6c3bbe22,12/19/2019,SKU#f6c8964623e559ff358a24fd0b7d1240
"09461 Madison Crest Suite 795 New Terrymouth, MI 21680",1852.5,Michael Singh,19,(223) 552-9857,eric72@valdez.com,IID#4d087e0a8eba46acf370c4235df076e1,12/21/2019,SKU#6100ca818d4e71ce540663f9a2406ca4
"034 Romero Lodge Jeffreymouth, SD 88936",876.15,Courtney Gutierrez,15,(759) 822-9776,jsanders@jones.com,IID#0ff1a2e4109f42d53d8a539b667583d3,12/22/2019,SKU#0fb569bd35d44c9ffa7d4728af4e734f
"USS Scott FPO AP 61171",1313.7,Patricia Barnes,10,(872) 954-7766,tiffanyhess@mckinney-young.com,IID#af425f0255a1b3a395914262c28cb659,12/26/2019,SKU#2807924fc18c958c38a7004a5dbd4091
"463 Patel Springs Carlosfurt, VA 84644",492.70000000000005,Maria Jackson,10,(579) 071-1254,bwilliams@taylor.com,IID#23a2554ad32282fb75cd2cb7cfb78519,12/27/2019,SKU#77f11a9207cdc620a93a176108baf73d
"048 Obrien Plains Apt. 812 Stephenhaven, TN 35957",572.39,Amy Johnston,13,(165) 286-4033,jessica06@hotmail.com,IID#9701f86eba74e03558ae82bc2191e186,12/28/2019,SKU#90b9f5f36ab38f3fef5692014ceceb78
"59039 Whitney Junction Suite 439 Anthonyton, VA 78075",1906.72,Caleb Villarreal,17,(974) 185-1201,walkersean@yahoo.com,IID#8737c52693b323f4ab12fb91b4ca3f2a,12/28/2019,SKU#cc9fde7e84b9a905cacd8eadca610fd6
"2527 Roach Roads Raymondton, TN 15452",2170.5,Willie Richard,15,(967) 497-0759,paul43@wilcox.com,IID#fe49dc7974147cdcd9f06fdd4cd6c704,12/30/2019,SKU#4ac4df397d427c2b3ddd1b728188213d
"086 Yang Extensions Lake Kurt, VT 21619",3041.2799999999997,Melanie Lewis,24,(832) 598-6203,fcastro@gmail.com,IID#fa21b66d5f52725218fad72b9dab5a50,01/05/2020,SKU#25a495be8250cc90b02a483e82df99c6
"USNV Richardson FPO AE 25878",1767.49,Gregg Ortega,17,(216) 076-2927,smithrachel@kline.com,IID#34a2e92d39acdc1cc849384943d096fa,01/08/2020,SKU#bceef68cb887519b438771840de07a60
"4334 Dale Key Barrettshire, WV 80897",1563.32,Lindsay Alexander,17,(000) 366-7063,santanavictoria@gmail.com,IID#93d4c1a60fef726c07c3136f51ba8fd9,01/09/2020,SKU#e0a6fc12e9cddb11d637714157db14e8
"74311 Wilson Hill Carolynland, DE 07012",1395.84,Bobby Vasquez,12,(267) 213-9161,susancain@johns.com,IID#e2810af254c910e1dd2bfbbf452588f1,01/15/2020,SKU#dc30309781dc98cce673a1a2091b7954
"301 Suarez Forks Apt. 657 Jamesmouth, SD 75561",651.3000000000001,April Newman,15,(298) 508-2988,andrewspencer@simpson.com,IID#1d4a9a2d4edfc6e433761b05f8ab4c60,01/17/2020,SKU#8843aa88fd9d1131f3f84c1b526d2061
"504 Monroe Run Suite 370 Denisemouth, WV 60558",731.25,Jose Harris,15,(742) 796-2511,markolson@hotmail.com,IID#542f8b122db1a92b9dbddd1cd0b6e7eb,01/22/2020,SKU#7789b96e540c3937f4d29c97af4ee529
"8253 Johnson Islands New Crystal, MA 71833",1776.8700000000001,Eric Wilkins,27,(401) 363-8793,mejiarandy@garcia.com,IID#3c20353b10c5e2f2deaecb1b327c0fcd,02/03/2020,SKU#b1a232021c419a0243f14b3163dd4487
"0775 Anderson Port Russellfurt, VT 64021",1305.48,Becky Garcia,12,(749) 167-9134,mhuynh@anderson.com,IID#2d9810cc4f65417c94b7ca1670b027e2,02/04/2020,SKU#6995ecc80f661f51b5f3a40dca5df020
"01467 Smith Glen Apt. 840 Port Brandonchester, IL 30535",1664.39,James Sharp,13,(233) 510-9310,dmedina@russo.com,IID#c368566cf46383cc4e0fab24b10b5c65,02/10/2020,SKU#70875b3a1094e857296bb4c080c7955e
"867 Fernandez Track Apt. 062 East Maryport, VT 27760",543.27,Christine Murphy,13,(002) 621-2319,wayers@hotmail.com,IID#5f023867c9eb7a2e93637f66c487b736,02/11/2020,SKU#7c97756c2c035ebcfe9208dd86591df7
"0550 Curry Lodge Apt. 663 East Robertview, UT 39190",2072.7000000000003,Jill Wheeler,15,(073) 761-2752,khartman@williams.com,IID#f4d2d51870a6ef85312be8e77e1fc265,02/14/2020,SKU#68d60749de7d5fe71f2a479f8bcedb7e
"0550 Curry Lodge Apt. 663 East Robertview, UT 39190",2853.84,Jill Wheeler,22,(073) 761-2752,khartman@williams.com,IID#1d2eb1e550deda27aae0f87f963aab47,02/16/2020,SKU#14cb043bce71e268d3afd06e6dd6e1fd
"710 Brian Valley Apt. 016 Allenville, MN 79015",1483.02,Jacqueline Hensley,21,(604) 934-0737,andressimmons@hotmail.com,IID#5f05031bc665afcce62878d5691ba785,02/21/2020,SKU#6c4bbc2191b9fca407592ebc86567a12
"665 Brittany Run Suite 831 New Stacy, TN 30049",995.03,Susan Simon,19,(491) 442-9500,scott99@yahoo.com,IID#d6051890139301645bb61f4302250d32,02/26/2020,SKU#8d7d1020185f9b09cc22e789887be328
"32745 Jones Valleys West Christopher, TX 01496",974.25,Tamara Garcia,15,(930) 398-0837,mirandakaufman@gmail.com,IID#29a6b65cc9c99ac706b214f82b385e45,02/27/2020,SKU#f44a1000506e2f6a96e3e803ead50529
"31365 Vanessa Brook Annastad, SD 39700",1521.6,Autumn Walker,15,(870) 127-6876,debbiedavidson@yahoo.com,IID#8ad7c0cb5c3d46aac264a8a6793d32b5,03/05/2020,SKU#e3c4dd21a9171fd39d208efa09bf7883
"208 Holt Corners Port Christina, GA 93792",491.40000000000003,Mitchell Ortiz,14,(028) 142-3627,brian45@gmail.com,IID#54537766a9c465de702e4adcd8979520,03/05/2020,SKU#6b43b583e2b662724b6fbb5189f6ab28
"1850 Austin Heights Richardsfurt, KS 78185",1727.37,Douglas Lucas,17,(308) 917-9771,matthew24@allen.com,IID#ebb96245b04491f6e2264c0528a4db9b,03/07/2020,SKU#7ba69f4ec41007c035beb73aa29d6b32
"36713 Stone Islands Port Marc, MD 70013",916.9,James Salazar,10,(886) 760-7099,sarah01@gmail.com,IID#d5d1eca83d4fcb4096f8670f59101fab,03/07/2020,SKU#1dc439aca90bbdf4c4c9a31543252fe3
"074 Conley Trace Apt. 903 North Troy, KY 62919",1968.77,Jennifer Wagner,17,(341) 911-4826,nicholas32@yahoo.com,IID#78cc3af4d0d3c7017856b56f56279b1e,03/13/2020,SKU#ff035bff2dcf972ee7dfd023455997ef
"19198 Alvarez Glens Beanview, AK 01681",2136.6800000000003,Donna Mitchell,14,(141) 272-1647,andrewjackson@campbell-gonzalez.com,IID#330c3ceb96a7bdbef631230e4d99ecc0,03/19/2020,SKU#de94cf49f2a617bd1f0740b33ad6869f
"32911 Eric Keys Jesusfurt, IL 03221",1928.32,John Johnson,16,(811) 841-1684,garcialisa@brown.com,IID#852b2844c2bd71c48ac5e3e107c6d56f,03/27/2020,SKU#f71bb39926a21a32162514e5867100f7
"843 Ward Lodge Suite 873 Andersonton, NY 41742",2044.48,Steven Sullivan,16,(727) 422-6975,nicoleclark@yahoo.com,IID#7f27f84b675cb405cf9a6897f7f7969a,03/28/2020,SKU#88424e757f66efd36c624e534052284a
"710 Riley Stream East Jamesfurt, MS 44198",2320.96,Amanda Mitchell,16,(172) 001-7270,andersonmelissa@cardenas.com,IID#3fecb61fa672092767b30408789e3162,03/29/2020,SKU#59763dea4943fa0a7ec51296d5f2c7b3
"969 Holmes Groves Jeffreyfort, WY 82957",1187.03,Jean Castillo,13,(492) 000-2015,karen32@norman-avery.net,IID#d389dd22b52e2af0e5d64a8ee14dbbba,04/05/2020,SKU#39dbf807a41e5e4e63b59c9535c72eb7
"17812 Samuel Flat Wongbury, GA 36877",1767.8700000000001,Anthony Walker,13,(130) 370-5308,lindahogan@brown.org,IID#9c90a9a1497a4a24a3657b13313eb038,04/07/2020,SKU#7f1ff80fd07c23be8472f7c1d09d0bb8
"662 Ramos Dam Suite 073 West Brucebury, HI 09755",2748.0,Tammy Henry,20,(077) 055-3482,nancy45@ward.info,IID#3e6412c38d4e9d9ac8fd325521d04dd6,04/08/2020,SKU#227ab21f84456d3c2b28194d9398a148
"2261 Johnson Mills New Lauren, CO 77310",1099.22,Anthony Hill,17,(698) 118-5032,stephanie57@gmail.com,IID#ed60b93bd2757e4fccc68909e8d4a0b5,04/11/2020,SKU#07d9b08eaa0a26f9771ee72f21e2b29d
"9745 Sanchez Square Apt. 699 East Laura, NC 84944",1294.09,Donna Austin,19,(092) 960-6114,lwong@nelson-marshall.com,IID#76af9e98a5bc04a3438fcc36930fb067,04/15/2020,SKU#0812baf5bd7cbc7b149e49c8611d9046
"PSC 7057, Box 6975 APO AA 03497",1421.1999999999998,Rebecca Randolph,17,(207) 552-8693,radams@smith.com,IID#9a8c2b5e4b14798fc9512bac2ce5316a,04/20/2020,SKU#0bf1d0a0be01e4461e7018a3110e23a8
"7387 Miller Springs Suite 098 North Barbarashire, AL 89540",1384.8,Stacy Villegas,15,(564) 130-8513,underwoodantonio@hotmail.com,IID#1cda82f5d54457b884bc75ce4149ee00,04/26/2020,SKU#add75a57dfc7c20c1759a6c6a7aa9065
"16548 Williams Heights Apt. 804 Tammyfurt, NM 63315",1279.95,Adrian Harmon,23,(315) 717-3662,george42@williams.com,IID#60bdc681f73b642e185141ecc2af370b,05/03/2020,SKU#8271cb2e6a546123b43096a2efce39d2
"50983 Cruz Alley Apt. 398 Hunterfurt, KS 67098",1114.0,Mark Perez,20,(355) 232-2659,rwest@yahoo.com,IID#e4590ff84a5a977e1ca0ade9b491c470,05/06/2020,SKU#1461a38b872613aa02dbc798423cce11
"8162 Sullivan Row Suite 084 Jessicastad, WI 67946",1118.56,Michael Jones,16,(753) 564-9870,sbrooks@hotmail.com,IID#e8287f1897011700d5332968526ad988,05/16/2020,SKU#2c1cf4f76fa1cecc0c4737cfd8d95118
"911 Vance Fall Christophermouth, MO 91937",531.5,Beth Bailey,10,(156) 906-1531,kenttanya@yahoo.com,IID#291fa23ecec2ec5b07519946874421ac,05/18/2020,SKU#965c023ba38a94183b90080b81222695
"996 Hector Cape Suite 854 Evelynborough, WA 69964",1261.76,Daniel Ramirez,16,(484) 781-8993,tiffany98@hotmail.com,IID#e25864ff071a547841ba4c532e90afd3,05/21/2020,SKU#f57be49f276a617a7128ce9e8c2163cb
"479 Kelly Brooks Apt. 427 New Kimberly, MD 26083",470.46999999999997,Kenneth Delgado,7,(125) 262-0135,marthapugh@elliott.com,IID#5e41c18a4229c973e5eca30b3749e917,05/29/2020,SKU#b9f4a26fe6ff491d6b6f51544f2fe131
"730 Brittany Lakes Apt. 706 North Michael, MD 03949",1948.68,Martha Dougherty,18,(261) 930-6844,pattersonchristine@yahoo.com,IID#98d137ee8d95d695c57ab8e2bba762ca,05/31/2020,SKU#7c8bf78f7ae1d6d9b0a43d1620a126b1
"9592 Buchanan Ranch Apt. 864 Belindamouth, DE 61504",603.1999999999999,Tracy White,13,(910) 365-8171,lucasmichael@gmail.com,IID#fbd96cf7e9cba767d0e8b40b7f62fb6b,05/31/2020,SKU#421cd12b43e660f10da31bee36e85f4b
"392 Michael Points New Thomas, SD 05814",1441.92,James Hill,12,(433) 865-4395,stacey54@yahoo.com,IID#4f4f6bc7edb7c1935e2c0f3770611339,06/03/2020,SKU#eca0470178275ac94e5de381969ed232
"297 Cole Loaf Suite 519 Andrewport, SC 26954",1360.06,Laurie Brown,13,(876) 786-1180,riverahaley@lucas.com,IID#5b5e8379f329e33563d72ee2b2f64bcb,06/03/2020,SKU#bb1ef3ddda35b590d4aa204d0493e921
"9075 Wright Haven Suite 173 Carolynburgh, TX 27799",626.7800000000001,Taylor Long,14,(403) 681-3740,campbelljessica@yahoo.com,IID#4c65425930b3241704b892b1168c5c49,06/06/2020,SKU#38490d424e2b4ffc307b6b1a17c4b560
"068 Johnston Burg Suite 787 South Williamville, AZ 28994",159.60000000000002,Brian Graham,10,(672) 120-2165,jackrocha@hotmail.com,IID#584bc5016bff556aaa2c62b57e8e22e1,06/08/2020,SKU#c0dff1da881341b4e8b54a9cb6c91fff
"1374 Elijah Branch Suite 965 North Jennifer, OK 16963",556.4,Benjamin Wright,10,(461) 200-7360,holly73@dominguez-williams.biz,IID#aebc0e8c40667f2478cafc15b6423570,06/15/2020,SKU#38397588c4d02f8b95c263852e9aee7a
"5611 Joanne Green Apt. 641 New Christopher, MA 02184",1717.92,Natalie Cruz,16,(871) 595-8409,rodneyking@king.org,IID#92c7b969ffd8111053c6e1e9b70169d0,06/16/2020,SKU#9cb5fb90f42219febcadbc6eb57257f6
"249 Lisa Parkway Jenniferstad, DE 26089",1351.8000000000002,Felicia Williams,12,(357) 912-1734,maguilar@gmail.com,IID#797e6c781b2b90609042d307a7baaedc,06/18/2020,SKU#d3681483d7d18fc19f3454d122ce2e4b
"011 Jackson Gateway West Kylie, NH 41433",762.24,Paige Lee,8,(776) 016-8862,carriejensen@boyer.com,IID#c0f311b57867bb4e4ee127ca5d44acb2,06/28/2020,SKU#a3f07671642038caece41ff2a52d8673
"903 Roberts Court Apt. 032 West Raven, PA 43529",135.54,John Johnson,6,(658) 379-0604,victoria18@morris.com,IID#3d765135b4e3155cd8d9d4c56c31b165,06/30/2020,SKU#842600aca2a24743312498c864b51d9d
"USNV Bates FPO AP 20267",2002.78,Tracie Lopez,26,(899) 124-6072,stephanie81@gmail.com,IID#dcb7c10c9415b913350a505c89c9e1d5,06/30/2020,SKU#70bc8f4b72a86921468bf8e8441dce51
"4390 Curtis Hollow Apt. 675 West Samantha, NJ 74675",2274.7999999999997,Brianna Greene,20,(421) 324-7009,phayes@hotmail.com,IID#be3cb88dc4e11600d8f2768ad9db5aec,07/01/2020,SKU#905a0b9a5456ee962223033473666be3
"812 Kaiser Prairie Suite 608 Thomasstad, PA 89184",2271.54,Jane Nichols,17,(803) 186-6320,millerbrandon@gmail.com,IID#471a968854235bbce28aee9569bb9c13,07/05/2020,SKU#df1692c9be09836b70cc7c40622d46db
"42574 Ball River New Donaldstad, VT 35867",939.3800000000001,Jimmy Garcia,13,(924) 268-3179,matthew45@yahoo.com,IID#401bc932f10fd21d2eeb65a5205b3b7f,07/05/2020,SKU#62aed4f3f9277808536c0ee59896f0ff
"424 Wayne Court Mathisville, WY 89072",554.1800000000001,Jeffrey Turner,11,(332) 500-4816,leslie01@baker.com,IID#207370d4df5e313aa011eed43ac4cfec,07/11/2020,SKU#f3c8bdb6b9df478f227af2ce61c8a5a1
"77586 Hernandez Orchard Apt. 209 Laurabury, DC 93005",1839.18,Dawn Lopez,14,(133) 245-1586,jtate@gmail.com,IID#fcd774d6ac6062fb2cf15fca2e863837,07/14/2020,SKU#2807924fc18c958c38a7004a5dbd4091
"40220 Paul Burg Apt. 352 East Sheriton, VA 99423",2649.11,Elizabeth Johnson MD,17,(134) 766-0482,smithfrancisco@west.net,IID#d6eab6c87ee7315664b40addd58f3cf8,07/17/2020,SKU#f129cbd00a7078a50655d1145feac97b
"392 Michael Points New Thomas, SD 05814",1482.75,James Hill,15,(433) 865-4395,stacey54@yahoo.com,IID#2256433a52c4ad5ba620d63750265791,07/21/2020,SKU#eecae68e4f9ee6f037742aac8f36cc1b
"003 Murray Vista Apt. 677 Elizabethside, WV 16596",1639.5500000000002,Thomas Rodriguez,11,(718) 266-4687,lovelinda@gmail.com,IID#6286f04e5caff59a0ebf27edeb6ec164,07/22/2020,SKU#3135bf07e7aa0e72fbde14d0411ca6de
"54440 Black Manor Suite 705 Jacobstad, PA 35219",476.08,Jeffrey Hicks,8,(252) 609-2025,jbarker@gmail.com,IID#9dc795d6a957416ab3663c4290c1da62,07/27/2020,SKU#985f599bb4b81c01d5b5d16ad241d5ed
"4356 Brown Locks Port Amandaville, IN 22168",683.16,Amy Wyatt,6,(199) 454-6793,mmaxwell@murray-lane.biz,IID#e7a4758bfbb4e9619a2346dfe4c283ef,07/27/2020,SKU#df4f83c1f72e36823a12b0dfc7617313
"7087 Clark Square South Catherinetown, TN 20210",586.15,Michael Wise,19,(032) 267-4254,annacochran@bell.com,IID#9b5c61d45d55b35e56816125543c9cbb,07/28/2020,SKU#d00e81a86830948bf7d7ed15874c46b5
"0871 Diane Common Humphreyhaven, WA 31928",830.04,Vanessa Howe,12,(219) 293-9245,lcole@turner-conway.org,IID#8fb7ccea3a3b36d3f3dd344564b78a5c,07/29/2020,SKU#f615e219175d923e1a35183696a98c91
"34859 Oliver Brooks Suite 849 Michellechester, MA 08695",521.36,Lori Adams,14,(839) 967-2640,mitchelljennifer@barnes.com,IID#731e74344ec9c489dea4d207fa72de1f,07/30/2020,SKU#5d9e9d21b9c597f74c4e4b41dfd9a6ee
"USS Johnson FPO AP 36097",1545.0,Diane Pace,15,(485) 414-2707,jeffrey52@yahoo.com,IID#2e91b679dcee6a7b08eb9962fd46a508,07/30/2020,SKU#71b445d43959effc03861d1a8da3d7a4
"09913 Hansen Islands Suite 909 South James, WY 32221",2775.18,Mary Craig,23,(468) 680-7116,austinalexandria@gmail.com,IID#cd37bec51fee883df5f8108c52b57d48,08/11/2020,SKU#33c54df16dc1f8e8e98ca3a09c621e03
"8825 Hall Spurs Suite 192 New Brandon, NM 47717",877.6,Elizabeth Gilmore,10,(724) 557-7736,oliviasnyder@wood.com,IID#47291293d2f0bbbfcd7a3c7b6f548b03,08/20/2020,SKU#7138c6b2c2310bdbe9ebd602467405c6
"388 Scott Fort New Randystad, NM 74256",1001.6999999999999,Margaret Patterson,9,(949) 280-8162,jennifertorres@fischer.net,IID#3a8a2f2e9c5729f8bb876cfc53ebbba0,08/20/2020,SKU#c06c6123a8d3723eeefe8ed813b0658d
"74415 Taylor Plaza Suite 749 New Williambury, NM 61000",1547.6999999999998,Becky Price,11,(715) 708-7294,jacoborr@gmail.com,IID#8e6449470ea822588689502549e96913,08/21/2020,SKU#d856b2079a58090623063f7c209ba9d7
"81120 Edward Fort Robinsonton, VT 92326",743.28,Steven Kennedy,19,(855) 713-5979,rodriguezkelly@hotmail.com,IID#4c8b2c7d9040c2148256260f41167fe8,08/22/2020,SKU#785b8eb258d38760b4e81d7a1e2d5de5
"156 Pamela Mission Apt. 003 Stephenland, ID 13429",1375.78,Ryan Jackson,14,(452) 085-3256,lstephens@yahoo.com,IID#4fcb7d16a184a6edb4243c23a164d493,08/25/2020,SKU#f448a877f3d3f4b40a15fca17c62a2b5
"23934 George Groves South Theresa, IL 36208",553.8000000000001,Ryan Solis,10,(632) 076-4999,uwilliamson@bryant.com,IID#6930f8ec486fcaeb3712def81f28cb74,08/26/2020,SKU#1ef0dd39f3e292cb93ad6ffaebe33c83
"9174 Osborn Forge Lake Todd, TN 54619",1636.9499999999998,Jessica Beasley,15,(760) 492-5290,jamesosborne@mendez-johnson.net,IID#1b30de4d3f1920f1405e3212a5cfb9ab,09/01/2020,SKU#99d47e45a30cb15418c49f7e087c9cc4
"3217 Calvin Shoal Brendanshire, MO 32888",1138.6,Cynthia Butler,10,(854) 180-2095,matthewbauer@robinson.org,IID#503774306008ff60ec238eebc027d787,09/03/2020,SKU#df4f83c1f72e36823a12b0dfc7617313
"USNV Andrade FPO AA 29556",595.2800000000001,Katie Ramirez,14,(269) 863-8569,steven13@yahoo.com,IID#2beb4b9be327204846e1041f894c2178,09/04/2020,SKU#fa75a367ca8b7688d1959e228aafd946
"70383 Heather Mills Suite 441 Morenochester, NV 12346",1852.48,Chad Morris,16,(171) 601-2668,michaelbrown@yahoo.com,IID#dccc5a6d2f975f1025ea36d33ff49d44,09/07/2020,SKU#2d14244e3f3a05e2d572a13ab80b7761
"9656 Campbell Forks Apt. 395 East Brianland, NY 96259",2735.81,Sarah Johnson,17,(484) 864-3177,allisonbyrd@page-kidd.com,IID#7fd2bdb83573a5849b997414e789d1f2,09/07/2020,SKU#b54b9c5d611b062aea9d8ec0d192335d
"52785 Stafford Path Apt. 493 South Stephen, MA 07350",791.5,William Palmer,25,(702) 262-6404,garrettmelissa@hotmail.com,IID#90172914014868c48710b88ce0e0105a,09/08/2020,SKU#0a1dfc18c8c8381f05f8ad9d2b4509b5
"6559 Gregory View Apt. 539 Lake Kaitlinbury, AR 76550",303.7,Karina Campbell,10,(241) 701-4331,taylorgray@reynolds.biz,IID#5306a188a590a765a51ade2731e48556,09/09/2020,SKU#6682f9baf3150eadb9e47d4d8b59780b
"901 Todd Wall Aliciaberg, OR 12471",443.68,Laura Hayes,8,(994) 998-8565,michaeldyer@lee.com,IID#083642da0ab98ab63a67cb77bdf3a0de,09/14/2020,SKU#93a2fdbfe3bd18cfa0620f2632efa4d4
"581 Newton Tunnel Candaceside, ID 92924",1763.8500000000001,Shawn Freeman,15,(399) 748-4462,chadwilliams@yahoo.com,IID#46cc4c5c0fd4b5dfa790c40bf4d99179,09/22/2020,SKU#862dec5c27142824a394bc6464928f48
"PSC 5767, Box 5687 APO AA 92019",1124.1000000000001,Cameron Mckee,9,(949) 257-7033,eobrien@jones.info,IID#05c45fcddb62b0c6ca25b3c250ea2439,09/24/2020,SKU#67130d31b6048171a64ed87d36022a6e
"021 Monroe Plain Suite 058 Larryton, HI 48480",407.19,Don Thompson,21,(612) 039-7219,watsoncody@hotmail.com,IID#aa723233489c5ea7e6c9188f1323d8b2,09/25/2020,SKU#5896cf4827474d1dd04f483e94f82442
"33543 Jennifer Ports Apt. 486 Santoston, IA 31229",1648.5,Matthew Johnson,14,(685) 368-2228,jeffreyphillips@hotmail.com,IID#042264b8cc6c5bc9001a0cfeb676b6e5,09/30/2020,SKU#d900292143678bd768ab3fc620883eae
"51000 Angela Glens Suite 778 Port Jorgeside, AL 19766",1147.16,Diane Armstrong,17,(654) 795-9922,rkemp@yahoo.com,IID#47d7f182ffbab91019a7d45fa5b91007,10/01/2020,SKU#4081915d3c4916b6ccc35b6943175e1f
"14930 Austin Springs New Graceburgh, RI 69845",2152.92,Joseph Johnson,21,(300) 811-0463,scott81@taylor.info,IID#bcc089b2331f9e67ece46c70be24f26a,10/02/2020,SKU#290f4d9d8a5152efb2f2f6432e3888d8
"USNV Johnson FPO AP 31548",2005.44,Larry Berry,24,(463) 870-9149,daniellekey@yahoo.com,IID#cee7f64369dedca496bd81b1e6e9d216,10/04/2020,SKU#47ac0716d5626deb5d6bd92f052d67e3
"4356 Brown Locks Port Amandaville, IN 22168",794.01,Amy Wyatt,19,(199) 454-6793,mmaxwell@murray-lane.biz,IID#eb5cf685fba371cd409f9e839022e896,10/13/2020,SKU#7c97756c2c035ebcfe9208dd86591df7
"570 Mary Loop Suite 341 New Dillon, HI 37798",2751.72,Steven Lawrence,23,(004) 697-0890,umosley@frederick-jones.com,IID#3f72f1e3a0f16240d82f0c81ae0a2216,10/23/2020,SKU#c9580e2bd3527b65bf5b812b477ffe30
"17909 James Lock Apt. 404 Lake Yvonnefort, WI 44097",1486.2599999999998,Melissa Smith,18,(096) 431-3583,rickyward@mcdaniel.net,IID#8ec9a21b2ae6c2e31fd59bcaea7d16a8,10/27/2020,SKU#f4332cb4ea9179c3b4d5f039fe518947
"USS Johnson FPO AP 36097",614.4000000000001,Diane Pace,12,(485) 414-2707,jeffrey52@yahoo.com,IID#cf1077735d5ca8cab8f74c5df63df309,10/27/2020,SKU#8c1d71b2bf2d4d1eea6a825412dd4544
"34859 Oliver Brooks Suite 849 Michellechester, MA 08695",1076.27,Lori Adams,17,(839) 967-2640,mitchelljennifer@barnes.com,IID#3bdc9669ec049f6b750b610cf110ed70,10/28/2020,SKU#e5f8288470cf8bd14097505081e6341f
"5618 Katrina Loop Port Michaelchester, NY 70235",784.74,Angela Bass,22,(557) 059-8599,robinsontaylor@gmail.com,IID#92059aca31f4a630283ad81e9ddcc838,11/01/2020,SKU#cddfae5d02ecddb6f66d23a6f88fe4fc
"9914 Erica Square Johnsonshire, UT 45235",1217.1,Regina Clark,15,(972) 155-5578,mcbrideshannon@yahoo.com,IID#80c6d28f3dcb63a46d97e6e3fdd29d1b,11/07/2020,SKU#d1843877be2b76d1ebc5572daafa3fdc
"PSC 7429, Box 2472 APO AE 60463",935.5500000000001,Don Nelson,9,(005) 047-3719,dianephillips@russell.com,IID#e0db1113a2b77d5d38ab9c5f024472a1,11/10/2020,SKU#2319ac34f4848755a639fd524038dfd3
"Unit 5721 Box 1699 DPO AP 54182",1424.9399999999998,Kyle Mccall,11,(454) 398-9638,robbinsrichard@yahoo.com,IID#910ff42351f1dd139cc82bf3c73f7b46,11/10/2020,SKU#e2365bc6a6fbd41287fae648437296fa
"32173 Daniel Walk Apt. 500 Warrenmouth, NH 23195",2660.7599999999998,Elizabeth Wong,18,(826) 887-8844,morganrobert@little.com,IID#a40ffce7e61d8f74b79e9bfd6f4a523a,11/10/2020,SKU#84140d93cb404a51dfc0b21815b934c8
"9511 Robert Spurs Apt. 462 North Kelly, NE 67987",1544.3999999999999,Christopher Nolan,13,(326) 855-2727,cbishop@garza-perry.info,IID#bf2e674022494a1e8ebdaa81aefe00fe,11/13/2020,SKU#ecd0f02b413c556a1402880dd4e4fe79
"0850 Anna Trail Jenniferfort, VT 26002",572.99,April Rivera,11,(508) 661-3202,gary27@hotmail.com,IID#4a33f88e69ee45751f331577831c78c0,11/24/2020,SKU#3a7f87cfe9f8673ea3a36e752dd17751
"106 Jennifer Alley Apt. 693 Johnsonburgh, MI 98626",2061.0,Amanda Perez,15,(801) 202-8782,brownmckenzie@hess.com,IID#1a0c726ce649cb96f754874ab8c1cdae,11/26/2020,SKU#227ab21f84456d3c2b28194d9398a148
"USS Buck FPO AE 61355",1639.5,Catherine Brown,25,(222) 167-2470,christopherthompson@yahoo.com,IID#b18c1f04eaab1f97cfbcaa5153585495,11/28/2020,SKU#9b1a44b7ba3d3637eba0c5ae8817ba92
"306 Vasquez Forges Shawshire, KY 07165",1566.45,Kristen Adams,15,(041) 030-1902,ckaufman@hotmail.com,IID#1960c5b29b3d05fc7d0b881b5ea9c516,12/02/2020,SKU#435eae56fda2f77c534ce3c916573cf3
"064 Hernandez Roads New Toddville, TN 56501",1194.06,Shannon Johnston,21,(218) 042-0005,emily65@evans.biz,IID#cd772444f5dd3eee9432d123d163c23d,12/10/2020,SKU#79ed04c1815f864f5aef3c738e882632
"848 Benjamin Drives Kevintown, VT 43773",1726.62,Nicole Rowland,14,(945) 796-2582,powen@gmail.com,IID#bf63426f03202cbb36f0722046ebad2f,12/14/2020,SKU#d0404602e320cbabbcece5a375823b8f
"086 Aaron Islands Apt. 873 Brownfurt, OK 67856",1225.95,Karen Fletcher,15,(413) 480-5130,smithmisty@yahoo.com,IID#8678a72bdbb67e213a4600416c4bf019,12/20/2020,SKU#a4350863c6fae54f9d8ef4de7095e3f4
"9511 Robert Spurs Apt. 462 North Kelly, NE 67987",1855.75,Christopher Nolan,13,(326) 855-2727,cbishop@garza-perry.info,IID#13cf6b0d42cb5edb8d5a1cf2469aca62,12/22/2020,SKU#a7376cda974182565c2c45b5e7d18097
"45868 Melissa Shoal Suite 009 Thomasfort, RI 95176",2120.04,Bruce Mitchell,18,(962) 986-8657,dgarcia@gmail.com,IID#72f1940c2429d8745f596f817119f3eb,12/26/2020,SKU#c4a74966fcbe9818f465c7d7d8665695
"2231 Hoover Court East Taylorborough, WA 19551",2106.2400000000002,Nicholas White,24,(035) 586-3712,johnyoung@carter.com,IID#06f83321483ddf5f2811e34aef72e4e4,12/26/2020,SKU#7138c6b2c2310bdbe9ebd602467405c6
"73161 Andrew Point Tuckermouth, MO 43674",445.56000000000006,Robert Munoz,12,(604) 234-7137,veronica16@ross-chen.com,IID#463dac2f913b0bcc36f9e1196f3f3b2d,12/27/2020,SKU#2fcd4070a198ccd99cc243ff1979f984
"63015 Jennifer Squares Suite 129 Ricardoville, RI 83973",1941.23,Raymond Simmons,19,(515) 434-5457,hgalvan@yahoo.com,IID#56f9a4dd7d69061c248ac54d6e068ed3,12/28/2020,SKU#3e0a582d1ad7720a269e3480f0740d40
"507 White Falls West Daniel, IL 24088",948.0799999999999,Misty Peters,14,(972) 690-8608,dominguezmatthew@yahoo.com,IID#9810d6a28b2653f6fc7e3a34c09b2a4d,01/04/2021,SKU#3e5ceb07f51a70d9d431714f04c0272f
"569 Gina Well Suite 413 Audreyfort, WY 74931",2237.4,Jeremy Padilla,22,(284) 790-5543,susansimpson@willis-thompson.info,IID#fecd7f1cf95af50f0e7c2bb6f6728aa3,01/06/2021,SKU#6df9012b2b7cb3c55963499a26309bba
"35483 Martinez Camp Suite 227 Carpenterfurt, WA 41380",668.59,Krista Smith,13,(617) 041-8298,davidcardenas@hotmail.com,IID#e0c8de854d505d3abb3aba5e87cc1d49,01/07/2021,SKU#06c61bcbf2ecd1295dd9a282ae253546
"USNS Lawson FPO AP 50265",1787.25,David Sanchez,15,(141) 917-8272,leonard83@hotmail.com,IID#aaef8db959957988a8dc3b62cfcd1d69,01/08/2021,SKU#f56ff7c1261e30d124fc64fd279d8eea
"46552 Paula Mill Suite 294 Port William, ND 19984",847.21,Mark Booth,13,(180) 020-9201,thomas08@weaver.com,IID#5c343ec30f5a32ed8d426fec909b68d8,01/12/2021,SKU#27c28407dc17f217aeacb5e62ed9a2bf
"9065 Patton Parkways Apt. 196 Sarahhaven, NV 33663",2163.52,Tiffany Gonzales,16,(773) 737-4216,kevin27@young.com,IID#4105d9fe64d1ce44e4c518545aeeb07c,01/18/2021,SKU#e0e2d4e5fd76889a0fb95f8227b27293
"62509 Dean Viaduct Crawfordberg, WI 17434",695.04,Lisa Pennington,12,(162) 237-6189,hermansarah@carter-gill.com,IID#618a80e6c2ed0d577a2606eed6c47211,01/19/2021,SKU#189a804eaa46ce838e487ab062642981
"1589 Howard Landing South Rubenfurt, MT 99012",2460.4,Terry Brown,20,(506) 298-1297,torresbradley@yahoo.com,IID#c83c76f37ebb0cea445fbb17b2f5aac8,01/29/2021,SKU#9ee38aeba19f4d46fcd9eda4661325d2
"09531 Bailey Courts Suite 359 Carrillomouth, NM 45778",919.38,Marcus Gomez,22,(681) 265-2412,erin02@rivas.com,IID#161601662dc3fe7878e1efca515ab199,02/01/2021,SKU#7c97756c2c035ebcfe9208dd86591df7
"173 Dylan Shore Apt. 254 Lake Jamiehaven, NY 62744",1474.46,Karen Cook,13,(081) 222-1873,pmitchell@sanchez.org,IID#26b35a7df4d43d20dbf54f74ed5be7fd,02/05/2021,SKU#881996a3045c5de73795fa31aa6d10ef
"798 Peter Village Suite 773 Ericksonfurt, CA 99502",825.48,Colleen Obrien,12,(346) 617-0766,murphyjulia@aguirre.com,IID#ffaba8b96c416cc7c22a54a7841c6140,02/10/2021,SKU#b85026155b964b6f3a883c9a8b62dfe3
"793 Madison Lake Port Tylerbury, OK 08672",3160.2000000000003,Kevin Sanders,23,(380) 294-3758,wendyjones@harris.biz,IID#45295c5b6e3675c14c11c1c65cd825eb,02/13/2021,SKU#faee174ece449bca53aea3129d925069
"00340 Alexis Burg Simshaven, NC 97297",1384.18,Kayla Fletcher,14,(351) 242-3408,zthompson@howell-young.net,IID#9942be679ae40377b9d3c106857270ab,02/19/2021,SKU#b4b1cb3a3194e9d88e361273e66a1348
"8042 Sue Light South Michellebury, VT 21454",1861.6200000000001,John Hernandez,19,(677) 532-2661,paula97@tucker-le.com,IID#4e2c2c8edacc32f6ba9709178ea3f5bb,02/19/2021,SKU#5bccd8ff10735da26d5761d10b294a6a
"7566 Angela Glens West Elizabeth, TN 41160",1320.93,James Clayton DDS,13,(839) 184-0312,randy68@hotmail.com,IID#843779ea46e06c49ef93a5effb5449b9,02/22/2021,SKU#7ba69f4ec41007c035beb73aa29d6b32
"714 Mindy Inlet Apt. 956 Port Vernonborough, NM 85033",2118.06,Michelle Higgins,14,(769) 061-8936,dmartinez@lopez.com,IID#27738b11ee4f9a07a58dabca65e2ba35,02/27/2021,SKU#11b1eeada5df474b77ce3a7ce3c65338
"0775 Anderson Port Russellfurt, VT 64021",2351.8,Becky Garcia,20,(749) 167-9134,mhuynh@anderson.com,IID#644b1e4605f263aec6f6c2ae4250d124,03/03/2021,SKU#862dec5c27142824a394bc6464928f48
"PSC 3374, Box 8608 APO AE 51452",2499.6400000000003,Jonathan Lane,22,(793) 967-1428,clarkdylan@hotmail.com,IID#1cda2a048483b391dd2986c83bfa7d81,03/04/2021,SKU#e6ff7f3f04b9305cf28b21c5d08ef1e5
"959 Calvin Club Suite 269 New Davidborough, PA 52578",1715.2,Alexandra Smith,16,(156) 716-4946,dylanramos@hotmail.com,IID#bd1cf4818af60a3b2b9e630198d68e4f,03/06/2021,SKU#a2c8b5101a5b7c68aaf82e8c71da8c1a
"USS Johnson FPO AP 36097",2068.5,Diane Pace,15,(485) 414-2707,jeffrey52@yahoo.com,IID#c219bfe6de1218b7ff96c7ef2344a34c,03/08/2021,SKU#6790430bcb39e961b83668cbaa1573dc
"958 Taylor Loaf Elizabethberg, DE 90235",298.29999999999995,Connie Odonnell,10,(712) 871-4742,rhamilton@thomas.com,IID#a415c3bd972361d62ad5fa81e0804e7e,03/20/2021,SKU#5ccb2c1dfcfbff9adba49b72793b8762
"425 Cynthia Port Antoniostad, PA 52976",1263.6,Lori Ortiz,15,(000) 691-7917,robertjennings@ross-brooks.net,IID#ef4395448e2ac1a3a7f4887711da9a6f,03/25/2021,SKU#d898504a722bff1524134c6ab6a5eaa5
"208 Holt Corners Port Christina, GA 93792",2583.9,Mitchell Ortiz,22,(028) 142-3627,brian45@gmail.com,IID#12ba5d6fe212779999ad82a80861ef28,03/28/2021,SKU#4f00b32a70c5d829f8199614fe56af64
"048 Obrien Plains Apt. 812 Stephenhaven, TN 35957",1551.22,Amy Johnston,11,(165) 286-4033,jessica06@hotmail.com,IID#01e6a939a7433b8ac66eec411196dba3,03/29/2021,SKU#214a5891e06c2c9ebbb41fad5dc1d56a
"Unit 7146 Box 5792 DPO AA 26176",637.9,Dawn Garcia,5,(400) 990-5888,charles74@gmail.com,IID#b99e02bc3574bd896af9aba6e96698ca,04/01/2021,SKU#ac1fdb6d81cf4ad164aad299ae67bb03
"371 Kevin Villages Mooremouth, VA 25995",1650.4399999999998,Luis Roberts,11,(292) 960-3959,veronica97@gmail.com,IID#e26820ab84daaa02d7f06335f0d49908,04/08/2021,SKU#33c250bf306b7cbbd3dd71b6029b8784
"PSC 1321, Box 4679 APO AE 04536",2116.33,Joshua Hamilton,17,(586) 798-8079,keithmills@gmail.com,IID#89d015ca7e3a45dbf2bdcf51af0fe2bc,04/10/2021,SKU#ab9d8ef2ffa9145d6c325cefa41d5d4e
"14855 Wilkerson Trace Apt. 691 Mariafort, GA 61260",538.46,Victor Smith,13,(016) 969-3609,timothyalexander@gray-becker.biz,IID#d2fa37fb2b558817c557b22896079666,04/15/2021,SKU#f00346db02cfcc5b1f056a794009ffeb
"79217 Bryan Fork East Davidport, WI 65880",1272.15,Xavier Jones,11,(359) 368-8752,nward@schwartz.biz,IID#10ec9b9930d20bea1eac37551ac4765e,04/27/2021,SKU#9e1e5883c74742a497cf5c272ccd2321
"9511 Robert Spurs Apt. 462 North Kelly, NE 67987",1139.49,Christopher Nolan,11,(326) 855-2727,cbishop@garza-perry.info,IID#6fb41fa5eff5a1b68078e9143c5ead38,04/27/2021,SKU#b89c9e6a775567fb289ff3a4e15e9f5a
