Invoice Id,Amount,Name,Address,Total Cost,Sku#,Phone Number,Date,Email
IID#e5a08ba90e7ab620555f0a4748c1a365,12,Maria Mckenzie,"36726 Kyle Vista Suite 752 Leblancborough, ND 80233",1417.44,SKU#e9ec8abba3c25796e027afd2cd2ef77d,0452461381,09/12/2016,katrina60@cole-lopez.com
IID#55aa357af57326154c6ddbc8ed240cac,21,Joseph Marshall,"78655 Williams Dam Apt. 830 New Justinhaven, RI 33595",1151.43,SKU#81e4bf29a6552cb0df60980b937ed4a3,7910911784,09/13/2016,michellemays@ayers.net
IID#2b79185acbd34ee73125aca45a4ea5d6,12,Jessica Fritz,"90278 Timothy Overpass Suite 078 Lake Rachelborough, CO 93262",1801.1999999999998,SKU#16b41a8dee51a47cf362ec449b2a4ab0,8984598511,09/13/2016,romerochad@gmail.com
IID#fe613b8e86b8917f0c7ab14c479e87ed,9,Jessica Jackson,"51341 Perry Place Suite 019 Martinbury, TX 36628",1388.52,SKU#4ae71336e44bf9bf79d2752e234818a5,8724379170,09/14/2016,atorres@mills.com
IID#eb926bffd0c8a5dba40440076b57fbad,10,Todd Morgan,"28452 Cole Mews Apt. 152 South Sarahville, OH 34694",1067.3,SKU#1079e8f69138f626c4065e314d2ba525,8796039834,09/16/2016,medinadustin@mitchell-salazar.com
IID#dd6db17d14637cdd3dc828945a64d18a,17,Ashley Burton,"Unit 9522 Box 8678 DPO AA 81287",1876.12,SKU#1c9e99e48a495fe81d388fdb4900e59f,2675790367,09/17/2016,patricia42@gmail.com
IID#0fc0070ac3c55350cea3a418dfb3ec59,13,Elizabeth Santana,"12839 Tracy Brook Maloneview, CT 53794",1552.2,SKU#b3877309a41b936c83c6b26578f9ae2a,6451301139,09/18/2016,vjackson@jones.com
IID#df4196eadcd3d84196fc4c8db108db17,10,Mark Shaw,"0891 Meagan Keys Port William, SD 55009",988.5,SKU#eecae68e4f9ee6f037742aac8f36cc1b,4245068980,09/26/2016,scottkim@hotmail.com
IID#c64c5c6a79bf9f57bf577fd31c2b2a80,13,Sharon Ryan,"63402 Green Highway Suite 391 Port Jesse, MT 52712",1648.14,SKU#bf4c31c85e0802a52a6aad0e3ae4578a,0643319216,10/01/2016,dvasquez@wood-ortiz.com
IID#b0804f10e65133c3a3e074469700fa7e,6,Alex Gonzalez,"15187 Debra Islands Suite 601 Lake Thomasmouth, MI 05170",379.92,SKU#281814d2404251097e8f324145559472,9726975419,10/02/2016,heather05@david-rose.org
IID#d44c99b532765a7ce3224389376d2d5d,15,Gabrielle Combs,"USNS Shields FPO AP 79312",820.65,SKU#ab58d658c2dfe0393df78f57740dcdb8,2911965931,10/10/2016,williamsutton@yahoo.com
IID#32bfd6ad2fda95944390fe5688121eae,9,Julie Phillips,"USCGC Fernandez FPO AE 56978",783.6299999999999,SKU#cf69901e6d4609009dff8be5b3045c96,5474746420,10/11/2016,ronald05@gmail.com
IID#1f8c68fc740ef487a31f7ca0b494a240,27,Christopher Mckee,"21525 Aaron Neck Suite 211 South Leah, DE 87095",1382.4,SKU#8c1d71b2bf2d4d1eea6a825412dd4544,4024310208,10/18/2016,kvelazquez@gmail.com
IID#821c93f7758e62f0628b3e9271e702db,19,Tina Shepard,"254 James Junctions Apt. 724 Port Brian, NY 49943",2319.14,SKU#9639b2e7e5fe39d0f1770cad86f59b73,3230920333,10/23/2016,gabriellemunoz@hotmail.com
IID#566180290d18fc8520c8750acabdb262,24,Jeffrey Turner,"424 Wayne Court Mathisville, WY 89072",1273.1999999999998,SKU#8447681e67cd6daa70e9ce05f1eaef43,3325004816,10/24/2016,leslie01@baker.com
IID#fbb2aef0b190507cc1a822f42439ccb0,17,Caleb Smith,"290 Christine Forks Suite 428 Norrisburgh, MD 00734",1352.35,SKU#299c365bb82b69e7f4312ad662845bde,3454933185,10/26/2016,daniel61@hotmail.com
IID#e8fb59d645d6833a6c33ec751eafb343,12,Lisa Pennington,"62509 Dean Viaduct Crawfordberg, WI 17434",742.8,SKU#3f41c38fac4ea26e397f0809f804a047,1622376189,10/29/2016,hermansarah@carter-gill.com
IID#3bcc8fe66e2848aa6ee013510f77a180,13,Melissa Hill,"33207 Jeffrey Gardens Suite 246 Abbottstad, KY 60471",1733.42,SKU#897208d5df122e307ab837d982b2c085,1974776140,10/30/2016,todd78@moore.biz
IID#44672bfdff32b9a284a7efa2990fea5e,23,Jasmine Miller,"Unit 3087 Box 8835 DPO AP 29258",3095.7999999999997,SKU#2199d3381c925a326f5e84d81a3821a6,6021677296,11/01/2016,snydermatthew@elliott.org
IID#256a11059f07d76023b94558ee9c1d67,7,Anthony Gonzalez,"364 Christopher Bypass Lake Timothymouth, AZ 48870",657.3000000000001,SKU#f4f65e7495517a39bd68b3937ae5fcf3,3987908182,11/17/2016,kendrasilva@gmail.com
IID#9fb706da2bcf0aa44ac4de02feb99740,15,Diane Mcdaniel,"035 Rebecca Skyway Suite 132 West Tanya, VA 87988",407.55,SKU#a00c4336b61933a3b7eed1304d15427c,8461519993,11/20/2016,meyercody@morgan.com
IID#1f08e72229f45534426da5d8d656319d,20,William Oneill,"USS Brown FPO AA 01970",2747.6,SKU#e201927c77f2c0a3e0c3950ae931b6e6,5422468861,11/29/2016,garciaerica@hotmail.com
IID#05a9e8e13d461b352dfd114bc9fca573,18,Bailey Brown,"714 Ashley Stravenue Apt. 177 Lake Ericville, DE 13881",1825.7400000000002,SKU#56ddc7efc29d7dfb0d59d10321298727,7859561332,12/02/2016,hdavis@watson.org
IID#5132c7884dd9cff1365f61fec897e29e,13,Samantha Baker,"07038 Richard Dam Port Jenniferberg, VA 59709",891.6700000000001,SKU#5363c96604a0db55e0fafc787385e36b,1765128432,12/06/2016,haley71@villanueva.com
IID#3522fa356e227fd1459e1d5a0c2ad232,18,Kevin Sanders,"793 Madison Lake Port Tylerbury, OK 08672",2127.7799999999997,SKU#c65115ef444af8b8a7c17d1b47136331,3802943758,12/07/2016,wendyjones@harris.biz
IID#47ee4fd5db5dfa4697bca2f73a8a9596,18,Mr. Andrew Guzman,"0341 Hopkins Turnpike Suite 706 Ericfurt, MI 24725",1651.86,SKU#a302a771ee0e3127b8950f0a67d17e49,8384882671,12/08/2016,qsmith@hotmail.com
IID#087e81239733ba7422ec84189056a00e,14,Lindsay Alexander,"4334 Dale Key Barrettshire, WV 80897",975.9399999999999,SKU#b9205d5c0a413e022f6c36d4bdfa0750,0003667063,12/10/2016,santanavictoria@gmail.com
IID#21508f4c51869fe0cfd6981e707a51e6,11,Ashley Kirk,"819 Susan Road Elizabethbury, UT 40634",725.23,SKU#a67d568fd3cd6d93504c1352708fd8ba,3436887849,12/15/2016,dana28@powell.com
IID#0e28f58289dd74d65fd7ba1972d27e1e,12,Danielle Flores,"9409 Martinez Island Apt. 366 Campbellview, NM 11801",965.76,SKU#e2aa232794d64feb5851d2e48454c4c2,4001940379,12/15/2016,dustin18@johnson.com
IID#509d291df7649decbd9fa82edbeb209b,19,Walter Anthony,"54206 Mayer Green New Vanessafort, LA 44892",1433.36,SKU#32b5e7886d1928c44fadc040471cc550,8011592588,12/16/2016,alanking@anderson.biz
IID#8722af8683c6dedfa35cf708f04e507a,12,Steven Oconnell,"991 Catherine Lodge Apt. 046 South Madisonbury, UT 07333",1253.76,SKU#033a1a04a5f94953c8a388e39cb71013,0244894176,12/30/2016,grahamdavid@gmail.com
IID#2a8235a1a3a296e9e2c6763042f8b96b,12,Douglas Romero,"739 Toni Pass Suite 043 Davismouth, WI 99874",1142.04,SKU#80802b088528adf260a52f1563f68b85,3792240143,12/30/2016,cortezjessica@yahoo.com
IID#0381a6f104fe8ab4721d61c99a9e5f12,8,Stacie Keller,"USS Parker FPO AP 88165",570.72,SKU#0c0753b0057a2f8db2ff040d916b016d,9712995859,01/01/2017,kellyrobertson@gmail.com
IID#107ea5e45048022b43068c629c827ede,13,Andre Green,"03818 Robert Estates North Thomasfort, NE 79071",1008.6700000000001,SKU#9efd866ee7e4190a46e3dc17dcba010e,2533581502,01/06/2017,jenkinsstephen@cunningham.info
IID#40dae14e51f1cfa23f3047e3ea2d0d1b,13,Pamela Robles MD,"USNS Bowman FPO AP 72606",927.55,SKU#7e92d9d62a1287cc540f3a4c6516c6ea,8099434744,01/10/2017,andersontina@ritter.info
IID#0e3869d848664a9a6d6b0f30201419c9,23,Andrea Smith,"31943 King Squares Bowerstown, IL 06756",3481.0499999999997,SKU#228b6e96ea75ec9b2f5c22bb75980eb1,4788611007,01/15/2017,jasonedwards@gmail.com
IID#29e6b59d9075b1b578720adf873803e1,17,Heather Gonzalez,"45899 Porter Glen Apt. 876 Reedview, IA 58363",2146.42,SKU#7f2f60b8afdc6336bd5199d39140e790,0965437564,01/19/2017,perezwayne@hotmail.com
IID#062529ebda0161aea533a7d1388ece33,17,Marie Davies,"84500 Wheeler Mission Suite 630 Lake Timothy, OK 92488",651.61,SKU#27a7404c386f389ca798dcafa2b279d2,2559988049,01/21/2017,ntucker@stewart.biz
IID#080bb171342f1cc4e11426b97311b176,21,Angel Hoover,"0358 Wendy Oval Apt. 433 Ramostown, WV 32304",3097.5,SKU#bec4473fc43b77e28e60f89da4e29c00,3926383826,01/25/2017,perryedwards@hall.com
IID#3b4f7c2cadab437cc6c458a538400f56,13,David Hardy,"043 Gibson Roads Laurieview, SC 17206",504.4,SKU#1bc869006b65fb633facc11227d087f4,1372099067,02/05/2017,wallacejoseph@summers.com
IID#c19b4b82fe5a8cd4e980b9c0831d7539,15,Lorraine Anderson,"USS Kidd FPO AP 45162",455.55,SKU#6682f9baf3150eadb9e47d4d8b59780b,1930551398,02/06/2017,osmith@yahoo.com
IID#3526e6d229fd72a10ae6610d12116630,13,Matthew Henderson,"866 Karen Inlet West Sherry, CO 45603",1081.73,SKU#3ee924dfac555e1e940e11e84d347040,7000711271,02/06/2017,codywebb@keith.com
IID#0eb422c159314f9c905bc43cc6167669,17,Richard Olson,"USNV Owen FPO AP 47327",1533.0600000000002,SKU#1a7c3b4c28eb0673aa12037a2b9739f0,1793411023,02/12/2017,iscott@lee.com
IID#4f4de426f1a2f989bb796e27ceb0c634,17,Craig Salinas,"2907 Larry Land Carrieberg, MI 28799",1546.15,SKU#d9a62f20bec99fa669a104705bf1201f,4024837702,02/13/2017,rdoyle@palmer.com
IID#b9e80e4d51c74b34ef83c9ae3df446b4,22,Brittany Foley,"094 Michele River Apt. 633 Leonardton, WY 07200",2629.44,SKU#3b9b69441d19ffc85540fe6175b86630,0691343067,02/19/2017,wmurillo@wallace-jenkins.com
IID#5c121476af2ca9b8d91fe285e6b440f9,23,Walter Anthony,"54206 Mayer Green New Vanessafort, LA 44892",1127.92,SKU#df096d542fa7fe37032f5d4828155ebc,8011592588,02/21/2017,alanking@anderson.biz
IID#153fe11ab1ea82be7bad2ff6b9901fc5,10,John Hernandez,"8042 Sue Light South Michellebury, VT 21454",516.7,SKU#80be6efdf5a776659777bf07d4aff891,6775322661,02/25/2017,paula97@tucker-le.com
IID#c10d2ea49cfa3936d00f5dbecf867eed,9,Allen Thomas,"Unit 8435 Box 9577 DPO AE 29392",607.86,SKU#91492f3350f4a1c513741f6aa8a96b5a,9147739948,03/01/2017,brandongarcia@wheeler.com
IID#0a9c72f9db202d3c13e46b9a902f4a6c,17,Devin Howard,"418 Ford Landing Lake Chelsea, MT 37531",1905.87,SKU#6f6b5e30af6a9e64b7b6a19c39de7e0c,1732677859,03/02/2017,cassandra76@gmail.com
IID#87e8a288ac7d7800eeadd3cbe9d782f7,19,Samantha Hale,"7374 Linda Crescent Apt. 165 Markmouth, AK 83542",1055.64,SKU#d41d8cd98f00b204e9800998ecf8427e,4222999150,03/03/2017,johngomez@hotmail.com
IID#4d7b3ec1fa3cb41d9306da4915fbf4d7,14,Brandy Parker,"5680 Oneal Plains Apt. 164 East Tracey, WV 33112",781.1999999999999,SKU#7d0a27db87cbd4243eacad312e5d7f41,3185499533,03/06/2017,baldwinryan@mills.org
IID#4e37fb7afe9e859ce5b4c0b3ddb77fde,17,Ana Todd,"216 Derek Locks Suite 957 Marshallborough, CO 43506",1009.29,SKU#6cbbe3240a203b0ff387d9bbdadd49ef,8574706892,03/06/2017,xholmes@murray.com
IID#a49962d116d2dc6ae0767829de617f99,10,Felicia Williams,"249 Lisa Parkway Jenniferstad, DE 26089",1138.4,SKU#835977829ed7e5d4eda983e33dc7868e,3579121734,03/15/2017,maguilar@gmail.com
IID#5d45bbfd3dc57504944e8588e3f2ee7a,16,James Ayers,"9824 Finley Spring North Heather, NY 38510",719.36,SKU#becc18c1df698952a593bf005c8e8ec0,2276303898,03/24/2017,odavis@gmail.com
IID#5ee2a6adefde36911dc5da0f91edb974,13,John Johnson,"32911 Eric Keys Jesusfurt, IL 03221",631.6700000000001,SKU#832d4a5215870ff40d202bf272fe8c8c,8118411684,03/25/2017,garcialisa@brown.com
IID#9272904f5a9966edc056daddf40005dc,16,Henry Anderson,"95538 Thomas Track Bishopbury, VA 17142",1593.12,SKU#1a6514b5e65eeab78790c78c5cdd5953,4445804654,03/26/2017,hessdavid@rivera-wheeler.com
IID#82e6dc4fe649d3c8695ad5876467061d,8,Krista Smith,"35483 Martinez Camp Suite 227 Carpenterfurt, WA 41380",1081.76,SKU#e0e2d4e5fd76889a0fb95f8227b27293,6170418298,03/27/2017,davidcardenas@hotmail.com
IID#d450ff4604f32cb5d2f566f10b1fc222,26,Diane Cortez,"62720 Alvarez Forks North Markton, LA 88156",1309.88,SKU#f3c8bdb6b9df478f227af2ce61c8a5a1,5735397408,03/28/2017,erica92@brown-green.com
IID#520d49cea5cd4c8b2bce4f4f92f67eb5,11,Bryan Harris,"90014 Lee River Ortegaville, UT 94536",323.73,SKU#36ab5bbc84127288a4bfbab259005f93,0733287244,03/30/2017,betty04@hotmail.com
IID#bbc46d5d98f2af40312ede115c0611d3,17,Austin Gonzalez,"2858 Jamie Ford Suite 225 West Victoria, TX 57326",1614.32,SKU#05292ae368555ae1dbde635f071b0369,6442014523,03/30/2017,eric08@yahoo.com
IID#4929566c1c9bfff49762c333d1245b7b,9,Jason Bowman,"753 Nguyen Valley Garciachester, WA 45342",1244.52,SKU#bec7e4f13de9f987d917998cf040754d,4770336169,04/01/2017,gregoryleslie@smith.biz
IID#c6288dc38cc35ba5863bc14ea930d909,12,Elizabeth Mack,"990 Frazier Springs Gregorymouth, NH 38678",1249.32,SKU#bf619eac0cdf3f68d496ea9344137e8b,4341899731,04/13/2017,rileyrobert@williams.biz
IID#703493f4417c30ed1e1856d3628945a4,18,Jody Peterson,"0659 Frederick Cape Apt. 962 Matthewview, CA 47662",1048.1399999999999,SKU#dcf346fa83e19956e968b4d76e185ab1,2637031597,04/19/2017,haleylucero@ray.com
IID#38563d71e57945605f44731f4483e4e7,17,Anthony Taylor,"1551 Beard Inlet Josephville, KY 63834",2347.7,SKU#29003687900cad69c06a7907f2738e79,1781205256,04/21/2017,candace50@hotmail.com
IID#ae0b559a406c0120ea1b38ab48842dfe,9,Tina Kelly,"7858 Brown Plaza West Bradley, OK 47269",621.27,SKU#d28c293e10139d5d8f6e4592aeaffc1b,5248137387,04/22/2017,vazquezsamuel@williams.com
IID#58ab8793a8c8eeb60170fa85b3ac1f03,10,Ryan Goodwin,"0908 Michele Overpass Suite 884 Port Robertbury, OH 87620",512.9,SKU#f9829991257177c85ba5bdeb6774126d,7147738597,04/24/2017,aimee02@hotmail.com
IID#06e8da642374a513de2cb7b238a3921a,15,Amanda Mcguire,"7864 Kevin Islands Apt. 954 Belindaton, AZ 75155",1536.3,SKU#9e292e386b7cebd21e02ad51f7ace213,4749995277,04/27/2017,edwinclark@ortiz.biz
IID#c9ae0ab8c13977efc470e01e28b17302,12,Alexandria Harris,"96166 Eddie Plain Perezland, SC 91430",1331.28,SKU#a50b718c3518b630251fb54b92bde360,7113781826,05/02/2017,alyons@hotmail.com
IID#d1f7f4e2e28fbdd8ecb68774825ad800,24,Paige Lee,"011 Jackson Gateway West Kylie, NH 41433",1914.96,SKU#fd45e0b6af52af4341db1383cf2c627c,7760168862,05/03/2017,carriejensen@boyer.com
IID#fc8b68022770fa83e50954a23cb06554,14,Raymond Simmons,"63015 Jennifer Squares Suite 129 Ricardoville, RI 83973",1764.14,SKU#bc6714be5c417fda4d3915f2eed0a6f5,5154345457,05/05/2017,hgalvan@yahoo.com
IID#fb0aa9291a2fb13f4d5e5465df4a7002,19,Anthony Gonzalez,"364 Christopher Bypass Lake Timothymouth, AZ 48870",2749.87,SKU#0188bed9647ab3c0f81dc3e4b5589baa,3987908182,05/09/2017,kendrasilva@gmail.com
IID#d9f2a75fdef9c0731dddeaf3151cac05,8,Marcia Moore,"89029 Mckenzie Manor Nicoleton, ME 21240",359.68,SKU#a4bd1877f0712efcc681d33d58777e55,3040149458,05/12/2017,murraymelissa@hotmail.com
IID#afa41ca02e480a99b4d4cbafef822b30,11,Melissa Edwards,"1972 Christopher Centers Suite 405 Marcfort, IN 15858",523.9300000000001,SKU#de3c77e86c8f132cb67976814a901841,4770486300,05/17/2017,mckayjoshua@hotmail.com
IID#4e546f47875612a7742a4a1494e79554,19,Heidi Franklin,"PSC 0523, Box 4052 APO AE 03421",1558.57,SKU#feace763f73e3db720a70c6fbfbaab07,1387503451,05/17/2017,tgarcia@gmail.com
IID#801ac130fda393b5b0bfddc232bf1b23,14,Darlene Campbell,"26375 Gross Stream North Mary, CT 14473",1742.4399999999998,SKU#2b33bff451316574ec905448efaad2bf,1573682141,05/17/2017,xwelch@yahoo.com
IID#b70065e06cfd5f928b745f76d0ada03f,15,Samantha Sanchez,"93004 Garcia Ridge Apt. 279 East Lisa, SC 91278",1035.6000000000001,SKU#9546c10433c45bfb9947449dd8d304de,7565724750,05/23/2017,daniel71@macias.net
IID#5cbb0ab111d496a3546865df99909a7c,19,Julie Johnson,"14454 Jimmy Vista Rebeccaberg, LA 43956",2571.2700000000004,SKU#1a877b7b83298cdb47da75382a689f99,0120719708,05/27/2017,selenadavis@silva.biz
IID#1b11bdd8a83ad201adc04ecd58d3f167,13,Carmen Gibson,"65749 Vaughn Rapid Apt. 868 North Kathleen, LA 65839",1697.9300000000003,SKU#c9ea3314b91c9fd4e38f9432064fd1f2,5849012196,05/28/2017,anelson@wilkinson.org
IID#e38982e431574bd264954bfc11af0fa7,22,Willie Richard,"2527 Roach Roads Raymondton, TN 15452",1002.0999999999999,SKU#c42dff9843dd12641d5ce4f2cbd71617,9674970759,05/29/2017,paul43@wilcox.com
IID#d1c8357e2b7c3bfed6bbfd94dbd7faea,15,Daniel Young MD,"877 Holmes Plain Suite 835 New Kathryn, NM 82795",997.95,SKU#f00cce6ef25de2d633f344b62423863c,2460054924,05/29/2017,lorismith@welch.com
IID#78e29a072034f4c286decd116e8307d0,9,Christian Schroeder,"392 Ferguson Island Apt. 834 Port Linda, MO 75052",1167.48,SKU#14cb043bce71e268d3afd06e6dd6e1fd,4009552315,05/30/2017,hannahbennett@hotmail.com
IID#43f9973f5eeabd4963055a88d9d4dbe4,13,Tamara Garcia,"32745 Jones Valleys West Christopher, TX 01496",1186.51,SKU#ccbdf684d154d86984b984bef22fb71f,9303980837,06/04/2017,mirandakaufman@gmail.com
IID#345efc94501774fbcb2b2aee3a64619f,16,Valerie Henderson,"396 Brandt Mill Apt. 481 Millerview, RI 25329",1850.4,SKU#9e1e5883c74742a497cf5c272ccd2321,8732125437,06/04/2017,jamesbennett@stevenson-braun.com
IID#afe1dca60b1db2115395c6b6a68b20a0,14,Jessica Oconnor,"051 Brianna Roads Suite 689 South Hannah, WV 48438",1433.88,SKU#9e292e386b7cebd21e02ad51f7ace213,5156139741,06/04/2017,melissa86@hotmail.com
IID#2a077eff838a13a8001c7174c7a3a703,6,Angela Harris MD,"145 Brian Divide East Joseph, MI 57385",718.6800000000001,SKU#6a1d1570d7662ed0e85ac8ee278b4178,0533109673,06/05/2017,qholder@yahoo.com
IID#0770207e80de77870342abb2b665376e,9,Stephanie Allen,"827 Jonathan Mission South Shannonborough, RI 62664",1043.9099999999999,SKU#645605496ac18d914435ec4427573da7,7901091385,06/05/2017,millerpamela@hotmail.com
IID#a68753e30aa7dd4f4bd1ca32d306c56b,9,Daniel Davis,"8240 Blankenship Drive Apt. 679 Cartermouth, VA 93317",1120.1399999999999,SKU#2b33bff451316574ec905448efaad2bf,7087001461,06/10/2017,laurenmanning@stanley.com
IID#e6cac7c8bbd43fe2143bfd898b8482ed,17,Dr. Caleb Todd,"05519 Le Port Apt. 195 Davidhaven, TX 73974",1535.1,SKU#c3e1e839b9c0260095e628839a879503,7225696735,06/15/2017,smithtracy@yahoo.com
IID#1676f8933ed2635edd2fcf92b76d4066,15,Joseph Glenn,"47919 Derrick Estates Suite 081 Kramerborough, AZ 06103",2413.9500000000003,SKU#b54b9c5d611b062aea9d8ec0d192335d,6384581023,06/17/2017,brownjames@yahoo.com
IID#e6c8a2db2300cc804662e2773e1d9e43,17,Sandra Hughes,"859 West Lake Apt. 157 Lake Carolinemouth, WY 46307",306.51,SKU#ec8d9cf15661e1e246997637ac868ca2,7734610710,06/18/2017,hmiller@gmail.com
IID#2518c2304a390e60d20b53b101fc0056,16,Dr. Kristen Mccall DDS,"330 Angelica Forges Suite 077 New Shawnchester, NV 68541",575.04,SKU#3257f8338662d08c64af5adfd3c2fb17,4440460656,06/19/2017,ronald26@stephens.biz
IID#1135f790ccad3d4ed0a231d9452f16a8,13,Terry Brown,"1589 Howard Landing South Rubenfurt, MT 99012",1687.7900000000002,SKU#f2f0de3c63af000f2f90354e7438afc3,5062981297,06/19/2017,torresbradley@yahoo.com
IID#e70ff8c4ceb40b267e92913ee8ed671b,16,Devin Howard,"418 Ford Landing Lake Chelsea, MT 37531",2108.8,SKU#385592b8ece89d5bb6c8ff79b132c562,1732677859,06/21/2017,cassandra76@gmail.com
IID#f0559e83fc93573e8d30d6e516cddf7e,15,Chelsea Bullock,"728 Richards Route Lake Julieport, PA 91683",434.25,SKU#ce5d3eab1fcbd68c99e6292cab237c86,5478185703,06/26/2017,hcampos@gmail.com
IID#8653c61eb780179d9ff5480884dbc24b,19,Daniel Davis,"0186 Jonathan Rest Clintonchester, SC 91416",2021.6000000000001,SKU#eeb20c9bc165677800b6dc7621a50cc9,4953156448,06/28/2017,joshuaperez@yahoo.com
IID#451f85b9951c547c2e8f6cb78c2dec07,12,Theresa Smith,"645 Figueroa Trace West Luke, DC 77767",505.08000000000004,SKU#7a265747dc11d8a73c0ce39f3d0c6b7a,7004892609,06/28/2017,zmay@salazar-wilson.com
IID#9cfef38ee252cd1589fe282ca0507234,11,Felicia Williams,"249 Lisa Parkway Jenniferstad, DE 26089",415.58000000000004,SKU#792a64401688470b9b5ec4a1123eb802,3579121734,06/29/2017,maguilar@gmail.com
IID#b9e895c56eb24df7617a0d9bd9e3abed,14,Christopher Mckee,"21525 Aaron Neck Suite 211 South Leah, DE 87095",978.74,SKU#2c1cf4f76fa1cecc0c4737cfd8d95118,4024310208,07/01/2017,kvelazquez@gmail.com
IID#606ee5b774fa71efaf8cd8627c903ff5,12,Daniel Mckee,"872 Richard Divide Johnsonborough, SC 73096",1897.3200000000002,SKU#8c4fc43652453a056826a2c92652e0fc,6380527086,07/07/2017,bsanders@beard.info
IID#c6a7c921713dd3ee41637796a1cb8e1b,18,Sarah Rivera,"641 Alexandra Grove Apt. 734 Lake Gregory, CA 87943",2166.66,SKU#74da4121dc1c0ed2a8e5b0741f824034,5508115123,07/11/2017,michael74@hardy-contreras.org
IID#c7fe5caeafaa0a3a81f59d487402c087,20,Daniel Mckee,"872 Richard Divide Johnsonborough, SC 73096",2913.3999999999996,SKU#c5a8fa007135596d5e1b0181c33eddc4,6380527086,07/14/2017,bsanders@beard.info
IID#2e4cd5cdd202b601f929169e529fac35,13,Robert Ware,"288 Stephanie Land Suite 787 Simmonschester, TN 14883",1618.37,SKU#ab9d8ef2ffa9145d6c325cefa41d5d4e,0616012448,07/18/2017,johnnyibarra@yahoo.com
IID#cd442b18b8c3eaca7df013e782e3e11c,17,Kelly Elliott,"651 Roberto Field New Luis, WY 47843",930.41,SKU#eaed3e93aeb3c33f31c3b1e573974fdd,6609785040,07/18/2017,fgreer@thomas-fisher.com
IID#a0ce200264ed17705293457bd1e3457a,13,Troy Schmidt,"458 Dunn Land Suite 397 New Christinaville, AL 77511",1155.7,SKU#a658f5a9cb2c6a606d30c3dd909edd60,2508547247,07/21/2017,hallnicole@hotmail.com
IID#b6f8385000abc2f87472d711efd6737b,18,Anthony Taylor,"1551 Beard Inlet Josephville, KY 63834",2527.38,SKU#be2429905922fc27578f75842b95af6f,1781205256,07/23/2017,candace50@hotmail.com
IID#18446ba7b1c3243e92cffd5be52f605c,8,Richard Rodriguez,"32557 Perkins Square Port Joseph, AZ 33006",1129.92,SKU#67f022b63ce6ae0602b1c26761f4f7ee,5452304420,07/27/2017,hpeterson@joseph.com
IID#43c75ba71a2db4b4cec74f669b4a250b,16,Courtney Gutierrez,"034 Romero Lodge Jeffreymouth, SD 88936",589.76,SKU#0a25e7fe3131a04b8683607a189dcba7,7598229776,08/01/2017,jsanders@jones.com
IID#90569353bf936da942c547b861ea2d15,16,Joseph Aguilar,"938 Gallegos Knoll Gibsonborough, MD 47334",1673.92,SKU#bb1ef3ddda35b590d4aa204d0493e921,4227760573,08/03/2017,mosssteven@gmail.com
IID#e795eae7d17e680488de9e99fb6174d2,19,Paula Peterson,"5198 Joe Court New Brooke, NC 47016",1403.7199999999998,SKU#7228a8ed79083f23b1c166934d53ce57,7437931866,08/19/2017,maria36@gmail.com
IID#b0464fcff53670139717e68cc284b733,18,Christopher Gillespie,"915 Zimmerman Burgs Patriciaport, IL 35001",1189.98,SKU#a2bb242dc046bacdc58e7fbbe03cce85,2090993660,08/22/2017,hannabrittany@yahoo.com
IID#df12e7a22ad0c5f5794dbcbfba26caf9,9,Julie Phillips,"USCGC Fernandez FPO AE 56978",1309.14,SKU#78d9c664c638a1d59b95c322a29da3f9,5474746420,08/25/2017,ronald05@gmail.com
IID#ffd83ed0e99837a1d07217a99a6f33e4,17,Edward Lucas,"2658 Cathy Forge Suite 216 Estesshire, TX 29359",1506.54,SKU#a9d5728f9b0e997753288b3a140c5335,7743415821,08/27/2017,william12@gmail.com
IID#839de2bf0ec1ac8111003d923470f419,14,Kristin Hernandez,"60036 Chapman Dale Suite 168 Port Rebecca, VT 65658",1362.76,SKU#335a7c8e767a2dd0ecf3460eaabb0bbd,8468996190,08/30/2017,martinkristy@davis-campbell.com
IID#bc196e74e3394bf7f9dd65cdafaf82e9,14,Stacy Webster,"323 Reed Brooks Port Daniel, SD 34310",179.76,SKU#648d5447910adc3eab22b4d16e63f007,5729678500,09/26/2017,joel47@miller.biz
IID#276a733ae3b3e192275f9d9b76b0076c,20,Amy Parker,"911 Brandon Orchard Williamston, OK 83965",1427.0,SKU#7e92d9d62a1287cc540f3a4c6516c6ea,2664522282,09/26/2017,jschroeder@yahoo.com
IID#06c95d7b0c833549628b0553cf6ba617,15,Nancy Sheppard,"477 Ray Glen Suite 953 New Austin, DC 83840",2165.1,SKU#4475f8fd1ea7e8a5d8fd14b519b1c23c,8605168263,09/27/2017,monica79@campbell-wilson.com
IID#74931917b96dbd92eaada2e32bff04e4,14,Steven Oconnell,"991 Catherine Lodge Apt. 046 South Madisonbury, UT 07333",1518.3,SKU#f38f0b959cdd64bbbc5d73c2c24fddcf,0244894176,09/27/2017,grahamdavid@gmail.com
IID#9da5a9900fd297f655049a549f18aa52,13,Steven Oconnell,"991 Catherine Lodge Apt. 046 South Madisonbury, UT 07333",1836.77,SKU#6df206f493cd799de3658973c3770b29,0244894176,09/29/2017,grahamdavid@gmail.com
IID#7b5a16b3e443d7906fa0fa58467acf85,15,Matthew Schmitt,"97568 Rebecca Vista Apt. 400 East Zacharyview, MO 96562",2130.1499999999996,SKU#a396c59a96af3b36d364448c7b687fb1,6552719178,10/03/2017,amykaiser@gmail.com
IID#54664196863983ee35ab45326cc1e386,16,Jamie Miller,"3086 Gomez Plains Apt. 226 Hoffmanhaven, WI 98196",820.64,SKU#f9829991257177c85ba5bdeb6774126d,2765752106,10/04/2017,kristinmiles@yahoo.com
IID#4c30743586218cabd4a9d463beb18737,8,Heidi Franklin,"PSC 0523, Box 4052 APO AE 03421",733.92,SKU#0efce63cf4c085888a2772125dfe7aaa,1387503451,10/07/2017,tgarcia@gmail.com
IID#75d8d778aeaae5887d95b203b8d2f9a4,20,Adam Bailey,"8187 Young Circles Travisfurt, MS 02861",1521.3999999999999,SKU#8e9d6c6d61e72b094ff58e3d75a99a83,8597078239,10/12/2017,morrisjames@morgan.net
IID#dbba3d514964050d4430b010f3e09ab2,12,Andrea Aguirre,"49855 Hale Park Carrside, CO 18332",1057.68,SKU#79680cd55a6b3db8e34b3ce1905b441f,4861617739,10/12/2017,jacob97@anderson.com
IID#67d275249b222e26da3ccee69fe10c58,12,Charles Scott,"46474 Brown Loaf Apt. 416 New Veronica, ND 59633",963.24,SKU#565aba2aa486212bffe024fefb3a8ba0,8101631875,10/19/2017,taylorian@yahoo.com
IID#fe043ef6269986d73a7616c7fc32c7fc,18,Cassandra Bailey,"66533 Laura Cape Marshallshire, NY 09763",1952.46,SKU#a7df3766ea38999716bcf1033b36fad3,8803336745,10/25/2017,steven81@orozco.com
IID#c509e6f594a138934b76f3c1555800d1,16,Shannon Warren,"5087 Dixon Divide Suite 180 North Stacey, MD 72765",2068.32,SKU#109071511d084d628bbf736c8bace7a2,5408784849,10/30/2017,ethanhale@hotmail.com
IID#f33575c478772ec8e463ce145870481e,21,Melissa Edwards,"1972 Christopher Centers Suite 405 Marcfort, IN 15858",2022.7199999999998,SKU#2e715b7aec9cd1260982b62b78432cd9,4770486300,11/05/2017,mckayjoshua@hotmail.com
IID#04c871844b496f2a9c17b4bdb58caab3,13,Amanda Mitchell,"710 Riley Stream East Jamesfurt, MS 44198",1469.78,SKU#83e0cba63de0511e1f933e9a662afaaa,1720017270,11/05/2017,andersonmelissa@cardenas.com
IID#90946fb66edbd1c19d2f056f99bc34d7,22,Cheryl Fleming,"110 Boone Freeway East Juantown, RI 78544",3183.3999999999996,SKU#4ac4df397d427c2b3ddd1b728188213d,2773083693,11/08/2017,broberts@hotmail.com
IID#a4ab2576a7ce46d3894c85ac5938b190,14,Sarah Fritz,"87075 Jeffery Manors Cartermouth, NJ 48010",2253.02,SKU#b54b9c5d611b062aea9d8ec0d192335d,0066184866,11/14/2017,mcmillanjeffery@white.com
IID#2623bf1aa00962ecdd1591c2665f1f1c,21,Shane Griffith,"37269 Lisa Squares Suite 488 West Jill, CO 99354",1949.01,SKU#148693d2fbe9ed330f88b84805fe7d44,3221921653,11/14/2017,rodriguezbrittany@gmail.com
IID#b4d765e913b4ba78abc85f42d9025892,9,Heidi Sparks,"4677 Hernandez Extensions Lopezview, WI 94443",581.49,SKU#4e457115e6bd5c9e87ee47ab909229f3,6565891325,11/21/2017,rojaseric@wilson.com
IID#dfc9f9d2f3d84f9e7706f18620a6db1d,18,Richard Myers,"28721 Mendez Key Suite 897 North Wayneview, OR 02681",1198.8,SKU#e2bdd4d017ce36dec632e386e894a4e5,8009570416,11/30/2017,fgreen@brown-wright.net
IID#3db78005580c8e2fb0a80a286d1985b5,11,Darren Cook,"08520 Nguyen Inlet New Jasonland, DE 17110",962.61,SKU#43046e41072a4e97a0481d8d928b84d3,0623168584,12/02/2017,lisa37@hotmail.com
IID#802bcf8df2fa4b9a3af294b97dd27eed,15,Jonathan Kirk,"04306 Nathan Club Suite 894 Lake Josephland, WI 39778",918.75,SKU#0894e40580946a5b629a94312986f56e,2462448094,12/07/2017,cummingsjennifer@hotmail.com
IID#61d89e1aace9f422836177634a30493e,19,Becky Garcia,"0775 Anderson Port Russellfurt, VT 64021",366.32000000000005,SKU#ba6b70827fa83c75783b6103bf2ca12d,7491679134,12/08/2017,mhuynh@anderson.com
IID#400c0a454e6d0fd11e007c519c279c01,22,Roger Anderson,"897 Brown Shore Suite 743 Port Jasonport, NC 28911",1935.5600000000002,SKU#c3664b673d90c603447db7c2d2bbc5e7,5956408441,12/10/2017,tammypreston@yahoo.com
IID#ebcd778b7de36f707a0db4b0bc814c02,10,Kenneth Collins,"62898 Howard Gardens East Cynthia, MS 18245",485.90000000000003,SKU#832d4a5215870ff40d202bf272fe8c8c,6959052034,12/13/2017,xarcher@hotmail.com
IID#9ef77571441264e0e3a433986bf6f904,11,Renee Brown,"Unit 2587 Box 0017 DPO AA 80150",1474.33,SKU#5206cbaf5529838446357387ef409f1c,3160805941,12/21/2017,davidlyons@wilson.info
IID#40e68214bb5d18711550dc0823593582,14,Matthew Zimmerman,"851 Terry Station Apt. 493 South Kelly, VA 79467",645.26,SKU#782d7b5488175ae07bbe22b43f937d87,0925427948,12/27/2017,mindyguerrero@jimenez-simmons.com
IID#3fba0e4cfb40dd91369398f46b117297,15,Amanda Perez,"106 Jennifer Alley Apt. 693 Johnsonburgh, MI 98626",900.0,SKU#0aa29904a5fe988a41cc1b680e4d7b77,8012028782,12/28/2017,brownmckenzie@hess.com
IID#7677bd4e224052f2cba0e713cff87979,10,Phillip Harrison,"13212 Greer Curve Webbside, SC 18346",531.5,SKU#965c023ba38a94183b90080b81222695,9863488496,01/05/2018,evansbryan@hotmail.com
IID#a6c86a604dd6eacae864fc0b0fd5ceec,21,Bryan Young,"300 Rivera Roads Apt. 007 Vincentville, NC 19516",2751.8399999999997,SKU#4aa09c46db228e7f610ad440cd89c103,6789456578,01/05/2018,gonzalezteresa@gmail.com
IID#3c87fc72541ae65eb077b28e0a154be4,13,Monique Dyer,"5537 Ann Plains East Tiffany, WA 48565",463.71000000000004,SKU#cddfae5d02ecddb6f66d23a6f88fe4fc,5969143700,01/08/2018,boltonjordan@hotmail.com
IID#4af05a490ab7bbd356043a1ecf32f302,14,Daniel Nicholson,"054 Ashley Center New Joshua, WA 27255",1628.62,SKU#3189de1ff1f8afed0f70e352dfcd2abb,6159291865,01/10/2018,michellehoward@carlson.org
IID#541f7f246e9ea77892b285375c3c9460,9,Robert Long,"632 Jennifer Radial Apt. 772 Stephanieshire, KS 39320",1015.1999999999999,SKU#f7aa819535e83034f3bb522cc8c6da75,3311375622,01/13/2018,fclark@dominguez.info
IID#b8cc88db0c62a89b4bc58e31a61cffa1,19,William Greene,"276 Wendy Road Apt. 394 Jacobside, OK 03347",877.42,SKU#3bc9355c2e32b02cd125e0bc6e008ebf,4698008082,01/14/2018,foxkaitlin@gmail.com
IID#3158a852f93ae426e0ca423564a04502,20,Amanda Rodriguez,"3855 Shannon Rest North Victorland, DE 72436",2087.2,SKU#a27770954f1e6caf5875ab6ea6c4bfb5,5710875085,01/19/2018,samantha25@yahoo.com
IID#a94b9558a400f0e34f3ef6994498117c,18,Joe Wright,"358 Lewis Island Apt. 716 Roblesshire, NC 27638",2675.5199999999995,SKU#7c909b3e2820c8b47ed418753698a6da,4598460979,01/31/2018,ellisolivia@hamilton-chambers.org
IID#9c3f2f94c93a4abf41fec2a8d9d7443c,16,Christopher Hodge,"80270 Weeks Crescent South Jason, NY 58801",1143.36,SKU#420d8ce955a48dbad2fcb7acbdee3d06,8710625298,02/06/2018,dennisgarcia@wagner.com
IID#1eaad3aef9da154260d08d8c9fc41dc0,20,Kimberly Morgan,"070 Clark Centers Jenniferberg, KY 81923",2734.4,SKU#19c55b6aa760d80b828127613ebdd257,3578585211,02/09/2018,amberdavila@smith.com
IID#6873739a7607fea756f203743b1665ce,15,Thomas Cameron,"012 Santiago Meadow Bradshawfurt, UT 35833",1692.15,SKU#59bcafcabdd1f16e7b9889ee10dec858,5764350379,02/15/2018,fwilliams@yahoo.com
IID#3c8d1f11772a15a6c1472c50a79cb2f4,25,Michael Nelson,"02911 Perkins Haven Apt. 454 Morganside, MS 58966",783.25,SKU#6841a847b560d1a1483bdbd28d212ad7,0475829686,02/15/2018,david01@yahoo.com
IID#0fb170e3cf1da866db873d9fd2fa843c,21,Joe Wright,"358 Lewis Island Apt. 716 Roblesshire, NC 27638",984.27,SKU#aed5961c4113ee9f2b80fdd169aec412,4598460979,02/21/2018,ellisolivia@hamilton-chambers.org
IID#fe743af1c13a973d4fd19341c8b81398,12,Chad Kelly,"PSC 2969, Box 0544 APO AA 81348",467.76,SKU#f7458cbaa064f1b2ece4f685559cafac,1371062971,02/27/2018,meghan19@cantrell.com
IID#01c99f434d8173c202f5643af62b0315,20,Stacy Villegas,"7387 Miller Springs Suite 098 North Barbarashire, AL 89540",2274.7999999999997,SKU#905a0b9a5456ee962223033473666be3,5641308513,03/22/2018,underwoodantonio@hotmail.com
IID#90418090d95342bf0bc56c35edbada0a,21,Daniel Lee,"7814 Alexander Estates Suite 012 Hamiltonton, NV 06068",2063.04,SKU#6e5096a93027a0d145a8d3c8ea4b701f,3837132256,03/23/2018,krichardson@rivera.com
IID#b363fd11c4924ad18743d70641b50e7c,18,Katelyn Valdez,"PSC 0247, Box 8913 APO AA 66113",1245.06,SKU#f615e219175d923e1a35183696a98c91,7889879593,03/29/2018,kpeck@hotmail.com
IID#90f1b1e79c34875deb9c85f80869eb54,12,Teresa Bradford,"599 Huang Trail Burgessbury, WA 18480",900.1200000000001,SKU#0a15f50911fbd69c7f0d921f313ce4db,9852794330,04/01/2018,dustinhuff@freeman.com
IID#78e28e931652f64c5d39034e26ef0096,22,Alexander Melendez,"90849 Robert Forest Apt. 679 North Nicholasburgh, NM 76441",1434.4,SKU#c1a3cc5f89f5943de57237cbf8ce5527,8832112144,04/02/2018,eandrews@gmail.com
IID#5822e533a6bea67a3ab2bad8e8944390,18,Brian Greene,"906 Eduardo Isle Port Maureen, IA 36248",2622.06,SKU#a75d7d422fd00bf31208b013e74d8394,1971060927,04/02/2018,qrangel@andrews-johnson.com
IID#1ea4df53ae102bf2c24130e679b66d2d,13,Jamie Kim,"76423 Paige Square Suite 165 Chadstad, SD 05161",1913.86,SKU#02bb51ad32f9e8b994209161b275d5f5,4139756968,04/04/2018,kyle99@stone-colon.com
IID#6fa0ed94b14b74b987cf3743a7a5bca8,10,Jeffery Wade,"411 Christine Well North Jacobfort, OR 27008",485.90000000000003,SKU#832d4a5215870ff40d202bf272fe8c8c,1054256704,04/05/2018,rellison@yahoo.com
IID#53b5b7571810d98082439e6002025585,21,Daniel Davis,"8240 Blankenship Drive Apt. 679 Cartermouth, VA 93317",2619.33,SKU#300f960ebd4a8403afc8fb101573fed3,7087001461,04/07/2018,laurenmanning@stanley.com
IID#47699f4b69b37670eb6ce45276ad9a30,20,Christina Taylor,"USNS Greer FPO AA 45271",2005.0,SKU#417c67707ad8fbb5300140892c8666cc,4627996662,04/07/2018,simpsonamanda@hancock.net
IID#ab392e23e60ae379ccb96cfdeab3d6b1,14,Nicole Jimenez,"55165 Williamson Village Lake Deannaview, LA 15259",458.64,SKU#118db038cff249fc1b96f7a8f2b27620,2112189478,04/10/2018,davidcox@andersen.biz
IID#6782b8c0b798cbc8e080df72a7433ab0,22,Stacy Webster,"323 Reed Brooks Port Daniel, SD 34310",2167.66,SKU#c95483c701c7fc677e89f2c44f98a30b,5729678500,04/17/2018,joel47@miller.biz
IID#47868abdcd6a51a3e82aa6328d977b0e,18,Michael Wiggins,"37859 Nielsen Extensions New Elizabeth, AL 46898",1880.64,SKU#033a1a04a5f94953c8a388e39cb71013,1584431961,04/21/2018,zgraham@lopez.com
IID#118e1660013e0e4cf3484c325b4d8253,27,Becky Garcia,"0775 Anderson Port Russellfurt, VT 64021",3907.7099999999996,SKU#0188bed9647ab3c0f81dc3e4b5589baa,7491679134,04/23/2018,mhuynh@anderson.com
IID#9b513ce82d256ebf6a89ae214debe2fa,14,Henry Stone,"06730 Stevens Flats Brandonbury, GA 57982",453.17999999999995,SKU#cd712d66af0c4cb9679423c976a2ca45,3750311149,04/29/2018,kcarson@carr.com
IID#ea42638d39bcaea9ea89657412b6d670,17,Carmen Gibson,"65749 Vaughn Rapid Apt. 868 North Kathleen, LA 65839",848.98,SKU#4034db804ab2f325a46c8c3d1a6c2d73,5849012196,05/01/2018,anelson@wilkinson.org
IID#bdf85fd2826ce8e55b3bd281a902e0de,16,Michael Martin,"641 Brittany Neck North James, VA 66010",995.04,SKU#c2308b58a82b730cbaed7148a4b2343a,9929329447,05/08/2018,ebrooks@white.com
IID#370854d318ee4dd86bddc8cdf96f401b,14,Rhonda Myers,"9346 Phillips Rapids East Brian, AK 49431",815.7800000000001,SKU#db10fd32bfe67918ed177579d4be9d76,5389420481,05/20/2018,deckergregory@banks-patton.com
IID#301a0b2bb65a711f5060ef04394ec995,13,Adam Williams,"6189 Shannon Forest West James, WV 74970",1971.7099999999998,SKU#f7c78514872f9cb5585f8d69532cd2d0,2241556159,05/21/2018,kristanguyen@scott-lawson.com
IID#cd8cf05eb07230fb2c832adefd94da6d,22,Susan Carlson,"60923 Allen Motorway Whiteton, KS 31993",3047.8799999999997,SKU#c072964aec6ddebc13940bf3185213d1,4768383365,05/24/2018,kimriggs@benson-thornton.net
IID#6219090497e5106ead8a482ae9ca6337,14,Shawn Freeman,"581 Newton Tunnel Candaceside, ID 92924",1233.96,SKU#79680cd55a6b3db8e34b3ce1905b441f,3997484462,05/25/2018,chadwilliams@yahoo.com
IID#132d775154beb8551dd7844f1b78ed89,16,Eric Wilson,"417 Sarah Courts Suite 927 Rebekahview, KS 46502",1971.84,SKU#15120767b40b12ccc180202acd5b968a,3335877136,05/25/2018,qshah@gmail.com
IID#054f94634e32147d72d77ac505ef3e5f,10,Katherine Hill MD,"185 Adams Falls Suite 208 Walkerside, UT 04465",1008.1,SKU#d7a651527e52d575474b1f923d60d904,1450176043,05/29/2018,benjaminmatthews@martin.biz
IID#5aa354a7c488398c6f49789645c6adb5,18,Lorraine Anderson,"USS Kidd FPO AP 45162",403.92,SKU#b203621a65475445e6fcdca717c667b5,1930551398,06/12/2018,osmith@yahoo.com
IID#e88e901d0e8d0cdbe018fc12a8ad462c,21,Shannon Warren,"5087 Dixon Divide Suite 180 North Stacey, MD 72765",2382.4500000000003,SKU#b43e3b0286664b420fa6ac3fe4cbff8b,5408784849,06/17/2018,ethanhale@hotmail.com
IID#ee48f0c1ddbeee934693492e48b1e417,14,William Rivas,"4416 Barbara River Port Shannonfort, KS 96607",902.3000000000001,SKU#3676e04cd30ad97e0534f53d580be89a,5224522145,06/17/2018,zmoyer@gmail.com
IID#4ea0e1ac1517b273c068b3791bc77163,11,Karen Martinez,"99261 Joshua Underpass New Alan, TN 43137",1477.63,SKU#c1eb90438323ae0a11bfc963d464fede,6105549167,06/25/2018,areeves@mills-lyons.com
IID#f08775e93b3f87440abc70c7fd5f0e66,23,Rachel Santana,"383 Hansen Rapid Stephanieside, WA 76637",2329.44,SKU#c1911a5f5c24988cb2146fc11156c58d,2432739256,06/29/2018,chelsea71@edwards.info
IID#864c3bdad1ef1915ef1c85e65095b0a1,13,Steven Perez,"Unit 5207 Box 3925 DPO AA 73469",1608.88,SKU#662c15902c01543c5e91f48de58d8ecd,5452948792,07/02/2018,randy85@rodriguez.org
IID#9aedc2c518cc376bd092613ae7c21591,16,Michael Brown,"00694 Brittany Shoals Suite 312 South Jacobville, NC 14857",1354.56,SKU#8ef3a35df8c4bda3d540914558124d67,9475045773,07/03/2018,mitchellbriana@cox.org
IID#2e5f3c71bf2940b5c27d16681bbb9e26,21,Matthew Stewart,"33264 Rodgers Point Suite 403 Robertafurt, RI 56956",2948.61,SKU#fb5e69805ac91694b6ff9391c5a6762c,0159813363,07/08/2018,alisha20@eaton.info
IID#a01590a2416ae49f185cf7afbc30946b,18,Debbie Hill,"202 Aaron Forges Suite 784 Lake Lindaside, DE 76261",1448.64,SKU#e2aa232794d64feb5851d2e48454c4c2,1916034164,07/18/2018,joshuacaldwell@jackson-shaw.com
IID#3f86cbbbce3ba59d6533a23cd9ef534c,19,Sharon Velazquez,"83968 Gina Squares Thomasmouth, OH 48742",803.1300000000001,SKU#8e19213e1156d922d41679729f7ba8ad,2893680906,07/27/2018,brett91@martin.org
IID#5291df3563b9cb9170c3a0da1fa880b9,12,Ruben Lawrence,"505 Dean Skyway North Anthony, CA 82143",1194.1200000000001,SKU#60ce29a6c4bb1d07174505537971423a,5346279040,07/27/2018,ochoabrian@yahoo.com
IID#2d9dda5079a27d9a558fdd8402268484,11,Mary Craig,"09913 Hansen Islands Suite 909 South James, WY 32221",969.76,SKU#b259e6ea164c6e479eec45c80772e515,4686807116,07/29/2018,austinalexandria@gmail.com
IID#04b0b5a46faf35813b583aca8d41f411,25,Rhonda Myers,"9346 Phillips Rapids East Brian, AK 49431",2975.75,SKU#ad6bb3e05acf6e8dd707be7f2659ccdf,5389420481,07/30/2018,deckergregory@banks-patton.com
IID#dd50fbd3e253288f7e234c313953ca32,22,Becky Garcia,"0775 Anderson Port Russellfurt, VT 64021",2845.7,SKU#9ed6b7c09f17400369236fd54f28ca29,7491679134,07/30/2018,mhuynh@anderson.com
IID#0951d03925673fad198167adf078f186,12,Richard Hughes,"8751 Ramirez Glens Sheltonshire, MA 69044",1123.44,SKU#9e1f8a61a2b5fad69d29c10bf7057d30,3764355578,08/02/2018,jacqueline14@hotmail.com
IID#e66651a204a58d36f0fb93b6011c5f4e,14,Carolyn Young,"27970 Owens Loaf Floresport, MT 25189",855.26,SKU#3855a48bda492173d92ea60e14af2730,1458485117,08/08/2018,jeffrey34@brewer.com
IID#b94ceda4aed7394529d8be440670ae67,11,Deborah Davis,"Unit 3395 Box 8387 DPO AA 32339",715.0,SKU#04dd08300b02e1803ce3e9b69cea9edc,5069819241,08/13/2018,stevensdawn@khan-wood.com
IID#c2e79ff327dbca13db92c31d6c2cc142,22,Brian Graham,"068 Johnston Burg Suite 787 South Williamville, AZ 28994",3259.08,SKU#8722e1d435edf4a2e79a1aba0e555bff,6721202165,08/15/2018,jackrocha@hotmail.com
IID#0fd4e117693cf2829c530d4a2ef7c8ba,16,Tina Kelly,"7858 Brown Plaza West Bradley, OK 47269",1177.44,SKU#b0b764a59edaf25c75cc6c1ffd6442a2,5248137387,08/18/2018,vazquezsamuel@williams.com
IID#9c26804482d0372b76455a2371e04bc6,18,Joanna Flores,"8757 Lowery Mountain Suite 581 Mooreburgh, OR 60118",2720.7000000000003,SKU#4297bcbc41aacaa139ed675a24d5eaff,2239983440,08/18/2018,chadjohnson@gmail.com
IID#3fd71874830a3a457aac6ae1cd3c5895,9,Kelly Vargas,"29667 Allen Island Brianbury, HI 00893",857.52,SKU#a3f07671642038caece41ff2a52d8673,2378242526,08/19/2018,nprince@gmail.com
IID#0e33892c28fa8adc234f9a23dea0a764,18,Charles Hall,"PSC 7547, Box 2727 APO AE 37714",1781.28,SKU#09bd5191335ad3d5bf5a3b5e1cf86537,7286290786,08/21/2018,rollinsmolly@hicks.biz
IID#4ca24dff546d76fcc0cc5efc1193b4e7,15,Karen Morris,"212 Jeremy Bypass Jessicaside, WA 23550",835.5,SKU#1461a38b872613aa02dbc798423cce11,4641844224,09/01/2018,karen78@simmons.net
IID#98c3f7475c16afc51d1ed92080c55d55,10,Becky Garcia,"0775 Anderson Port Russellfurt, VT 64021",742.2,SKU#83a9475b33cad765c41dd3deb5be2254,7491679134,09/08/2018,mhuynh@anderson.com
IID#cf9803e71ff3e80d20bc7fd79eccc733,17,Marcus Johnson,"42878 Jesus Parks Suite 184 Dustinshire, AL 76355",1702.5500000000002,SKU#7319468847d7b1aee40dbf5dd963c999,1364174607,09/13/2018,griffinmichelle@gmail.com
IID#33c118c1a588f60c756badec1010c454,7,Maria Mckenzie,"36726 Kyle Vista Suite 752 Leblancborough, ND 80233",620.34,SKU#a9d5728f9b0e997753288b3a140c5335,0452461381,09/14/2018,katrina60@cole-lopez.com
IID#0675849b6f08ad701a59dc35f8faab8b,23,Diane Cortez,"62720 Alvarez Forks North Markton, LA 88156",3526.59,SKU#13cacb82b004ab4cea9089f6d4c8c1f8,5735397408,09/15/2018,erica92@brown-green.com
IID#053c6f06522c624c0415ffa1ce8efbc7,13,Michael Myers,"817 Jennifer Stravenue East Timothy, MD 22465",1628.25,SKU#f66bbd2e5ab92eb20b68e23e0e7e2865,0475244621,09/16/2018,smithcynthia@hotmail.com
IID#bc7bb7f087c959205ae3fd0187ab1ebb,22,Lori Torres,"675 Phillip Forks Ashleytown, MS 61280",1048.96,SKU#608fe08a986da43e511914797e9d2a7c,6135108581,09/22/2018,lbright@farrell.net
IID#cb97b848abcb6376d491ac6bd9cbeadd,15,Carmen Vazquez,"Unit 2003 Box 6956 DPO AP 00861",506.4,SKU#5cacb4805e5d8b17ef79665d09ca0797,1347941329,09/27/2018,brookemiller@hotmail.com
IID#e08f054a9532a59b7959490d78381a0d,19,Michelle Mejia,"022 Daniel Groves South Lauren, NJ 51444",2344.22,SKU#d567f75fba75ba13d448b5deaa208e67,9186169579,09/27/2018,bmcguire@yahoo.com
IID#8dd4724d79f733eca7409288ed9f63d5,7,Jamie Cervantes,"1175 Alexander Point Suite 582 Brownview, TX 92258",794.15,SKU#b43e3b0286664b420fa6ac3fe4cbff8b,9050429824,09/28/2018,ochandler@bennett.com
IID#b719d0bca554dd2a806edcc22a8dad63,17,Brian Graham,"830 Williams Burg Lauraview, FL 56637",1472.54,SKU#1ae17d4009cce51ba79fbfebd9b8a513,7268839615,10/20/2018,vegalaurie@gmail.com
IID#c3bb25abd94c91e19161ff2fb9ad9cd6,14,Tina Fleming,"020 Hart Walks Suite 097 Jamesview, FL 73319",682.2199999999999,SKU#348a9791dc41b89796ec3808b5b5262f,8695451321,10/29/2018,kknight@yahoo.com
IID#442f447dedf30e3a44cd5c05b803ac2e,9,Sean Miller,"763 Higgins Ranch Apt. 730 South Raymondview, WA 36133",1285.7400000000002,SKU#3253ce1786d33d345bb622d8fcbfb2a7,1466516430,11/05/2018,rivasstephanie@castro.com
IID#e96770587a2ba34c87b8cd218724e392,12,Jennifer Johnson,"2353 Harris Roads Suite 196 Lake Derrickview, CO 74571",920.52,SKU#e2c9d0c311b7e854df615f30999f1b7e,0781344027,11/10/2018,franklinkyle@gmail.com
IID#9edc2064cfa33f2f3852e611b7ba9377,19,Karen Martinez,"99261 Joshua Underpass New Alan, TN 43137",499.32000000000005,SKU#3e586cd8128ba5d03ccbc121909e7421,6105549167,11/12/2018,areeves@mills-lyons.com
IID#0294e70bfebdd2b0557a5742a0e186c7,12,Tim Bradford,"780 Rogers Walks Suite 241 Amandatown, MN 88931",382.79999999999995,SKU#8b12b848f1cc13d4eb4c4cb4e59dfd46,0208807195,11/13/2018,kimberly60@bell.org
IID#ab9841727998cf634f7c8be8687c7432,23,James Carlson,"293 Flowers Islands Apt. 224 Lake Robertbury, TX 16743",2903.98,SKU#7f2f60b8afdc6336bd5199d39140e790,5855711565,11/17/2018,parkerkaren@hughes.com
IID#f061194e7f5630e17c9036eea95c9cdc,18,Henry Stone,"06730 Stevens Flats Brandonbury, GA 57982",1155.6000000000001,SKU#57725904ea47601ccd29935de4ab1eac,3750311149,11/22/2018,kcarson@carr.com
IID#fe5d81189a9b8cfc8573adeec51c071e,22,David Simpson MD,"723 Timothy Lights Susanshire, HI 41731",3238.84,SKU#02bb51ad32f9e8b994209161b275d5f5,0188005183,11/22/2018,courtneymclaughlin@yahoo.com
IID#44bfa5b418ec6d797d98e69e4e376d65,18,Melissa Moreno,"7985 Flores Mountains Suite 296 West Melindastad, PA 57088",882.72,SKU#df096d542fa7fe37032f5d4828155ebc,6932057507,12/02/2018,ricenatasha@hotmail.com
IID#f0ef99869cb7611c49ed692b4663d9d9,15,Michael Brown,"00694 Brittany Shoals Suite 312 South Jacobville, NC 14857",979.8,SKU#aea2fa668453e23c431649801e5ea548,9475045773,12/03/2018,mitchellbriana@cox.org
IID#83637859f8d6601779228f957596e655,13,Lorraine Anderson,"USS Kidd FPO AP 45162",825.63,SKU#ed4e7f25c0c83d2426298402c6e9cbb4,1930551398,12/22/2018,osmith@yahoo.com
IID#d99d69243821cd80845a84693e8cb78d,16,John Arnold,"147 Travis Lights Apt. 526 Smithmouth, VT 77454",1727.52,SKU#ea520dfad40b4e1c1c6a749d82e4a2c1,1797859453,12/23/2018,jacksongabriel@gmail.com
IID#735854dc216b4624921a1230d7576b53,14,Hunter Cooper,"65940 Ward Mountain Suite 941 Anitachester, NM 87233",1452.08,SKU#4f77e9239aeae4a2e6712352bed67091,7598563085,12/25/2018,scottphilip@gmail.com
IID#c3c9ce8861afe97c24a55d9d7ac1bbc3,15,Joshua Ruiz,"PSC 9722, Box 0082 APO AA 36437",2217.2999999999997,SKU#84140d93cb404a51dfc0b21815b934c8,2044904461,12/28/2018,latoyayoung@yahoo.com
IID#ee3b01951b4c654e77e42c8e51b33749,15,Carolyn Young,"27970 Owens Loaf Floresport, MT 25189",1517.3999999999999,SKU#a6e63d588ff7c3fbb8704fa66bbd5fec,1458485117,01/01/2019,jeffrey34@brewer.com
IID#1a6dba104399834dafdd18933221d5e3,13,Joshua Smith,"0657 James Road Suite 521 Mccoyton, DE 22447",964.86,SKU#83a9475b33cad765c41dd3deb5be2254,9392917616,01/01/2019,brian54@yahoo.com
IID#16066d9d0453d5e41c47705025023706,18,Rachel Case,"66555 Russell Throughway Larrystad, WA 89297",2542.32,SKU#67f022b63ce6ae0602b1c26761f4f7ee,7520157291,01/02/2019,arthur23@green.com
IID#cb53904079f85ff68e329e81ad7ce478,22,Amanda Walls,"1669 Monica Court Apt. 689 East Kelsey, MS 04340",2400.8599999999997,SKU#99d47e45a30cb15418c49f7e087c9cc4,8342319079,01/13/2019,michael88@gmail.com
IID#6346fe3fc482d9643107f395e1d6b559,17,Benjamin Wright,"1374 Elijah Branch Suite 965 North Jennifer, OK 16963",1835.49,SKU#ea520dfad40b4e1c1c6a749d82e4a2c1,4612007360,01/22/2019,holly73@dominguez-williams.biz
IID#351dbd153744f097e75b3a6caa6605bb,17,Gary Santos,"3205 Smith Crescent New Edwardchester, AZ 28986",2375.07,SKU#27cf216aefe52d3245e88b0aa23a1677,5971551273,01/23/2019,deleonmadison@hotmail.com
IID#a4f5ce0a741015793a9210c53934d989,14,David Adams,"556 Sanchez Groves Graybury, MN 72982",896.28,SKU#23767199512e559bc0ad8c024ce107e5,1543633302,01/23/2019,shannonflores@hotmail.com
IID#58ffc298e35d89c717919c600adcfb0b,20,Sean Fuentes,"09262 Clark Road Port Jacob, NE 85482",1611.3999999999999,SKU#0e50034267efee4f7bcfd62dc1b5f809,5293656325,01/24/2019,vdavis@hotmail.com
IID#385496b14b6bc5cb9a56a1c88ad0a415,18,Shawn Freeman,"581 Newton Tunnel Candaceside, ID 92924",1165.86,SKU#23d7bbb69fe74c98ae030ff56c1a3b95,3997484462,01/30/2019,chadwilliams@yahoo.com
IID#32b1951f828f2af02b18c4f7b8c8254b,9,Terry Brown,"1589 Howard Landing South Rubenfurt, MT 99012",548.64,SKU#6ac0a150c33a548595395c755a7ebba4,5062981297,02/01/2019,torresbradley@yahoo.com
IID#6b725cf55e696f50c6b4085cfa784efd,13,Sharon Velazquez,"83968 Gina Squares Thomasmouth, OH 48742",1816.23,SKU#002d5910de023eddce8358edf169c07f,2893680906,02/02/2019,brett91@martin.org
IID#abd6b61991e0155d0530abe865e2d25f,9,Robert Bush,"PSC 0089, Box 4172 APO AA 54372",675.09,SKU#0a15f50911fbd69c7f0d921f313ce4db,9847941064,02/02/2019,matthewdorsey@gmail.com
IID#080a08a91879566bd5a982063add4876,27,Michael Ramirez,"15996 Smith Rapids Apt. 302 Mollyshire, MT 55664",3125.79,SKU#73b0769c7e1578ecab158382bd2ad1cc,8527697586,02/03/2019,andrea65@gibson.biz
IID#4fd6e293a8e01fbf673ffd0036a0fa2a,20,Megan West,"02231 Raymond Forest South Elizabeth, CA 31939",2662.4,SKU#3aaceebd65f0b79f9ae1718d3241bf37,1884624591,02/04/2019,patricia80@larsen.com
IID#2218fc669ce42603c72d860c7cc31c8b,22,Jonathan Everett,"0077 Erin Summit Suite 702 Shanetown, MI 60072",1965.26,SKU#f09f35a5637839458e462e6350ecbce4,5211981687,02/12/2019,ricardo47@velazquez.com
IID#f688684fd28f1116adc3f44a1b2bdfcc,23,Megan Simpson,"806 Robinson Wells East Paul, IN 88449",1279.95,SKU#8271cb2e6a546123b43096a2efce39d2,2380133583,02/13/2019,mbaldwin@yahoo.com
IID#358dd663f5d7e95a8a87004645c63a95,22,Roger Anderson,"897 Brown Shore Suite 743 Port Jasonport, NC 28911",2017.1799999999998,SKU#1dc439aca90bbdf4c4c9a31543252fe3,5956408441,02/14/2019,tammypreston@yahoo.com
IID#bf091165eb52830a569f42edecd8a22f,11,Christian Schroeder,"392 Ferguson Island Apt. 834 Port Linda, MO 75052",793.43,SKU#c5b7a97bda04c48435a145f2d1f9bb42,4009552315,02/21/2019,hannahbennett@hotmail.com
IID#ce87323ced7ca60534c454657dad650b,22,Julie Huang,"6756 Joshua Island Apt. 247 West Christopherview, IN 86402",592.9,SKU#5ff7d39f746825178890c870b0e6562d,0943842848,02/25/2019,mgreen@lewis.com
IID#076393a6535ef3d87d537f66333cb870,13,James Simmons,"3071 Haley Rapids Suite 826 Lake Colleentown, NE 01914",1507.87,SKU#645605496ac18d914435ec4427573da7,4249312899,02/28/2019,oreyes@henry.biz
IID#aa056ba75bb5f4bbe4949b8a05190ef8,21,Sabrina Green,"2630 Cooper Orchard Timothyshire, DC 05186",3028.83,SKU#83ac9b2246002e5bdb24b7d05a436007,4870612113,03/01/2019,santosmelissa@hotmail.com
IID#74acbf09da2f2cbd50185297aa66034e,14,Jennifer Watson,"60795 Deborah Turnpike Suite 740 New Anthonyfort, HI 13362",968.38,SKU#f615e219175d923e1a35183696a98c91,8325532846,03/01/2019,patricia39@ramsey-petersen.com
IID#e9050c4dcbc6c754d3dca61d0b59bf91,14,Christina Taylor,"USNS Greer FPO AA 45271",1742.4399999999998,SKU#2b33bff451316574ec905448efaad2bf,4627996662,03/02/2019,simpsonamanda@hancock.net
IID#657161672e5e36c7a47f4b9d7021ba60,15,Shannon Johnston,"064 Hernandez Roads New Toddville, TN 56501",1492.65,SKU#60ce29a6c4bb1d07174505537971423a,2180420005,03/07/2019,emily65@evans.biz
IID#06178691446d9f5b0fdd6e82fb287f31,20,Dr. Kristen Mccall DDS,"330 Angelica Forges Suite 077 New Shawnchester, NV 68541",1025.8,SKU#f9829991257177c85ba5bdeb6774126d,4440460656,03/10/2019,ronald26@stephens.biz
IID#60bcffc658a68289f57438ad0dfeaa7c,14,Laura Lewis,"USCGC Ortiz FPO AP 37483",595.98,SKU#bf471a8e510e61a31dfbb1696594d56d,3791546000,03/12/2019,gabriellaelliott@alexander-wood.com
IID#9a43473f6900e6781ff4688f96f9c0a6,25,Mrs. Misty Caldwell,"8085 Luke Squares Apt. 124 North Candacefort, IA 24916",2985.0,SKU#b3877309a41b936c83c6b26578f9ae2a,0366490054,03/15/2019,wbutler@yahoo.com
IID#01b97d1d9b7e9aa82a1fb2cad53310bf,17,Amanda Walls,"1669 Monica Court Apt. 689 East Kelsey, MS 04340",1983.73,SKU#49e885c1bd66fc43e856a00e59d71188,8342319079,03/15/2019,michael88@gmail.com
IID#9b4c8a5e36d3be7e2c4b1d75ded8c8a1,19,Robin Arnold,"394 Garrett Ferry Williamsbury, MA 60350",2268.6,SKU#b3877309a41b936c83c6b26578f9ae2a,0676737446,03/16/2019,ewalker@gmail.com
IID#c7319b7b662f043b2f30d13bb516dc63,18,Robert Gilbert,"50690 Timothy Curve Michealtown, NY 74411",2041.56,SKU#881996a3045c5de73795fa31aa6d10ef,2577232541,03/28/2019,walter94@gmail.com
IID#8faf946e3b2ac0584acaa411b5579c52,17,Cindy Walker,"4625 Michelle Summit Scottland, MD 67051",1487.67,SKU#43046e41072a4e97a0481d8d928b84d3,2640920051,03/30/2019,marissa04@gmail.com
IID#459fd716f273a7cef3cb4726e67c64a8,10,Andrea Perez,"7273 Duarte Burgs Brendaland, OK 34902",1336.2,SKU#df1692c9be09836b70cc7c40622d46db,9815231447,03/30/2019,pclarke@ward-miller.info
IID#6c7ccdd8393ec06a1978554ba006693d,20,Lisa Haley,"334 Courtney Trafficway Apt. 227 New Anthony, WI 48750",2545.2000000000003,SKU#4b4201042e41e0a6e066614a9d7a0584,7167766423,04/01/2019,tthompson@hotmail.com
IID#568c188a89175c17a5ea839304f3324f,16,Dawn Robertson,"332 Morrow Crossing Erikabury, TX 68991",875.68,SKU#eaed3e93aeb3c33f31c3b1e573974fdd,2675564121,04/05/2019,bfry@singh-peterson.biz
IID#dae4fec512a8194f5ffa74934fb171f1,16,Marcus Gomez,"09531 Bailey Courts Suite 359 Carrillomouth, NM 45778",1821.92,SKU#443e36e2a145d6a6dfa8fb6f120f0e1b,6812652412,04/06/2019,erin02@rivas.com
IID#5badd087a11e1feab714c05243f4dac1,18,John Bowen,"082 Harris Ridges Morrisburgh, HI 31634",2383.56,SKU#e2a482a3896964675811dba0bfde2f0b,6891600517,04/09/2019,rtaylor@hotmail.com
IID#01a86930512cce7d5d75cedbd6fa16f1,20,Adam Williams,"6189 Shannon Forest West James, WV 74970",2768.6000000000004,SKU#e33688bb1ac37935479d2776e748674a,2241556159,04/13/2019,kristanguyen@scott-lawson.com
IID#99f5875e6eb49540cf42d353d1922fac,15,Caleb Smith,"290 Christine Forks Suite 428 Norrisburgh, MD 00734",1483.0500000000002,SKU#b4b1cb3a3194e9d88e361273e66a1348,3454933185,04/19/2019,daniel61@hotmail.com
IID#dd913d7ddbdad1dc827b5fffe6c64d77,18,David Kidd,"693 Joe Forks Apt. 941 East Kristenburgh, DC 32468",1820.8799999999999,SKU#a6e63d588ff7c3fbb8704fa66bbd5fec,3594789332,04/21/2019,ecopeland@hotmail.com
IID#8fa13fa2115d9455f87c56bdbdd3ca9c,20,Brandy Clark,"29302 Jacob Ports Suite 998 New Amyport, NV 48852",1378.1999999999998,SKU#4d0b69927be3bc37da9b870cc65cb37f,8534479176,04/23/2019,hjackson@fox.com
IID#07700663f6282acb766d107bf9582f12,22,Shannon House,"Unit 5442 Box 8484 DPO AP 68740",1605.78,SKU#64321e9c7da09049fe84bd0613726226,0515979152,04/28/2019,brandonmurillo@nelson.com
IID#da5db164e8a2c0554c09c6916e7844ef,10,Ashley Burton,"Unit 9522 Box 8678 DPO AA 81287",1220.6,SKU#9639b2e7e5fe39d0f1770cad86f59b73,2675790367,05/02/2019,patricia42@gmail.com
IID#697fc5b4606fe8cd767bddd43c11101e,18,Sandra Livingston,"55434 Robert Ridge Suite 612 Beckfort, NJ 36250",1467.18,SKU#2c16868331f82ff43059dcb0ea178af3,8241179539,05/11/2019,ramirezmichael@neal.biz
IID#ff0bf049cc174cb568a97b552d740bb4,15,Douglas Lucas,"1850 Austin Heights Richardsfurt, KS 78185",1796.7,SKU#6a1d1570d7662ed0e85ac8ee278b4178,3089179771,05/16/2019,matthew24@allen.com
IID#7b27616b097f6c927c2fdd5071c8e7ca,12,David Andrews,"7371 Lauren Green Lake Brianstad, WA 65163",1682.3999999999999,SKU#53549731972ee564bcb8ca0cc2ba60b0,8733051572,05/17/2019,juliejones@rogers-gates.com
IID#71ca0896787db83bc1c44642ad8b3ef1,12,Brianna Greene,"4390 Curtis Hollow Apt. 675 West Samantha, NJ 74675",716.52,SKU#f536fbf78e26387affb82ee89943b870,4213247009,05/17/2019,phayes@hotmail.com
IID#c6b1b514a1ca7c41863f9135230629e7,19,Paige Patterson,"41684 Cline Burgs Suite 108 Lake Brenda, NH 78167",1786.57,SKU#fd4b38e94292e00251b9f39c47ee5710,9727844847,05/18/2019,greed@houston-livingston.biz
IID#3c2566ecb4720b86f4b780ba4fd696bb,10,Tamara Garcia,"32745 Jones Valleys West Christopher, TX 01496",1454.6000000000001,SKU#78d9c664c638a1d59b95c322a29da3f9,9303980837,05/23/2019,mirandakaufman@gmail.com
IID#cb751eac2434ff7e703e3e80a6a0921a,26,Jose Harris,"504 Monroe Run Suite 370 Denisemouth, WV 60558",2385.24,SKU#0efce63cf4c085888a2772125dfe7aaa,7427962511,05/25/2019,markolson@hotmail.com
IID#74eb758984b57deb211832c6848b7e1f,16,Lauren Carter,"10235 Valerie Ranch Apt. 115 South Debbie, NY 29105",1884.0,SKU#d900292143678bd768ab3fc620883eae,3907528712,05/27/2019,lopezandrea@gomez-hill.com
IID#e47f721cd7af064d915812c3426acd84,12,Lindsey King,"271 Patricia Skyway Lake Eric, WA 54367",1095.24,SKU#ccbdf684d154d86984b984bef22fb71f,1078214855,05/29/2019,arobinson@martin.com
IID#cd52301cc4dc0bf9519ddb7b035c3a56,18,Kyle Little,"8614 Brittany Falls Jamesmouth, RI 44387",1926.72,SKU#363c2e67f9e853fbc532d0b6404db30a,9911364445,05/30/2019,aaron64@yahoo.com
IID#a2bac76be8517b2cf77f418fe8f07d18,13,Austin Smith,"593 Andrea Courts Suite 859 Ryanview, NH 95232",1895.14,SKU#18b77975210f1e67cdeedc23056261f5,8453411119,05/30/2019,rachel18@gamble.org
IID#9a4ab8946ad63e14f5598fc533d1da90,12,Matthew Zimmerman,"851 Terry Station Apt. 493 South Kelly, VA 79467",1464.72,SKU#9639b2e7e5fe39d0f1770cad86f59b73,0925427948,05/31/2019,mindyguerrero@jimenez-simmons.com
IID#6e452ea08ee948deda840c234046ef8f,20,Angela Harris MD,"145 Brian Divide East Joseph, MI 57385",2383.0,SKU#f56ff7c1261e30d124fc64fd279d8eea,0533109673,06/02/2019,qholder@yahoo.com
IID#dd3b16d70db1de110fd54af997783cf2,16,Brandon Proctor,"05605 William Mews Apt. 625 Francoville, OR 50179",1148.96,SKU#1a6bf84723f4e07dc1f35f162acec19b,2404518198,06/14/2019,hhanna@gonzales.biz
IID#90818bb202a64d9f204c42b20966da2a,9,Sarah Martinez,"517 Donald Villages Henryport, LA 67252",911.61,SKU#790d869f1712d38358a3f692f5e1484a,5263929872,06/16/2019,jamescopeland@gmail.com
IID#41a3b21d7bcf6a980670a303fcfb3988,7,Michael Nelson,"02911 Perkins Haven Apt. 454 Morganside, MS 58966",622.51,SKU#b8f9731d34c384285638adb599028f86,0475829686,06/17/2019,david01@yahoo.com
IID#ad9197afb34f4c6120f573685e619d73,21,Robert Gutierrez,"143 Marisa Fords Suite 918 Timothyville, VT 96340",2646.84,SKU#c3cb46f9be79146ac74261975eedc107,0042692707,06/21/2019,lawrencefisher@buck.com
IID#78bbb98f7afc35b195485488fd2179f2,20,Kimberly Jones,"556 Jackson Squares Markside, ND 93989",2996.6000000000004,SKU#bb95a9de280c528c32806d0d5231de6d,8755362664,06/22/2019,ericsalazar@cole.com
IID#e39e707610b932ce0f0be7baccd0c609,20,Todd Thompson,"680 David Club Apt. 420 Edwardsville, NY 10974",2517.4,SKU#0f4a36c4a3ee08de2cb188696ee51696,1192508119,06/23/2019,oscar99@yahoo.com
IID#5d57f69e777f11a9f4a1ff848dc7a922,20,Johnny Smith,"USNS Fitzpatrick FPO AP 73798",1492.4,SKU#bd38f281632881248ac7f09eef8a6319,0710395905,06/24/2019,david93@yahoo.com
IID#85c3b03904a453b523fed123436a3b57,16,Marcus Foster,"5575 Diana Field Apt. 093 East Lisa, WV 97831",908.96,SKU#153a5896b15f08b9958895743d19f664,2374215881,06/28/2019,hgibbs@gmail.com
IID#564e57ac31b10db5c2e9fb9cf1b304cb,10,Tristan Petty,"081 Love Motorway Suite 382 New Ryanchester, CT 12287",883.6,SKU#ceb1e6764a28b208d51a7801052118d7,6574015691,07/01/2019,sbooker@yahoo.com
IID#e8865d3c7d42caa2b5f163a2eb7c66cb,19,Jeffrey Turner,"424 Wayne Court Mathisville, WY 89072",1544.7,SKU#861326059a7e2bc74172c2fe8a841ba8,3325004816,07/07/2019,leslie01@baker.com
IID#57b59e034011e5600db5a74b8ef3f00e,15,Craig Salinas,"2907 Larry Land Carrieberg, MI 28799",478.5,SKU#8b12b848f1cc13d4eb4c4cb4e59dfd46,4024837702,07/09/2019,rdoyle@palmer.com
IID#3bdcd82447a8565cbddff272896af053,15,Whitney Nguyen,"632 Bell Islands South Gordon, MT 67718",445.79999999999995,SKU#b2e7af997fe202d9bff8ff8b6db3dc1b,6676445641,07/09/2019,amyconway@hotmail.com
IID#3ef299f874a2c80ce70458e6a08f5ffa,10,Steven Coleman,"23115 Davis Coves Harrismouth, SD 84717",1385.3999999999999,SKU#c072964aec6ddebc13940bf3185213d1,2370920856,07/17/2019,omarlewis@hotmail.com
IID#33975cb86b6e5d65e055254357b8d762,15,Alyssa Luna,"9615 Arellano Glen Apt. 004 Vazquezmouth, AK 65521",1567.2,SKU#033a1a04a5f94953c8a388e39cb71013,9990272138,07/18/2019,smitheric@gmail.com
IID#52c253d2912fee41174549167d6a0e8b,14,Ernest Bates,"70252 Moyer Keys Joshuachester, VT 85468",1369.3400000000001,SKU#bfd65d647f641f4428afc786ee96c9f9,1783089589,07/18/2019,simmonslogan@davis.com
IID#b7e9b20f13b92d83079391e080a61862,12,Steven Johnson,"Unit 8949 Box 7679 DPO AA 37107",568.2,SKU#b2d9d5b06c044b2b0e6ecb4e66d28f1d,0668620085,07/30/2019,sallyhodge@cervantes-bennett.com
IID#63ed8a34ccc2ff79f7f4e7edb2e472af,18,Carmen Vazquez,"Unit 2003 Box 6956 DPO AP 00861",2888.46,SKU#47902827723dc1c2429c912746e28ac9,1347941329,08/01/2019,brookemiller@hotmail.com
IID#7d86800208137a0f28857b584b71fb3e,16,Michael Rodriguez,"87030 Edward Track West Kerryport, MT 52020",977.44,SKU#3855a48bda492173d92ea60e14af2730,1417313713,08/07/2019,sgilbert@hotmail.com
IID#f53d2156af05c48bf99e5e49c57203c3,7,Christina Lin,"800 Smith Plaza Suite 214 North Diane, NC 67687",324.8,SKU#421cd12b43e660f10da31bee36e85f4b,6400981865,08/09/2019,briggsjustin@lester.com
IID#46f8dd281d9c8910519003d4ba2a7b70,21,Christopher Smith,"6079 Brown Turnpike Suite 057 Markfort, DC 35935",3243.45,SKU#5632090e276f96fe6f833a2e0f75cdf9,7520229374,08/14/2019,zlynch@gmail.com
IID#9eeda003fa2f4319760556e378bc6032,14,Tiffany Thompson,"9792 Alexander Station Apt. 582 Lake Tommyton, IL 49349",1347.5,SKU#0bdc9969224bdff526cc6748cf8bd8c0,3302519668,08/22/2019,matthewlee@castaneda.com
IID#345b2fed82b1c88a209af6f1bf7c5ab3,14,Phillip Lee,"USCGC Jackson FPO AE 27916",789.74,SKU#7a092925340c3faec22d7576a4eb7c5f,5547411699,08/25/2019,annaflores@holt.org
IID#20cf240f2b0a14c1dc1e474a74cf7985,12,Tony Shah,"6658 Jesus Gateway Suite 337 Johnsonmouth, DE 82915",1807.56,SKU#7d3165882b27dc69918cc2de97baab96,0374996056,08/29/2019,garrisonjanet@gmail.com
IID#b0e435ae84017f0b000020953c589c1f,24,Cheryl Acosta,"55986 Wright Oval Suite 025 Johnsonshire, RI 84607",2310.0,SKU#0bdc9969224bdff526cc6748cf8bd8c0,9771748264,09/01/2019,schmidtnicole@morse.com
IID#e3efdd8a2e76b85db90887956d3af242,19,Margaret Shelton,"819 Alexander Oval Suite 898 Josephmouth, IN 31631",1867.1299999999999,SKU#f448a877f3d3f4b40a15fca17c62a2b5,8458161473,09/09/2019,jessicajuarez@yahoo.com
IID#9e297efc7a522480ef89a4a7f39ce560,13,Robert Stuart,"545 Williams Mills Suite 636 Davenportfort, DC 37051",1251.25,SKU#0bdc9969224bdff526cc6748cf8bd8c0,3269283561,09/09/2019,mezakathleen@stephens-ayala.com
IID#3d13be41af88ebd28915075a364c6d2f,5,Steven Preston,"523 Crystal Isle Apt. 264 South Lindamouth, SD 21910",727.3000000000001,SKU#78d9c664c638a1d59b95c322a29da3f9,4697392596,09/09/2019,opotter@franklin-parker.biz
IID#a0e37172993cc207c2016bdc13d0f7fd,19,April Newman,"301 Suarez Forks Apt. 657 Jamesmouth, SD 75561",1690.2399999999998,SKU#871bdd96b159c14d15c8d97d9111e9c8,2985082988,09/10/2019,andrewspencer@simpson.com
IID#3a3fe1e2369be5996d4fa29727603836,12,Christopher Cameron,"478 Henry Shores Lake Donnaborough, DC 90011",1266.96,SKU#3450caec0d21971e42a0f6947f5e4f1f,3879348682,09/13/2019,hgreene@brown.biz
IID#ab701f1bd2716d22aa51040215ec7ebb,16,Russell Orozco,"PSC 7566, Box 7656 APO AP 05525",993.44,SKU#f76f0a335388e887c2b67433c8541115,4142703893,09/22/2019,carloscantu@wright.net
IID#7a9f74faf57b8af54e3146ca2b6f8e3e,14,Steven Perez,"Unit 5207 Box 3925 DPO AA 73469",1440.46,SKU#4fb90e5f1623b15a43cc85e33b0aa82f,5452948792,09/25/2019,randy85@rodriguez.org
IID#b52815f34bae206407de6461d7cd94e0,15,Chelsea Williams PhD,"55122 Johnson Ford New Terrenceshire, CO 32678",584.6999999999999,SKU#f7458cbaa064f1b2ece4f685559cafac,8070469240,09/28/2019,carla38@yahoo.com
IID#a247ea2ae31697a28ec7bae8d1740eae,25,Michelle Cole,"300 Cole Loaf Brightport, ID 92113",3504.2499999999995,SKU#318840b8fbe9f8653acf4138329b0a92,6751889803,10/05/2019,gsavage@stafford.net
IID#b7593cc63e07a2900238da7ee627a4ac,13,Douglas Romero,"739 Toni Pass Suite 043 Davismouth, WI 99874",1056.8999999999999,SKU#861326059a7e2bc74172c2fe8a841ba8,3792240143,10/06/2019,cortezjessica@yahoo.com
IID#7a7f9c1c2bf2982b6d79f828e0f7cf79,16,Paige Meyer,"26889 Miller Parkway Suite 425 Brentchester, NE 51696",2016.16,SKU#bc6714be5c417fda4d3915f2eed0a6f5,2028707701,10/14/2019,jill82@gmail.com
IID#d2315bc66c638c273e412066a8560add,18,William Palmer,"52785 Stafford Path Apt. 493 South Stephen, MA 07350",653.04,SKU#ddfd9afa54d20919ae66441a744336f9,7022626404,10/15/2019,garrettmelissa@hotmail.com
IID#1c3f6667d880bbd0aca1bcb95a12e185,24,Darren Cook,"08520 Nguyen Inlet New Jasonland, DE 17110",1676.16,SKU#a6fdef745f091df850100797044448e6,0623168584,10/17/2019,lisa37@hotmail.com
IID#f28906e0fcbd35716030d1edf982def0,17,Courtney Deleon,"939 Kara Ville Apt. 590 Bowersbury, KY 35853",1830.22,SKU#c31dfcf948d8fbaffb2fc39e18001ea1,2319691413,10/20/2019,meagan28@hotmail.com
IID#b3cf9bbe10527c7be747bde3c14a548e,11,Michael Brown,"00694 Brittany Shoals Suite 312 South Jacobville, NC 14857",1525.04,SKU#3f7323acc829bc8b3799148d439b3d47,9475045773,10/22/2019,mitchellbriana@cox.org
IID#5183a4ee98d170058bc7c32e80b2b506,10,Marisa Perez,"0016 Ellison Spur Suite 175 Josephville, CT 56556",525.1,SKU#2b62a30906a2b8bf3b68abd2ef9d105b,6861484914,10/27/2019,cwilliams@mitchell.org
IID#5fb2b18806273519040b08082c446995,13,Tiffany Rogers,"808 Singh Meadow Suite 701 North Markfurt, VT 23464",1100.58,SKU#8ef3a35df8c4bda3d540914558124d67,1538663727,11/01/2019,jennifer08@sanders.com
IID#49e880f9280bc16dd448735245df1f8e,15,Richard Rodriguez,"32557 Perkins Square Port Joseph, AZ 33006",2229.6,SKU#7c909b3e2820c8b47ed418753698a6da,5452304420,11/05/2019,hpeterson@joseph.com
IID#661fd53fb38677a00f88cf6164d577dd,24,Katherine Hill MD,"185 Adams Falls Suite 208 Walkerside, UT 04465",1848.0,SKU#004955e30603d8c06c1ff917736eb418,1450176043,11/05/2019,benjaminmatthews@martin.biz
IID#499af3cd63b369bbe277900a1804ee5d,18,David Webster,"381 Tim Pine Suite 142 North Sonia, KY 09564",2336.94,SKU#f2f0de3c63af000f2f90354e7438afc3,1667405992,11/08/2019,ericlewis@nelson-newton.com
IID#28be568389e5787f0599dfae41ce7f4f,12,Nancy Hernandez,"98067 Griffith Estates Apt. 568 Gravesstad, MO 86330",1209.72,SKU#d7a651527e52d575474b1f923d60d904,4849265632,11/25/2019,scotthernandez@gmail.com
IID#c82c0dbe8d89153ae97204a2043f6bfa,15,Christopher Nolan,"9511 Robert Spurs Apt. 462 North Kelly, NE 67987",485.54999999999995,SKU#cd712d66af0c4cb9679423c976a2ca45,3268552727,11/27/2019,cbishop@garza-perry.info
IID#264b7d7cd04cd044fed00db0fd795a8c,17,Tammy Henry,"662 Ramos Dam Suite 073 West Brucebury, HI 09755",1657.5,SKU#6100ca818d4e71ce540663f9a2406ca4,0770553482,11/28/2019,nancy45@ward.info
IID#311e9e6dbc5e0517aa6e92207ff38bc5,15,Melinda Hughes,"4330 Erica Radial Jameschester, NY 86492",1566.0,SKU#3905c62201a248ec1c59ea0c0f117117,6982726704,12/01/2019,jaredmunoz@hotmail.com
IID#d7019426f70670f9411aa883c351cfa6,14,Alicia Lopez,"43702 Martinez Divide Suite 397 Lake Karentown, ND 62391",735.14,SKU#2b62a30906a2b8bf3b68abd2ef9d105b,8392784184,12/02/2019,thomasbrian@stewart-bennett.com
IID#f73b5ec9c3ba515380dd028a5a4fddee,18,Rhonda Glenn,"30482 Stephen Plain Apt. 111 New Matthew, VT 78439",772.3799999999999,SKU#d8b90f204f012b6fefa4fd49635d851b,8899741132,12/15/2019,mendezheather@gilbert.org
IID#f30fdc29d226add50920e2db1e3c957a,14,Cynthia Butler,"3217 Calvin Shoal Brendanshire, MO 32888",2124.92,SKU#7932190646d24e951872b8885857ebde,8541802095,12/23/2019,matthewbauer@robinson.org
IID#f6c1157b507243aef44c49eeee664f44,4,Megan Simpson,"806 Robinson Wells East Paul, IN 88449",475.2,SKU#ecd0f02b413c556a1402880dd4e4fe79,2380133583,12/23/2019,mbaldwin@yahoo.com
IID#aa0f0a98ed2cbf415549e981cd4342a0,20,Mark Shaw,"0891 Meagan Keys Port William, SD 55009",2425.4,SKU#cafc2a2dde2f05e2a60677690d2ca245,4245068980,12/25/2019,scottkim@hotmail.com
IID#f522066cb89626495828f58626e3e506,18,Alexander Melendez,"90849 Robert Forest Apt. 679 North Nicholasburgh, NM 76441",730.26,SKU#3cc6142f4b034d89493334655228d611,8832112144,12/26/2019,eandrews@gmail.com
IID#da3865aab6a920e7cbf145dd024013d6,24,Patricia Allen,"634 Murphy Via Donaldfort, DC 06992",1214.4,SKU#70a5b182abcabd5413836e3bf1a60299,8834114019,01/05/2020,ydavis@gmail.com
IID#f7cde4335c4b4ad60f87fc8a7140ed51,15,Ryan Burke,"278 Patty Heights South Thomas, HI 31749",1559.55,SKU#e66d4ab75e9862302da5825bbf066c5e,7046609831,01/05/2020,kathleen39@gmail.com
IID#a862e388ac72833490b74474681365f9,20,Phillip Harrison,"13212 Greer Curve Webbside, SC 18346",1677.4,SKU#6a2285a6f0b2b944827a2df7c8e4e486,9863488496,01/07/2020,evansbryan@hotmail.com
IID#d8e6662ff73fd01d5f911098a718907c,12,Francisco Phelps,"480 Chan Groves Kirkview, PA 87323",1702.3200000000002,SKU#441018525208457705bf09a8ee3c1093,6621803334,01/13/2020,rojassandra@reyes-hernandez.com
IID#ac1c10dcd5e5cb7d585a097dbb5f7977,14,Regina Davis,"90401 Colton Islands Apt. 978 Nicholasfort, AR 82827",2233.0,SKU#e7b188938a141c90dda76cc258c01f8b,3496174436,01/15/2020,oshah@yahoo.com
IID#45a2d0d34a190b791aa1e6f8e0bc8d7d,18,Chelsey Ashley,"0558 Angela Road Scottfort, MO 56316",1624.14,SKU#cb6e900d82976474d5ff525aa0ee2a77,4150630132,01/16/2020,mitchellrobert@gmail.com
IID#8211c81fa44ee490ac97060687cfb9f4,20,Paige Patterson,"41684 Cline Burgs Suite 108 Lake Brenda, NH 78167",1100.6,SKU#b1fec41621e338896e2d26f232a6b006,9727844847,01/24/2020,greed@houston-livingston.biz
IID#4309faa2e17b9eae8c7ede3a4251545c,21,Jonathan Morgan,"585 Hall Courts Apt. 201 Sweeneytown, VT 37421",2247.84,SKU#363c2e67f9e853fbc532d0b6404db30a,7350657287,01/27/2020,james16@hotmail.com
IID#6ae03721266ab550d1d60fb0a3457e7c,18,April Newman,"301 Suarez Forks Apt. 657 Jamesmouth, SD 75561",2532.6,SKU#d856b2079a58090623063f7c209ba9d7,2985082988,01/28/2020,andrewspencer@simpson.com
IID#448efa424d33ef3ca6af9926deb6e370,9,Amber Jones,"568 Michaela Roads East Katrina, DE 77649",469.71,SKU#38cb782b7a81d1914df7b3bb4457e412,3377256954,02/05/2020,combsbrett@ho.com
IID#5ecaf571509d59ca10a0a54f7d913a83,22,David Diaz,"8536 Susan Course Mariaton, LA 30379",1169.96,SKU#dbc7cd01110560706c0574ecb971e5d5,3023478364,02/08/2020,avilajessica@gmail.com
IID#98d3601d0a8e7f670f8a371a7d0bd9ae,23,Krista Smith,"35483 Martinez Camp Suite 227 Carpenterfurt, WA 41380",2018.48,SKU#7138c6b2c2310bdbe9ebd602467405c6,6170418298,02/09/2020,davidcardenas@hotmail.com
IID#49313a1534e427dd4bd4a52ccc85fb8e,9,Brittany Foley,"094 Michele River Apt. 633 Leonardton, WY 07200",1109.1599999999999,SKU#15120767b40b12ccc180202acd5b968a,0691343067,02/09/2020,wmurillo@wallace-jenkins.com
IID#62c64c89fe01a893a29a2896857f5e54,15,Leah Marshall,"054 Thompson Lakes Parkerton, SD 04513",1141.05,SKU#8e9d6c6d61e72b094ff58e3d75a99a83,4208682499,02/17/2020,cynthia05@martin-jones.info
IID#2828907ecf5ae09fe7fb910c6363966d,22,Renee Wilson,"2631 Steele Landing Suite 274 Collinsmouth, NM 18846",435.38,SKU#87ec4282bbdaab6f103491b97865a217,9263672417,02/23/2020,steven15@clark.com
IID#d678c943f9a852e3c22b9a28754a91b0,10,Chelsea Peterson,"8063 Ashley Street Port Kelsey, NV 45689",685.9000000000001,SKU#5363c96604a0db55e0fafc787385e36b,4180596228,02/24/2020,gilesjoshua@yahoo.com
IID#ea62e2a5fc19e6bd1a098e6f1d99f22f,14,Rachel Jackson,"8377 Bartlett Light Apt. 392 Bryantside, OR 80578",2097.6200000000003,SKU#bb95a9de280c528c32806d0d5231de6d,9860110628,02/24/2020,carpenterkathleen@duncan.com
IID#150a9a1694ef0ba0dc9ee5466185dbe0,11,Jennifer Watson,"60795 Deborah Turnpike Suite 740 New Anthonyfort, HI 13362",1333.97,SKU#cafc2a2dde2f05e2a60677690d2ca245,8325532846,03/03/2020,patricia39@ramsey-petersen.com
IID#7566c6f8e4308f7e71faf604d3505ca8,20,Steven Lawrence,"570 Mary Loop Suite 341 New Dillon, HI 37798",1953.8,SKU#7b86d9557fe2ec804e5ebeab0f1c39d6,0046970890,03/04/2020,umosley@frederick-jones.com
IID#56ac9fe1f3afb9d2ab3721f37dcb77a8,14,Alex Hayes,"PSC 9609, Box 9612 APO AE 87157",1628.48,SKU#dc30309781dc98cce673a1a2091b7954,3191277522,03/05/2020,ascott@warren-johnson.com
IID#dff5b4d54924ff5cf19cfc7f5122f935,20,Heather Delgado,"3395 Brown Camp Jasonstad, MA 87289",1433.0,SKU#a9e88c2128e707d31a759333fd7b2bd7,9957023449,03/06/2020,rrobinson@gmail.com
IID#c0977eb700a3c7a601fa67fb846a2e14,27,Michael Davidson,"15202 Johnson Street Suite 552 Toddtown, DC 60589",2224.8,SKU#f7ea476ffac36f9a1d4915a18d79dbf8,1102218078,03/07/2020,hernandezmichael@patterson.com
IID#530d117a099f1325d0f65d3e665fc81c,13,Stephanie Brown,"PSC 6572, Box 7042 APO AP 39385",908.3100000000001,SKU#9fdedcb815fb656c25878b5ec7c29fec,5431883442,03/12/2020,bhernandez@watson-floyd.biz
IID#9e21e5ef975f8b4950743073838beb9d,17,James Farrell,"4977 Duncan Route Caitlynview, IA 03919",2729.86,SKU#49a599e1d83dba28fc110fbde5e42340,0315046544,03/15/2020,simpsonstephanie@parker-kelly.com
IID#36996a9cc446ce110f5a87375c0a96a6,20,Susan Simon,"665 Brittany Run Suite 831 New Stacy, TN 30049",2272.6,SKU#04dbc66d8e4559769bb38a92cd6f7d9d,4914429500,03/19/2020,scott99@yahoo.com
IID#10bbb7000c318ff7443cf438e398729f,13,Terri Fowler,"0341 Meyer Viaduct Apt. 474 Williamton, ID 64558",2026.1800000000003,SKU#91e913c8353cd64e9a401b93b1071e15,9928650815,03/19/2020,meganwright@jarvis-smith.com
IID#d6b82af9b2c53c35f32991339625a559,15,Jose Jimenez MD,"4740 Courtney Motorway Brianburgh, LA 12991",2157.4500000000003,SKU#668765baf858733a6f53e53dd878755c,9609569570,03/21/2020,michelle20@gmail.com
IID#7d45c906cf399636d58c8a81946e501d,17,Desiree Yu,"722 Moore Grove Danielberg, DC 30786",729.4699999999999,SKU#d8b90f204f012b6fefa4fd49635d851b,1717854946,03/22/2020,vbrooks@gmail.com
IID#eeee07d8716fd130160517e536dde09d,12,Douglas Lucas,"1850 Austin Heights Richardsfurt, KS 78185",1011.36,SKU#345f88ce26c8fc82bc36f330303c1068,3089179771,03/28/2020,matthew24@allen.com
IID#4f43a4a17dec43898f2ef8bc1bd54b79,17,Jamie Cervantes,"1175 Alexander Point Suite 582 Brownview, TX 92258",633.08,SKU#5d9e9d21b9c597f74c4e4b41dfd9a6ee,9050429824,04/04/2020,ochandler@bennett.com
IID#8fae6b11914d2e169920ad325a51c98b,12,Matthew Miller,"24874 Michelle Burgs New Lisamouth, CO 85502",1676.52,SKU#002d5910de023eddce8358edf169c07f,6940222487,04/18/2020,bellderek@mccoy.biz
IID#ed2ae8361c5d46a4188e3526d4e88717,10,Jessica Williams,"43044 Michelle Parks New Bethanytown, NJ 99313",640.1999999999999,SKU#23767199512e559bc0ad8c024ce107e5,4998965202,04/26/2020,katrina29@yahoo.com
IID#b1f8fa945e2079f15b5a4ffc84b9e137,13,Melvin Johnson,"346 Lucas Extensions Suite 423 Wilcoxchester, MN 23092",935.22,SKU#fb81d628255e2a9b08e67cdbf462093d,1908062512,04/26/2020,iholland@walsh.biz
IID#ee5504c7564882d4da07e9bee8c981f1,11,Cameron Mckee,"PSC 5767, Box 5687 APO AA 92019",1753.51,SKU#515be8ee228ed2e93b2e746b70827020,9492577033,04/30/2020,eobrien@jones.info
IID#9b6ac549b217e027b7ff99a0fcf050e5,16,Steven Johnson,"Unit 8949 Box 7679 DPO AA 37107",434.72,SKU#a00c4336b61933a3b7eed1304d15427c,0668620085,05/05/2020,sallyhodge@cervantes-bennett.com
IID#4969bc9612d14f6bb5c9f5599f94f3b2,19,Donald Jacobson,"56351 Timothy Fall Suite 001 Garrisonburgh, TX 53993",1514.11,SKU#d0439fd37b50bf9818f12d47dc2dea78,4749374984,05/09/2020,alexander03@clark.biz
IID#b599bc45d4fb9d32f78945ad8dc7be94,17,Michael Ramirez,"15996 Smith Rapids Apt. 302 Mollyshire, MT 55664",1167.22,SKU#66663b7d29e1bcbcfabbf26496f44d28,8527697586,05/19/2020,andrea65@gibson.biz
IID#6a1b287cdb0b2554642735c1b5c844b1,18,John Hernandez,"8042 Sue Light South Michellebury, VT 21454",1779.3,SKU#eecae68e4f9ee6f037742aac8f36cc1b,6775322661,05/24/2020,paula97@tucker-le.com
IID#83638a724bc69d0ae4d6592f2f981809,18,Brandon Holder,"Unit 5200 Box 4960 DPO AP 86003",805.86,SKU#38490d424e2b4ffc307b6b1a17c4b560,9667190120,05/27/2020,tonihoward@cooper.info
IID#70a2cb10fc8b07eea43c282f563c2d11,19,Diane Pace,"USS Johnson FPO AP 36097",1921.66,SKU#60277079fca3996d910efdfa812dac81,4854142707,05/31/2020,jeffrey52@yahoo.com
IID#017813103ef615c6e4e41c106f0d8540,14,Jenna Kelly,"56024 Hudson Station Lake Katherine, OR 60049",1110.8999999999999,SKU#23c4b75a013f079d2b01dd6d9cb25855,1436704258,06/06/2020,larrycohen@williams.com
IID#42b0c50842ca6c31d1179db0a45a2a51,9,Angela Houston,"7696 Lisa Track Apt. 724 Buchananberg, OK 27532",242.54999999999998,SKU#5ff7d39f746825178890c870b0e6562d,5588807585,06/06/2020,cortezlisa@yahoo.com
IID#e7ed1dfd7ee4c3554c342aa77ecd9e7b,20,Catherine Brown,"USS Buck FPO AE 61355",1755.2,SKU#7138c6b2c2310bdbe9ebd602467405c6,2221672470,06/10/2020,christopherthompson@yahoo.com
IID#c9bc6e03a79011165a4f4925fcf4d38a,14,Karen Gibbs,"684 Park Lane Woodberg, MT 94892",1646.26,SKU#862dec5c27142824a394bc6464928f48,7452961327,06/12/2020,howardkatherine@jordan.biz
IID#9cc3bd62afcb768e96949f22b8cfe77b,4,Amanda Mcguire,"7864 Kevin Islands Apt. 954 Belindaton, AZ 75155",643.72,SKU#b54b9c5d611b062aea9d8ec0d192335d,4749995277,06/13/2020,edwinclark@ortiz.biz
IID#3334bf919a054dabb4ee97c1e16a98c1,10,Elizabeth Johnson MD,"40220 Paul Burg Apt. 352 East Sheriton, VA 99423",1044.0,SKU#3905c62201a248ec1c59ea0c0f117117,1347660482,06/13/2020,smithfrancisco@west.net
IID#8b5f37d7f6676c7a303a37abae3f86e8,22,Tara Sims,"21420 Johnny Field Suite 641 Port Michael, OH 90011",2505.1400000000003,SKU#443e36e2a145d6a6dfa8fb6f120f0e1b,0572496118,06/17/2020,johnmartinez@gmail.com
IID#f1e581f443a21c3432c51c370313cc7d,19,Michael Ramirez,"15996 Smith Rapids Apt. 302 Mollyshire, MT 55664",1372.18,SKU#9a921c4351f15b4a634f0d4ba412952e,8527697586,06/18/2020,andrea65@gibson.biz
IID#4161f19fed82fd2c937291775bfa7891,10,Elizabeth Lawson,"95282 Michael Glen Suite 216 Jamesfurt, AL 61002",1105.5,SKU#14f0fa909920cc3feb6f0868f38b685b,3663517608,06/25/2020,sheppardcody@meyer.com
IID#d3584ce7db1ca434be337945d696e7b1,14,Noah Booker,"01594 Schroeder Skyway Suite 766 Josephshire, VT 69046",640.9200000000001,SKU#5a6d370429f1349fa2f3af3cc2a25c17,7383083144,06/28/2020,hpatel@wilkins-kemp.com
IID#bb1a8b61b7623d53632d17890fe37f4c,12,Adam Brown,"7775 Mary Pike South Nathanchester, KY 20198",695.04,SKU#189a804eaa46ce838e487ab062642981,5980866700,06/29/2020,dmiller@lawson.com
IID#292fe3dd51070498839f2e691e02b82a,25,Ashley Olsen,"098 Owens Ramp Apt. 483 South Dawn, MO 90789",2943.75,SKU#d900292143678bd768ab3fc620883eae,1303832380,07/01/2020,brownjennifer@davis-mcknight.info
IID#e0f70fb55a81dc5df1b04d1da92b75dc,9,Raymond Lowe,"PSC 2317, Box 2998 APO AP 94254",279.18,SKU#a52c992bc5dc473ecd270171c509aa3d,4533189587,07/03/2020,rogersheidi@gmail.com
IID#558539350ddde2e755308d4dfe8d3fdc,7,Theresa Martinez,"88048 Edward Mission Apt. 910 Lake Paul, AL 08981",666.82,SKU#8ce7d47c5ab49882e676ea7cb572069b,9832339293,07/08/2020,schultzpamela@rodriguez-taylor.com
IID#d24c3471c68523e30e8df72baffa4e7f,24,Marcus Foster,"5575 Diana Field Apt. 093 East Lisa, WV 97831",809.28,SKU#65c21e8717a63abd00b80362511566f5,2374215881,07/11/2020,hgibbs@gmail.com
IID#bb334baac2f3846e7343e1132a261aa5,8,Anna Jones,"28471 Wallace Branch Apt. 559 West Joshua, LA 62487",1001.84,SKU#97282b0e263c50158e7a172121775f44,8428885983,07/28/2020,henrysteven@rodriguez.com
IID#6ceacd1cbfd239dca0f40459aeccf05a,14,John Johnson,"77820 Maria Highway Lake Stephanieport, HI 69303",2034.3400000000001,SKU#aceb486e7e4b2d2f1c5f2328b503502b,5990156489,07/29/2020,carlosedwards@hotmail.com
IID#66e893763667a47159569a9d643c3d57,16,John Dominguez,"1632 Richard Bridge North Rebecca, MS 43470",1741.6,SKU#30746881da58fa0e6b7786a056bda009,6674328084,08/04/2020,ibowers@hotmail.com
IID#dafe6f9ac0b91cdfa9573807d0ebc251,21,Shannon Warren,"5087 Dixon Divide Suite 180 North Stacey, MD 72765",1000.23,SKU#de3c77e86c8f132cb67976814a901841,5408784849,08/15/2020,ethanhale@hotmail.com
IID#3e92d3a97f1771131e8c121c6e620737,11,Adam Smith,"644 Brenda Tunnel Elizabethborough, WI 94431",323.73,SKU#36ab5bbc84127288a4bfbab259005f93,6099946807,08/17/2020,liualan@yahoo.com
IID#5697ea25bda4adf65cc3259dc2ab2d3f,21,Scott Brown,"975 Mitchell Throughway Apt. 835 South Erica, HI 07746",1470.21,SKU#aa05044356e8e196bac7ada1f2a4778f,3176918140,08/18/2020,nparks@hotmail.com
IID#fb2dfc01e83041cf5a327484c6787402,15,Laura Lewis,"USCGC Ortiz FPO AP 37483",703.05,SKU#aed5961c4113ee9f2b80fdd169aec412,3791546000,08/20/2020,gabriellaelliott@alexander-wood.com
IID#4190b34999097d5b78a6cf6aa76301ef,12,Tiffany Thompson,"9792 Alexander Station Apt. 582 Lake Tommyton, IL 49349",1702.6799999999998,SKU#fc2da7dc4f022c1085b3d00d57a6791c,3302519668,08/21/2020,matthewlee@castaneda.com
IID#45ee3913c69304d186e8b9d6830a9742,12,Elizabeth Lopez,"582 Miller Lake North Juliafurt, MD 55399",337.44,SKU#8c3dd65e8c58f99f970296b73a6be417,3655619780,08/21/2020,garciaperry@yahoo.com
IID#2e73b87dac50cd4a1292c297c97634b1,22,Lauren Morris,"658 Kyle Row Suite 256 Lawrenceshire, ID 36032",482.46,SKU#fd1ebd64b5488420ccaef55d35316a5d,5007692859,08/28/2020,christine69@hotmail.com
IID#7a321e6f3f8a2089df9a01238f79feaf,15,Christina Keith,"7664 Timothy Stream Lake Nancyborough, OH 59954",2022.6000000000001,SKU#884bb48a55da67b4812805cb8905277d,6855765182,09/07/2020,carlacarter@hotmail.com
IID#dc556792b62c9db91a982898ff71ffc8,18,Lisa Giles,"8238 David Radial Suite 618 Maynardland, NC 31507",1252.8,SKU#1e50d8c9ce91b1245201ac0097987478,1066145703,09/16/2020,robertosborne@crosby-wolf.com
IID#d27b7f138b24b5bc5b8bfcfe94937280,17,Tina Kelly,"7858 Brown Plaza West Bradley, OK 47269",1849.43,SKU#6995ecc80f661f51b5f3a40dca5df020,5248137387,09/19/2020,vazquezsamuel@williams.com
IID#d59d1f1ab9bcd28e004a413c1d5f0ec4,17,Michelle Higgins,"714 Mindy Inlet Apt. 956 Port Vernonborough, NM 85033",624.41,SKU#ca9c491ac66b2c62500882e93f3719a8,7690618936,09/20/2020,dmartinez@lopez.com
IID#4b4800c7aade9d1804cf8633deb318a9,20,David Smith,"06004 Danny Fields Suite 403 Lake Amytown, HI 04095",1760.3999999999999,SKU#1bfac55f37835bdd353e49156690f8b3,6389542735,09/21/2020,cherylbaldwin@schwartz.info
IID#5b5d5c59281235460f4c1de060d80600,22,Katherine Nguyen,"972 Moreno Circles Jessicamouth, LA 19971",1376.54,SKU#ad4fd54959a373dca092b5333ae4310b,3402245719,09/23/2020,jasondaniel@hotmail.com
IID#1b9566a98c65d8ca35271032fa35fed1,20,John Smith,"6626 Padilla Court Suite 009 Lake Michaelville, GA 18266",1116.0,SKU#7d0a27db87cbd4243eacad312e5d7f41,5236451383,09/25/2020,samantha59@hotmail.com
IID#e7b5c2e2c3c5695080cc8311364446aa,21,Alexa Rivera,"55232 Alex Curve South Heather, DC 98356",2787.12,SKU#b4052c951a5d5df0482bec08dcd1a1d9,1549822263,10/03/2020,michelegonzales@osborne-jackson.com
IID#48ac5d81ddd0de1e326b80d4120080f2,25,Thomas Strickland,"932 Jennifer Junctions Jodiport, IN 25699",1677.4999999999998,SKU#6d6746c8f9b9a672e1dddfbba370b679,9680664970,10/07/2020,scott15@gmail.com
IID#a371492f16c0940507435909603efe88,17,Shawn Freeman,"581 Newton Tunnel Candaceside, ID 92924",1036.32,SKU#6ac0a150c33a548595395c755a7ebba4,3997484462,10/12/2020,chadwilliams@yahoo.com
IID#906eba5ec33b5ac23c5b690f571bc8c2,15,Rebecca Trevino,"695 Trevino Forge Apt. 951 New Joshuachester, DC 15011",1159.65,SKU#e9212713a55c3fce07707c9adb0809b3,8057300705,10/14/2020,john17@yahoo.com
